
 /----------------------------------------------------------------------------\
 |  yosys -- Yosys Open SYnthesis Suite                                       |
 |  Copyright (C) 2012 - 2026  Claire Xenia Wolf <claire@yosyshq.com>         |
 |  Distributed under an ISC-like license, type "license" to see terms        |
 \----------------------------------------------------------------------------/
 Yosys 0.68+ (git sha1 a5af9d690, Release, GNU /usr/bin/c++ 11.4.0) [github.com/The-OpenROAD-Project/yosys at HEAD]

-- Executing script file `scripts/reg_io.ys' --

1. Executing Verilog-2005 frontend: rtl/img_filter_def.v
Parsing Verilog input from `rtl/img_filter_def.v' to AST representation.
Successfully finished Verilog frontend.

2. Executing Verilog-2005 frontend: rtl/img_filter.v
Parsing Verilog input from `rtl/img_filter.v' to AST representation.
Generating RTLIL representation for module `\IMG_FILTER'.
Warning: Replacing memory \part_q with list of registers. See rtl/img_filter.v:628
Warning: Replacing memory \pair_q with list of registers. See rtl/img_filter.v:618
Warning: Replacing memory \a_sym with list of registers. See rtl/img_filter.v:188
Successfully finished Verilog frontend.

3. Executing HIERARCHY pass (managing design hierarchy).

3.1. Analyzing design hierarchy..
Top module:  \IMG_FILTER

3.2. Analyzing design hierarchy..
Top module:  \IMG_FILTER
Removed 0 unused modules.

4. Executing PROC pass (convert processes to netlists).

4.1. Executing PROC_CLEAN pass (remove empty switches from decision trees).
Cleaned up 0 empty switches.

4.2. Executing PROC_RMDEAD pass (remove dead branches from decision trees).
Marked 1 switch rules as full_case in process $proc$rtl/img_filter.v:669$313 in module IMG_FILTER.
Marked 2 switch rules as full_case in process $proc$rtl/img_filter.v:652$307 in module IMG_FILTER.
Marked 1 switch rules as full_case in process $proc$rtl/img_filter.v:549$300 in module IMG_FILTER.
Marked 1 switch rules as full_case in process $proc$rtl/img_filter.v:508$287 in module IMG_FILTER.
Marked 1 switch rules as full_case in process $proc$rtl/img_filter.v:494$283 in module IMG_FILTER.
Marked 1 switch rules as full_case in process $proc$rtl/img_filter.v:487$282 in module IMG_FILTER.
Marked 2 switch rules as full_case in process $proc$rtl/img_filter.v:474$276 in module IMG_FILTER.
Marked 3 switch rules as full_case in process $proc$rtl/img_filter.v:439$264 in module IMG_FILTER.
Marked 5 switch rules as full_case in process $proc$rtl/img_filter.v:267$222 in module IMG_FILTER.
Marked 1 switch rules as full_case in process $proc$rtl/img_filter.v:197$177 in module IMG_FILTER.
Marked 2 switch rules as full_case in process $proc$rtl/img_filter.v:186$24 in module IMG_FILTER.
Marked 1 switch rules as full_case in process $proc$rtl/img_filter.v:157$20 in module IMG_FILTER.
Removed a total of 0 dead cases.

4.3. Executing PROC_PRUNE pass (remove redundant assignments in processes).
Removed 2 redundant assignments.
Promoted 183 assignments to connections.

4.4. Executing PROC_INIT pass (extract init attributes).

4.5. Executing PROC_ARST pass (detect async resets in processes).
Found async reset \rst_n in `\IMG_FILTER.$proc$rtl/img_filter.v:669$313'.
Found async reset \rst_n in `\IMG_FILTER.$proc$rtl/img_filter.v:652$307'.
Found async reset \rst_n in `\IMG_FILTER.$proc$rtl/img_filter.v:549$300'.
Found async reset \rst_n in `\IMG_FILTER.$proc$rtl/img_filter.v:508$287'.
Found async reset \rst_n in `\IMG_FILTER.$proc$rtl/img_filter.v:494$283'.
Found async reset \rst_n in `\IMG_FILTER.$proc$rtl/img_filter.v:474$276'.
Found async reset \rst_n in `\IMG_FILTER.$proc$rtl/img_filter.v:439$264'.
Found async reset \rst_n in `\IMG_FILTER.$proc$rtl/img_filter.v:267$222'.
Found async reset \rst_n in `\IMG_FILTER.$proc$rtl/img_filter.v:197$177'.
Found async reset \rst_n in `\IMG_FILTER.$proc$rtl/img_filter.v:186$24'.
Found async reset \rst_n in `\IMG_FILTER.$proc$rtl/img_filter.v:157$20'.

4.6. Executing PROC_ROM pass (convert switches to ROMs).
Converted 0 switches.
<suppressed ~525 debug messages>

4.7. Executing PROC_MUX pass (convert decision trees to multiplexers).
Creating decoders for process `\IMG_FILTER.$proc$rtl/img_filter.v:635$3749'.
Creating decoders for process `\IMG_FILTER.$proc$rtl/img_filter.v:631$3744'.
Creating decoders for process `\IMG_FILTER.$proc$rtl/img_filter.v:635$3743'.
Creating decoders for process `\IMG_FILTER.$proc$rtl/img_filter.v:631$3738'.
Creating decoders for process `\IMG_FILTER.$proc$rtl/img_filter.v:635$3737'.
Creating decoders for process `\IMG_FILTER.$proc$rtl/img_filter.v:631$3732'.
Creating decoders for process `\IMG_FILTER.$proc$rtl/img_filter.v:635$3731'.
Creating decoders for process `\IMG_FILTER.$proc$rtl/img_filter.v:631$3726'.
Creating decoders for process `\IMG_FILTER.$proc$rtl/img_filter.v:635$3725'.
Creating decoders for process `\IMG_FILTER.$proc$rtl/img_filter.v:631$3720'.
Creating decoders for process `\IMG_FILTER.$proc$rtl/img_filter.v:635$3719'.
Creating decoders for process `\IMG_FILTER.$proc$rtl/img_filter.v:631$3714'.
Creating decoders for process `\IMG_FILTER.$proc$rtl/img_filter.v:635$3713'.
Creating decoders for process `\IMG_FILTER.$proc$rtl/img_filter.v:631$3708'.
Creating decoders for process `\IMG_FILTER.$proc$rtl/img_filter.v:635$3707'.
Creating decoders for process `\IMG_FILTER.$proc$rtl/img_filter.v:631$3702'.
Creating decoders for process `\IMG_FILTER.$proc$rtl/img_filter.v:635$3701'.
Creating decoders for process `\IMG_FILTER.$proc$rtl/img_filter.v:631$3696'.
Creating decoders for process `\IMG_FILTER.$proc$rtl/img_filter.v:635$3695'.
Creating decoders for process `\IMG_FILTER.$proc$rtl/img_filter.v:631$3690'.
Creating decoders for process `\IMG_FILTER.$proc$rtl/img_filter.v:635$3689'.
Creating decoders for process `\IMG_FILTER.$proc$rtl/img_filter.v:631$3684'.
Creating decoders for process `\IMG_FILTER.$proc$rtl/img_filter.v:635$3683'.
Creating decoders for process `\IMG_FILTER.$proc$rtl/img_filter.v:631$3678'.
Creating decoders for process `\IMG_FILTER.$proc$rtl/img_filter.v:635$3677'.
Creating decoders for process `\IMG_FILTER.$proc$rtl/img_filter.v:631$3672'.
Creating decoders for process `\IMG_FILTER.$proc$rtl/img_filter.v:635$3671'.
Creating decoders for process `\IMG_FILTER.$proc$rtl/img_filter.v:631$3666'.
Creating decoders for process `\IMG_FILTER.$proc$rtl/img_filter.v:635$3665'.
Creating decoders for process `\IMG_FILTER.$proc$rtl/img_filter.v:631$3660'.
Creating decoders for process `\IMG_FILTER.$proc$rtl/img_filter.v:635$3659'.
Creating decoders for process `\IMG_FILTER.$proc$rtl/img_filter.v:631$3654'.
Creating decoders for process `\IMG_FILTER.$proc$rtl/img_filter.v:627$3649'.
     1/1: $0\part_q[79][19:0]
Creating decoders for process `\IMG_FILTER.$proc$rtl/img_filter.v:627$3643'.
     1/1: $0\part_q[78][19:0]
Creating decoders for process `\IMG_FILTER.$proc$rtl/img_filter.v:627$3637'.
     1/1: $0\part_q[77][19:0]
Creating decoders for process `\IMG_FILTER.$proc$rtl/img_filter.v:627$3631'.
     1/1: $0\part_q[76][19:0]
Creating decoders for process `\IMG_FILTER.$proc$rtl/img_filter.v:627$3625'.
     1/1: $0\part_q[75][19:0]
Creating decoders for process `\IMG_FILTER.$proc$rtl/img_filter.v:617$3619'.
     1/1: $0\pair_q[399][19:0]
Creating decoders for process `\IMG_FILTER.$proc$rtl/img_filter.v:617$3614'.
     1/1: $0\pair_q[398][19:0]
Creating decoders for process `\IMG_FILTER.$proc$rtl/img_filter.v:617$3609'.
     1/1: $0\pair_q[397][19:0]
Creating decoders for process `\IMG_FILTER.$proc$rtl/img_filter.v:617$3604'.
     1/1: $0\pair_q[396][19:0]
Creating decoders for process `\IMG_FILTER.$proc$rtl/img_filter.v:617$3599'.
     1/1: $0\pair_q[395][19:0]
Creating decoders for process `\IMG_FILTER.$proc$rtl/img_filter.v:617$3594'.
     1/1: $0\pair_q[394][19:0]
Creating decoders for process `\IMG_FILTER.$proc$rtl/img_filter.v:617$3589'.
     1/1: $0\pair_q[393][19:0]
Creating decoders for process `\IMG_FILTER.$proc$rtl/img_filter.v:617$3584'.
     1/1: $0\pair_q[392][19:0]
Creating decoders for process `\IMG_FILTER.$proc$rtl/img_filter.v:617$3579'.
     1/1: $0\pair_q[391][19:0]
Creating decoders for process `\IMG_FILTER.$proc$rtl/img_filter.v:617$3574'.
     1/1: $0\pair_q[390][19:0]
Creating decoders for process `\IMG_FILTER.$proc$rtl/img_filter.v:617$3569'.
     1/1: $0\pair_q[389][19:0]
Creating decoders for process `\IMG_FILTER.$proc$rtl/img_filter.v:617$3564'.
     1/1: $0\pair_q[388][19:0]
Creating decoders for process `\IMG_FILTER.$proc$rtl/img_filter.v:617$3559'.
     1/1: $0\pair_q[387][19:0]
Creating decoders for process `\IMG_FILTER.$proc$rtl/img_filter.v:617$3554'.
     1/1: $0\pair_q[386][19:0]
Creating decoders for process `\IMG_FILTER.$proc$rtl/img_filter.v:617$3549'.
     1/1: $0\pair_q[385][19:0]
Creating decoders for process `\IMG_FILTER.$proc$rtl/img_filter.v:617$3544'.
     1/1: $0\pair_q[384][19:0]
Creating decoders for process `\IMG_FILTER.$proc$rtl/img_filter.v:617$3539'.
     1/1: $0\pair_q[383][19:0]
Creating decoders for process `\IMG_FILTER.$proc$rtl/img_filter.v:617$3534'.
     1/1: $0\pair_q[382][19:0]
Creating decoders for process `\IMG_FILTER.$proc$rtl/img_filter.v:617$3529'.
     1/1: $0\pair_q[381][19:0]
Creating decoders for process `\IMG_FILTER.$proc$rtl/img_filter.v:617$3524'.
     1/1: $0\pair_q[380][19:0]
Creating decoders for process `\IMG_FILTER.$proc$rtl/img_filter.v:617$3519'.
     1/1: $0\pair_q[379][19:0]
Creating decoders for process `\IMG_FILTER.$proc$rtl/img_filter.v:617$3514'.
     1/1: $0\pair_q[378][19:0]
Creating decoders for process `\IMG_FILTER.$proc$rtl/img_filter.v:617$3509'.
     1/1: $0\pair_q[377][19:0]
Creating decoders for process `\IMG_FILTER.$proc$rtl/img_filter.v:617$3504'.
     1/1: $0\pair_q[376][19:0]
Creating decoders for process `\IMG_FILTER.$proc$rtl/img_filter.v:617$3499'.
     1/1: $0\pair_q[375][19:0]
Creating decoders for process `\IMG_FILTER.$proc$rtl/img_filter.v:627$3491'.
     1/1: $0\part_q[74][19:0]
Creating decoders for process `\IMG_FILTER.$proc$rtl/img_filter.v:627$3485'.
     1/1: $0\part_q[73][19:0]
Creating decoders for process `\IMG_FILTER.$proc$rtl/img_filter.v:627$3479'.
     1/1: $0\part_q[72][19:0]
Creating decoders for process `\IMG_FILTER.$proc$rtl/img_filter.v:627$3473'.
     1/1: $0\part_q[71][19:0]
Creating decoders for process `\IMG_FILTER.$proc$rtl/img_filter.v:627$3467'.
     1/1: $0\part_q[70][19:0]
Creating decoders for process `\IMG_FILTER.$proc$rtl/img_filter.v:617$3461'.
     1/1: $0\pair_q[374][19:0]
Creating decoders for process `\IMG_FILTER.$proc$rtl/img_filter.v:617$3456'.
     1/1: $0\pair_q[373][19:0]
Creating decoders for process `\IMG_FILTER.$proc$rtl/img_filter.v:617$3451'.
     1/1: $0\pair_q[372][19:0]
Creating decoders for process `\IMG_FILTER.$proc$rtl/img_filter.v:617$3446'.
     1/1: $0\pair_q[371][19:0]
Creating decoders for process `\IMG_FILTER.$proc$rtl/img_filter.v:617$3441'.
     1/1: $0\pair_q[370][19:0]
Creating decoders for process `\IMG_FILTER.$proc$rtl/img_filter.v:617$3436'.
     1/1: $0\pair_q[369][19:0]
Creating decoders for process `\IMG_FILTER.$proc$rtl/img_filter.v:617$3431'.
     1/1: $0\pair_q[368][19:0]
Creating decoders for process `\IMG_FILTER.$proc$rtl/img_filter.v:617$3426'.
     1/1: $0\pair_q[367][19:0]
Creating decoders for process `\IMG_FILTER.$proc$rtl/img_filter.v:617$3421'.
     1/1: $0\pair_q[366][19:0]
Creating decoders for process `\IMG_FILTER.$proc$rtl/img_filter.v:617$3416'.
     1/1: $0\pair_q[365][19:0]
Creating decoders for process `\IMG_FILTER.$proc$rtl/img_filter.v:617$3411'.
     1/1: $0\pair_q[364][19:0]
Creating decoders for process `\IMG_FILTER.$proc$rtl/img_filter.v:617$3406'.
     1/1: $0\pair_q[363][19:0]
Creating decoders for process `\IMG_FILTER.$proc$rtl/img_filter.v:617$3401'.
     1/1: $0\pair_q[362][19:0]
Creating decoders for process `\IMG_FILTER.$proc$rtl/img_filter.v:617$3396'.
     1/1: $0\pair_q[361][19:0]
Creating decoders for process `\IMG_FILTER.$proc$rtl/img_filter.v:617$3391'.
     1/1: $0\pair_q[360][19:0]
Creating decoders for process `\IMG_FILTER.$proc$rtl/img_filter.v:617$3386'.
     1/1: $0\pair_q[359][19:0]
Creating decoders for process `\IMG_FILTER.$proc$rtl/img_filter.v:617$3381'.
     1/1: $0\pair_q[358][19:0]
Creating decoders for process `\IMG_FILTER.$proc$rtl/img_filter.v:617$3376'.
     1/1: $0\pair_q[357][19:0]
Creating decoders for process `\IMG_FILTER.$proc$rtl/img_filter.v:617$3371'.
     1/1: $0\pair_q[356][19:0]
Creating decoders for process `\IMG_FILTER.$proc$rtl/img_filter.v:617$3366'.
     1/1: $0\pair_q[355][19:0]
Creating decoders for process `\IMG_FILTER.$proc$rtl/img_filter.v:617$3361'.
     1/1: $0\pair_q[354][19:0]
Creating decoders for process `\IMG_FILTER.$proc$rtl/img_filter.v:617$3356'.
     1/1: $0\pair_q[353][19:0]
Creating decoders for process `\IMG_FILTER.$proc$rtl/img_filter.v:617$3351'.
     1/1: $0\pair_q[352][19:0]
Creating decoders for process `\IMG_FILTER.$proc$rtl/img_filter.v:617$3346'.
     1/1: $0\pair_q[351][19:0]
Creating decoders for process `\IMG_FILTER.$proc$rtl/img_filter.v:617$3341'.
     1/1: $0\pair_q[350][19:0]
Creating decoders for process `\IMG_FILTER.$proc$rtl/img_filter.v:627$3333'.
     1/1: $0\part_q[69][19:0]
Creating decoders for process `\IMG_FILTER.$proc$rtl/img_filter.v:627$3327'.
     1/1: $0\part_q[68][19:0]
Creating decoders for process `\IMG_FILTER.$proc$rtl/img_filter.v:627$3321'.
     1/1: $0\part_q[67][19:0]
Creating decoders for process `\IMG_FILTER.$proc$rtl/img_filter.v:627$3315'.
     1/1: $0\part_q[66][19:0]
Creating decoders for process `\IMG_FILTER.$proc$rtl/img_filter.v:627$3309'.
     1/1: $0\part_q[65][19:0]
Creating decoders for process `\IMG_FILTER.$proc$rtl/img_filter.v:617$3303'.
     1/1: $0\pair_q[349][19:0]
Creating decoders for process `\IMG_FILTER.$proc$rtl/img_filter.v:617$3298'.
     1/1: $0\pair_q[348][19:0]
Creating decoders for process `\IMG_FILTER.$proc$rtl/img_filter.v:617$3293'.
     1/1: $0\pair_q[347][19:0]
Creating decoders for process `\IMG_FILTER.$proc$rtl/img_filter.v:617$3288'.
     1/1: $0\pair_q[346][19:0]
Creating decoders for process `\IMG_FILTER.$proc$rtl/img_filter.v:617$3283'.
     1/1: $0\pair_q[345][19:0]
Creating decoders for process `\IMG_FILTER.$proc$rtl/img_filter.v:617$3278'.
     1/1: $0\pair_q[344][19:0]
Creating decoders for process `\IMG_FILTER.$proc$rtl/img_filter.v:617$3273'.
     1/1: $0\pair_q[343][19:0]
Creating decoders for process `\IMG_FILTER.$proc$rtl/img_filter.v:617$3268'.
     1/1: $0\pair_q[342][19:0]
Creating decoders for process `\IMG_FILTER.$proc$rtl/img_filter.v:617$3263'.
     1/1: $0\pair_q[341][19:0]
Creating decoders for process `\IMG_FILTER.$proc$rtl/img_filter.v:617$3258'.
     1/1: $0\pair_q[340][19:0]
Creating decoders for process `\IMG_FILTER.$proc$rtl/img_filter.v:617$3253'.
     1/1: $0\pair_q[339][19:0]
Creating decoders for process `\IMG_FILTER.$proc$rtl/img_filter.v:617$3248'.
     1/1: $0\pair_q[338][19:0]
Creating decoders for process `\IMG_FILTER.$proc$rtl/img_filter.v:617$3243'.
     1/1: $0\pair_q[337][19:0]
Creating decoders for process `\IMG_FILTER.$proc$rtl/img_filter.v:617$3238'.
     1/1: $0\pair_q[336][19:0]
Creating decoders for process `\IMG_FILTER.$proc$rtl/img_filter.v:617$3233'.
     1/1: $0\pair_q[335][19:0]
Creating decoders for process `\IMG_FILTER.$proc$rtl/img_filter.v:617$3228'.
     1/1: $0\pair_q[334][19:0]
Creating decoders for process `\IMG_FILTER.$proc$rtl/img_filter.v:617$3223'.
     1/1: $0\pair_q[333][19:0]
Creating decoders for process `\IMG_FILTER.$proc$rtl/img_filter.v:617$3218'.
     1/1: $0\pair_q[332][19:0]
Creating decoders for process `\IMG_FILTER.$proc$rtl/img_filter.v:617$3213'.
     1/1: $0\pair_q[331][19:0]
Creating decoders for process `\IMG_FILTER.$proc$rtl/img_filter.v:617$3208'.
     1/1: $0\pair_q[330][19:0]
Creating decoders for process `\IMG_FILTER.$proc$rtl/img_filter.v:617$3203'.
     1/1: $0\pair_q[329][19:0]
Creating decoders for process `\IMG_FILTER.$proc$rtl/img_filter.v:617$3198'.
     1/1: $0\pair_q[328][19:0]
Creating decoders for process `\IMG_FILTER.$proc$rtl/img_filter.v:617$3193'.
     1/1: $0\pair_q[327][19:0]
Creating decoders for process `\IMG_FILTER.$proc$rtl/img_filter.v:617$3188'.
     1/1: $0\pair_q[326][19:0]
Creating decoders for process `\IMG_FILTER.$proc$rtl/img_filter.v:617$3183'.
     1/1: $0\pair_q[325][19:0]
Creating decoders for process `\IMG_FILTER.$proc$rtl/img_filter.v:627$3175'.
     1/1: $0\part_q[64][19:0]
Creating decoders for process `\IMG_FILTER.$proc$rtl/img_filter.v:627$3169'.
     1/1: $0\part_q[63][19:0]
Creating decoders for process `\IMG_FILTER.$proc$rtl/img_filter.v:627$3163'.
     1/1: $0\part_q[62][19:0]
Creating decoders for process `\IMG_FILTER.$proc$rtl/img_filter.v:627$3157'.
     1/1: $0\part_q[61][19:0]
Creating decoders for process `\IMG_FILTER.$proc$rtl/img_filter.v:627$3151'.
     1/1: $0\part_q[60][19:0]
Creating decoders for process `\IMG_FILTER.$proc$rtl/img_filter.v:617$3145'.
     1/1: $0\pair_q[324][19:0]
Creating decoders for process `\IMG_FILTER.$proc$rtl/img_filter.v:617$3140'.
     1/1: $0\pair_q[323][19:0]
Creating decoders for process `\IMG_FILTER.$proc$rtl/img_filter.v:617$3135'.
     1/1: $0\pair_q[322][19:0]
Creating decoders for process `\IMG_FILTER.$proc$rtl/img_filter.v:617$3130'.
     1/1: $0\pair_q[321][19:0]
Creating decoders for process `\IMG_FILTER.$proc$rtl/img_filter.v:617$3125'.
     1/1: $0\pair_q[320][19:0]
Creating decoders for process `\IMG_FILTER.$proc$rtl/img_filter.v:617$3120'.
     1/1: $0\pair_q[319][19:0]
Creating decoders for process `\IMG_FILTER.$proc$rtl/img_filter.v:617$3115'.
     1/1: $0\pair_q[318][19:0]
Creating decoders for process `\IMG_FILTER.$proc$rtl/img_filter.v:617$3110'.
     1/1: $0\pair_q[317][19:0]
Creating decoders for process `\IMG_FILTER.$proc$rtl/img_filter.v:617$3105'.
     1/1: $0\pair_q[316][19:0]
Creating decoders for process `\IMG_FILTER.$proc$rtl/img_filter.v:617$3100'.
     1/1: $0\pair_q[315][19:0]
Creating decoders for process `\IMG_FILTER.$proc$rtl/img_filter.v:617$3095'.
     1/1: $0\pair_q[314][19:0]
Creating decoders for process `\IMG_FILTER.$proc$rtl/img_filter.v:617$3090'.
     1/1: $0\pair_q[313][19:0]
Creating decoders for process `\IMG_FILTER.$proc$rtl/img_filter.v:617$3085'.
     1/1: $0\pair_q[312][19:0]
Creating decoders for process `\IMG_FILTER.$proc$rtl/img_filter.v:617$3080'.
     1/1: $0\pair_q[311][19:0]
Creating decoders for process `\IMG_FILTER.$proc$rtl/img_filter.v:617$3075'.
     1/1: $0\pair_q[310][19:0]
Creating decoders for process `\IMG_FILTER.$proc$rtl/img_filter.v:617$3070'.
     1/1: $0\pair_q[309][19:0]
Creating decoders for process `\IMG_FILTER.$proc$rtl/img_filter.v:617$3065'.
     1/1: $0\pair_q[308][19:0]
Creating decoders for process `\IMG_FILTER.$proc$rtl/img_filter.v:617$3060'.
     1/1: $0\pair_q[307][19:0]
Creating decoders for process `\IMG_FILTER.$proc$rtl/img_filter.v:617$3055'.
     1/1: $0\pair_q[306][19:0]
Creating decoders for process `\IMG_FILTER.$proc$rtl/img_filter.v:617$3050'.
     1/1: $0\pair_q[305][19:0]
Creating decoders for process `\IMG_FILTER.$proc$rtl/img_filter.v:617$3045'.
     1/1: $0\pair_q[304][19:0]
Creating decoders for process `\IMG_FILTER.$proc$rtl/img_filter.v:617$3040'.
     1/1: $0\pair_q[303][19:0]
Creating decoders for process `\IMG_FILTER.$proc$rtl/img_filter.v:617$3035'.
     1/1: $0\pair_q[302][19:0]
Creating decoders for process `\IMG_FILTER.$proc$rtl/img_filter.v:617$3030'.
     1/1: $0\pair_q[301][19:0]
Creating decoders for process `\IMG_FILTER.$proc$rtl/img_filter.v:617$3025'.
     1/1: $0\pair_q[300][19:0]
Creating decoders for process `\IMG_FILTER.$proc$rtl/img_filter.v:627$3017'.
     1/1: $0\part_q[59][19:0]
Creating decoders for process `\IMG_FILTER.$proc$rtl/img_filter.v:627$3011'.
     1/1: $0\part_q[58][19:0]
Creating decoders for process `\IMG_FILTER.$proc$rtl/img_filter.v:627$3005'.
     1/1: $0\part_q[57][19:0]
Creating decoders for process `\IMG_FILTER.$proc$rtl/img_filter.v:627$2999'.
     1/1: $0\part_q[56][19:0]
Creating decoders for process `\IMG_FILTER.$proc$rtl/img_filter.v:627$2993'.
     1/1: $0\part_q[55][19:0]
Creating decoders for process `\IMG_FILTER.$proc$rtl/img_filter.v:617$2987'.
     1/1: $0\pair_q[299][19:0]
Creating decoders for process `\IMG_FILTER.$proc$rtl/img_filter.v:617$2982'.
     1/1: $0\pair_q[298][19:0]
Creating decoders for process `\IMG_FILTER.$proc$rtl/img_filter.v:617$2977'.
     1/1: $0\pair_q[297][19:0]
Creating decoders for process `\IMG_FILTER.$proc$rtl/img_filter.v:617$2972'.
     1/1: $0\pair_q[296][19:0]
Creating decoders for process `\IMG_FILTER.$proc$rtl/img_filter.v:617$2967'.
     1/1: $0\pair_q[295][19:0]
Creating decoders for process `\IMG_FILTER.$proc$rtl/img_filter.v:617$2962'.
     1/1: $0\pair_q[294][19:0]
Creating decoders for process `\IMG_FILTER.$proc$rtl/img_filter.v:617$2957'.
     1/1: $0\pair_q[293][19:0]
Creating decoders for process `\IMG_FILTER.$proc$rtl/img_filter.v:617$2952'.
     1/1: $0\pair_q[292][19:0]
Creating decoders for process `\IMG_FILTER.$proc$rtl/img_filter.v:617$2947'.
     1/1: $0\pair_q[291][19:0]
Creating decoders for process `\IMG_FILTER.$proc$rtl/img_filter.v:617$2942'.
     1/1: $0\pair_q[290][19:0]
Creating decoders for process `\IMG_FILTER.$proc$rtl/img_filter.v:617$2937'.
     1/1: $0\pair_q[289][19:0]
Creating decoders for process `\IMG_FILTER.$proc$rtl/img_filter.v:617$2932'.
     1/1: $0\pair_q[288][19:0]
Creating decoders for process `\IMG_FILTER.$proc$rtl/img_filter.v:617$2927'.
     1/1: $0\pair_q[287][19:0]
Creating decoders for process `\IMG_FILTER.$proc$rtl/img_filter.v:617$2922'.
     1/1: $0\pair_q[286][19:0]
Creating decoders for process `\IMG_FILTER.$proc$rtl/img_filter.v:617$2917'.
     1/1: $0\pair_q[285][19:0]
Creating decoders for process `\IMG_FILTER.$proc$rtl/img_filter.v:617$2912'.
     1/1: $0\pair_q[284][19:0]
Creating decoders for process `\IMG_FILTER.$proc$rtl/img_filter.v:617$2907'.
     1/1: $0\pair_q[283][19:0]
Creating decoders for process `\IMG_FILTER.$proc$rtl/img_filter.v:617$2902'.
     1/1: $0\pair_q[282][19:0]
Creating decoders for process `\IMG_FILTER.$proc$rtl/img_filter.v:617$2897'.
     1/1: $0\pair_q[281][19:0]
Creating decoders for process `\IMG_FILTER.$proc$rtl/img_filter.v:617$2892'.
     1/1: $0\pair_q[280][19:0]
Creating decoders for process `\IMG_FILTER.$proc$rtl/img_filter.v:617$2887'.
     1/1: $0\pair_q[279][19:0]
Creating decoders for process `\IMG_FILTER.$proc$rtl/img_filter.v:617$2882'.
     1/1: $0\pair_q[278][19:0]
Creating decoders for process `\IMG_FILTER.$proc$rtl/img_filter.v:617$2877'.
     1/1: $0\pair_q[277][19:0]
Creating decoders for process `\IMG_FILTER.$proc$rtl/img_filter.v:617$2872'.
     1/1: $0\pair_q[276][19:0]
Creating decoders for process `\IMG_FILTER.$proc$rtl/img_filter.v:617$2867'.
     1/1: $0\pair_q[275][19:0]
Creating decoders for process `\IMG_FILTER.$proc$rtl/img_filter.v:627$2859'.
     1/1: $0\part_q[54][19:0]
Creating decoders for process `\IMG_FILTER.$proc$rtl/img_filter.v:627$2853'.
     1/1: $0\part_q[53][19:0]
Creating decoders for process `\IMG_FILTER.$proc$rtl/img_filter.v:627$2847'.
     1/1: $0\part_q[52][19:0]
Creating decoders for process `\IMG_FILTER.$proc$rtl/img_filter.v:627$2841'.
     1/1: $0\part_q[51][19:0]
Creating decoders for process `\IMG_FILTER.$proc$rtl/img_filter.v:627$2835'.
     1/1: $0\part_q[50][19:0]
Creating decoders for process `\IMG_FILTER.$proc$rtl/img_filter.v:617$2829'.
     1/1: $0\pair_q[274][19:0]
Creating decoders for process `\IMG_FILTER.$proc$rtl/img_filter.v:617$2824'.
     1/1: $0\pair_q[273][19:0]
Creating decoders for process `\IMG_FILTER.$proc$rtl/img_filter.v:617$2819'.
     1/1: $0\pair_q[272][19:0]
Creating decoders for process `\IMG_FILTER.$proc$rtl/img_filter.v:617$2814'.
     1/1: $0\pair_q[271][19:0]
Creating decoders for process `\IMG_FILTER.$proc$rtl/img_filter.v:617$2809'.
     1/1: $0\pair_q[270][19:0]
Creating decoders for process `\IMG_FILTER.$proc$rtl/img_filter.v:617$2804'.
     1/1: $0\pair_q[269][19:0]
Creating decoders for process `\IMG_FILTER.$proc$rtl/img_filter.v:617$2799'.
     1/1: $0\pair_q[268][19:0]
Creating decoders for process `\IMG_FILTER.$proc$rtl/img_filter.v:617$2794'.
     1/1: $0\pair_q[267][19:0]
Creating decoders for process `\IMG_FILTER.$proc$rtl/img_filter.v:617$2789'.
     1/1: $0\pair_q[266][19:0]
Creating decoders for process `\IMG_FILTER.$proc$rtl/img_filter.v:617$2784'.
     1/1: $0\pair_q[265][19:0]
Creating decoders for process `\IMG_FILTER.$proc$rtl/img_filter.v:617$2779'.
     1/1: $0\pair_q[264][19:0]
Creating decoders for process `\IMG_FILTER.$proc$rtl/img_filter.v:617$2774'.
     1/1: $0\pair_q[263][19:0]
Creating decoders for process `\IMG_FILTER.$proc$rtl/img_filter.v:617$2769'.
     1/1: $0\pair_q[262][19:0]
Creating decoders for process `\IMG_FILTER.$proc$rtl/img_filter.v:617$2764'.
     1/1: $0\pair_q[261][19:0]
Creating decoders for process `\IMG_FILTER.$proc$rtl/img_filter.v:617$2759'.
     1/1: $0\pair_q[260][19:0]
Creating decoders for process `\IMG_FILTER.$proc$rtl/img_filter.v:617$2754'.
     1/1: $0\pair_q[259][19:0]
Creating decoders for process `\IMG_FILTER.$proc$rtl/img_filter.v:617$2749'.
     1/1: $0\pair_q[258][19:0]
Creating decoders for process `\IMG_FILTER.$proc$rtl/img_filter.v:617$2744'.
     1/1: $0\pair_q[257][19:0]
Creating decoders for process `\IMG_FILTER.$proc$rtl/img_filter.v:617$2739'.
     1/1: $0\pair_q[256][19:0]
Creating decoders for process `\IMG_FILTER.$proc$rtl/img_filter.v:617$2734'.
     1/1: $0\pair_q[255][19:0]
Creating decoders for process `\IMG_FILTER.$proc$rtl/img_filter.v:617$2729'.
     1/1: $0\pair_q[254][19:0]
Creating decoders for process `\IMG_FILTER.$proc$rtl/img_filter.v:617$2724'.
     1/1: $0\pair_q[253][19:0]
Creating decoders for process `\IMG_FILTER.$proc$rtl/img_filter.v:617$2719'.
     1/1: $0\pair_q[252][19:0]
Creating decoders for process `\IMG_FILTER.$proc$rtl/img_filter.v:617$2714'.
     1/1: $0\pair_q[251][19:0]
Creating decoders for process `\IMG_FILTER.$proc$rtl/img_filter.v:617$2709'.
     1/1: $0\pair_q[250][19:0]
Creating decoders for process `\IMG_FILTER.$proc$rtl/img_filter.v:627$2701'.
     1/1: $0\part_q[49][19:0]
Creating decoders for process `\IMG_FILTER.$proc$rtl/img_filter.v:627$2695'.
     1/1: $0\part_q[48][19:0]
Creating decoders for process `\IMG_FILTER.$proc$rtl/img_filter.v:627$2689'.
     1/1: $0\part_q[47][19:0]
Creating decoders for process `\IMG_FILTER.$proc$rtl/img_filter.v:627$2683'.
     1/1: $0\part_q[46][19:0]
Creating decoders for process `\IMG_FILTER.$proc$rtl/img_filter.v:627$2677'.
     1/1: $0\part_q[45][19:0]
Creating decoders for process `\IMG_FILTER.$proc$rtl/img_filter.v:617$2671'.
     1/1: $0\pair_q[249][19:0]
Creating decoders for process `\IMG_FILTER.$proc$rtl/img_filter.v:617$2666'.
     1/1: $0\pair_q[248][19:0]
Creating decoders for process `\IMG_FILTER.$proc$rtl/img_filter.v:617$2661'.
     1/1: $0\pair_q[247][19:0]
Creating decoders for process `\IMG_FILTER.$proc$rtl/img_filter.v:617$2656'.
     1/1: $0\pair_q[246][19:0]
Creating decoders for process `\IMG_FILTER.$proc$rtl/img_filter.v:617$2651'.
     1/1: $0\pair_q[245][19:0]
Creating decoders for process `\IMG_FILTER.$proc$rtl/img_filter.v:617$2646'.
     1/1: $0\pair_q[244][19:0]
Creating decoders for process `\IMG_FILTER.$proc$rtl/img_filter.v:617$2641'.
     1/1: $0\pair_q[243][19:0]
Creating decoders for process `\IMG_FILTER.$proc$rtl/img_filter.v:617$2636'.
     1/1: $0\pair_q[242][19:0]
Creating decoders for process `\IMG_FILTER.$proc$rtl/img_filter.v:617$2631'.
     1/1: $0\pair_q[241][19:0]
Creating decoders for process `\IMG_FILTER.$proc$rtl/img_filter.v:617$2626'.
     1/1: $0\pair_q[240][19:0]
Creating decoders for process `\IMG_FILTER.$proc$rtl/img_filter.v:617$2621'.
     1/1: $0\pair_q[239][19:0]
Creating decoders for process `\IMG_FILTER.$proc$rtl/img_filter.v:617$2616'.
     1/1: $0\pair_q[238][19:0]
Creating decoders for process `\IMG_FILTER.$proc$rtl/img_filter.v:617$2611'.
     1/1: $0\pair_q[237][19:0]
Creating decoders for process `\IMG_FILTER.$proc$rtl/img_filter.v:617$2606'.
     1/1: $0\pair_q[236][19:0]
Creating decoders for process `\IMG_FILTER.$proc$rtl/img_filter.v:617$2601'.
     1/1: $0\pair_q[235][19:0]
Creating decoders for process `\IMG_FILTER.$proc$rtl/img_filter.v:617$2596'.
     1/1: $0\pair_q[234][19:0]
Creating decoders for process `\IMG_FILTER.$proc$rtl/img_filter.v:617$2591'.
     1/1: $0\pair_q[233][19:0]
Creating decoders for process `\IMG_FILTER.$proc$rtl/img_filter.v:617$2586'.
     1/1: $0\pair_q[232][19:0]
Creating decoders for process `\IMG_FILTER.$proc$rtl/img_filter.v:617$2581'.
     1/1: $0\pair_q[231][19:0]
Creating decoders for process `\IMG_FILTER.$proc$rtl/img_filter.v:617$2576'.
     1/1: $0\pair_q[230][19:0]
Creating decoders for process `\IMG_FILTER.$proc$rtl/img_filter.v:617$2571'.
     1/1: $0\pair_q[229][19:0]
Creating decoders for process `\IMG_FILTER.$proc$rtl/img_filter.v:617$2566'.
     1/1: $0\pair_q[228][19:0]
Creating decoders for process `\IMG_FILTER.$proc$rtl/img_filter.v:617$2561'.
     1/1: $0\pair_q[227][19:0]
Creating decoders for process `\IMG_FILTER.$proc$rtl/img_filter.v:617$2556'.
     1/1: $0\pair_q[226][19:0]
Creating decoders for process `\IMG_FILTER.$proc$rtl/img_filter.v:617$2551'.
     1/1: $0\pair_q[225][19:0]
Creating decoders for process `\IMG_FILTER.$proc$rtl/img_filter.v:627$2543'.
     1/1: $0\part_q[44][19:0]
Creating decoders for process `\IMG_FILTER.$proc$rtl/img_filter.v:627$2537'.
     1/1: $0\part_q[43][19:0]
Creating decoders for process `\IMG_FILTER.$proc$rtl/img_filter.v:627$2531'.
     1/1: $0\part_q[42][19:0]
Creating decoders for process `\IMG_FILTER.$proc$rtl/img_filter.v:627$2525'.
     1/1: $0\part_q[41][19:0]
Creating decoders for process `\IMG_FILTER.$proc$rtl/img_filter.v:627$2519'.
     1/1: $0\part_q[40][19:0]
Creating decoders for process `\IMG_FILTER.$proc$rtl/img_filter.v:617$2513'.
     1/1: $0\pair_q[224][19:0]
Creating decoders for process `\IMG_FILTER.$proc$rtl/img_filter.v:617$2508'.
     1/1: $0\pair_q[223][19:0]
Creating decoders for process `\IMG_FILTER.$proc$rtl/img_filter.v:617$2503'.
     1/1: $0\pair_q[222][19:0]
Creating decoders for process `\IMG_FILTER.$proc$rtl/img_filter.v:617$2498'.
     1/1: $0\pair_q[221][19:0]
Creating decoders for process `\IMG_FILTER.$proc$rtl/img_filter.v:617$2493'.
     1/1: $0\pair_q[220][19:0]
Creating decoders for process `\IMG_FILTER.$proc$rtl/img_filter.v:617$2488'.
     1/1: $0\pair_q[219][19:0]
Creating decoders for process `\IMG_FILTER.$proc$rtl/img_filter.v:617$2483'.
     1/1: $0\pair_q[218][19:0]
Creating decoders for process `\IMG_FILTER.$proc$rtl/img_filter.v:617$2478'.
     1/1: $0\pair_q[217][19:0]
Creating decoders for process `\IMG_FILTER.$proc$rtl/img_filter.v:617$2473'.
     1/1: $0\pair_q[216][19:0]
Creating decoders for process `\IMG_FILTER.$proc$rtl/img_filter.v:617$2468'.
     1/1: $0\pair_q[215][19:0]
Creating decoders for process `\IMG_FILTER.$proc$rtl/img_filter.v:617$2463'.
     1/1: $0\pair_q[214][19:0]
Creating decoders for process `\IMG_FILTER.$proc$rtl/img_filter.v:617$2458'.
     1/1: $0\pair_q[213][19:0]
Creating decoders for process `\IMG_FILTER.$proc$rtl/img_filter.v:617$2453'.
     1/1: $0\pair_q[212][19:0]
Creating decoders for process `\IMG_FILTER.$proc$rtl/img_filter.v:617$2448'.
     1/1: $0\pair_q[211][19:0]
Creating decoders for process `\IMG_FILTER.$proc$rtl/img_filter.v:617$2443'.
     1/1: $0\pair_q[210][19:0]
Creating decoders for process `\IMG_FILTER.$proc$rtl/img_filter.v:617$2438'.
     1/1: $0\pair_q[209][19:0]
Creating decoders for process `\IMG_FILTER.$proc$rtl/img_filter.v:617$2433'.
     1/1: $0\pair_q[208][19:0]
Creating decoders for process `\IMG_FILTER.$proc$rtl/img_filter.v:617$2428'.
     1/1: $0\pair_q[207][19:0]
Creating decoders for process `\IMG_FILTER.$proc$rtl/img_filter.v:617$2423'.
     1/1: $0\pair_q[206][19:0]
Creating decoders for process `\IMG_FILTER.$proc$rtl/img_filter.v:617$2418'.
     1/1: $0\pair_q[205][19:0]
Creating decoders for process `\IMG_FILTER.$proc$rtl/img_filter.v:617$2413'.
     1/1: $0\pair_q[204][19:0]
Creating decoders for process `\IMG_FILTER.$proc$rtl/img_filter.v:617$2408'.
     1/1: $0\pair_q[203][19:0]
Creating decoders for process `\IMG_FILTER.$proc$rtl/img_filter.v:617$2403'.
     1/1: $0\pair_q[202][19:0]
Creating decoders for process `\IMG_FILTER.$proc$rtl/img_filter.v:617$2398'.
     1/1: $0\pair_q[201][19:0]
Creating decoders for process `\IMG_FILTER.$proc$rtl/img_filter.v:617$2393'.
     1/1: $0\pair_q[200][19:0]
Creating decoders for process `\IMG_FILTER.$proc$rtl/img_filter.v:627$2385'.
     1/1: $0\part_q[39][19:0]
Creating decoders for process `\IMG_FILTER.$proc$rtl/img_filter.v:627$2379'.
     1/1: $0\part_q[38][19:0]
Creating decoders for process `\IMG_FILTER.$proc$rtl/img_filter.v:627$2373'.
     1/1: $0\part_q[37][19:0]
Creating decoders for process `\IMG_FILTER.$proc$rtl/img_filter.v:627$2367'.
     1/1: $0\part_q[36][19:0]
Creating decoders for process `\IMG_FILTER.$proc$rtl/img_filter.v:627$2361'.
     1/1: $0\part_q[35][19:0]
Creating decoders for process `\IMG_FILTER.$proc$rtl/img_filter.v:617$2355'.
     1/1: $0\pair_q[199][19:0]
Creating decoders for process `\IMG_FILTER.$proc$rtl/img_filter.v:617$2350'.
     1/1: $0\pair_q[198][19:0]
Creating decoders for process `\IMG_FILTER.$proc$rtl/img_filter.v:617$2345'.
     1/1: $0\pair_q[197][19:0]
Creating decoders for process `\IMG_FILTER.$proc$rtl/img_filter.v:617$2340'.
     1/1: $0\pair_q[196][19:0]
Creating decoders for process `\IMG_FILTER.$proc$rtl/img_filter.v:617$2335'.
     1/1: $0\pair_q[195][19:0]
Creating decoders for process `\IMG_FILTER.$proc$rtl/img_filter.v:617$2330'.
     1/1: $0\pair_q[194][19:0]
Creating decoders for process `\IMG_FILTER.$proc$rtl/img_filter.v:617$2325'.
     1/1: $0\pair_q[193][19:0]
Creating decoders for process `\IMG_FILTER.$proc$rtl/img_filter.v:617$2320'.
     1/1: $0\pair_q[192][19:0]
Creating decoders for process `\IMG_FILTER.$proc$rtl/img_filter.v:617$2315'.
     1/1: $0\pair_q[191][19:0]
Creating decoders for process `\IMG_FILTER.$proc$rtl/img_filter.v:617$2310'.
     1/1: $0\pair_q[190][19:0]
Creating decoders for process `\IMG_FILTER.$proc$rtl/img_filter.v:617$2305'.
     1/1: $0\pair_q[189][19:0]
Creating decoders for process `\IMG_FILTER.$proc$rtl/img_filter.v:617$2300'.
     1/1: $0\pair_q[188][19:0]
Creating decoders for process `\IMG_FILTER.$proc$rtl/img_filter.v:617$2295'.
     1/1: $0\pair_q[187][19:0]
Creating decoders for process `\IMG_FILTER.$proc$rtl/img_filter.v:617$2290'.
     1/1: $0\pair_q[186][19:0]
Creating decoders for process `\IMG_FILTER.$proc$rtl/img_filter.v:617$2285'.
     1/1: $0\pair_q[185][19:0]
Creating decoders for process `\IMG_FILTER.$proc$rtl/img_filter.v:617$2280'.
     1/1: $0\pair_q[184][19:0]
Creating decoders for process `\IMG_FILTER.$proc$rtl/img_filter.v:617$2275'.
     1/1: $0\pair_q[183][19:0]
Creating decoders for process `\IMG_FILTER.$proc$rtl/img_filter.v:617$2270'.
     1/1: $0\pair_q[182][19:0]
Creating decoders for process `\IMG_FILTER.$proc$rtl/img_filter.v:617$2265'.
     1/1: $0\pair_q[181][19:0]
Creating decoders for process `\IMG_FILTER.$proc$rtl/img_filter.v:617$2260'.
     1/1: $0\pair_q[180][19:0]
Creating decoders for process `\IMG_FILTER.$proc$rtl/img_filter.v:617$2255'.
     1/1: $0\pair_q[179][19:0]
Creating decoders for process `\IMG_FILTER.$proc$rtl/img_filter.v:617$2250'.
     1/1: $0\pair_q[178][19:0]
Creating decoders for process `\IMG_FILTER.$proc$rtl/img_filter.v:617$2245'.
     1/1: $0\pair_q[177][19:0]
Creating decoders for process `\IMG_FILTER.$proc$rtl/img_filter.v:617$2240'.
     1/1: $0\pair_q[176][19:0]
Creating decoders for process `\IMG_FILTER.$proc$rtl/img_filter.v:617$2235'.
     1/1: $0\pair_q[175][19:0]
Creating decoders for process `\IMG_FILTER.$proc$rtl/img_filter.v:627$2227'.
     1/1: $0\part_q[34][19:0]
Creating decoders for process `\IMG_FILTER.$proc$rtl/img_filter.v:627$2221'.
     1/1: $0\part_q[33][19:0]
Creating decoders for process `\IMG_FILTER.$proc$rtl/img_filter.v:627$2215'.
     1/1: $0\part_q[32][19:0]
Creating decoders for process `\IMG_FILTER.$proc$rtl/img_filter.v:627$2209'.
     1/1: $0\part_q[31][19:0]
Creating decoders for process `\IMG_FILTER.$proc$rtl/img_filter.v:627$2203'.
     1/1: $0\part_q[30][19:0]
Creating decoders for process `\IMG_FILTER.$proc$rtl/img_filter.v:617$2197'.
     1/1: $0\pair_q[174][19:0]
Creating decoders for process `\IMG_FILTER.$proc$rtl/img_filter.v:617$2192'.
     1/1: $0\pair_q[173][19:0]
Creating decoders for process `\IMG_FILTER.$proc$rtl/img_filter.v:617$2187'.
     1/1: $0\pair_q[172][19:0]
Creating decoders for process `\IMG_FILTER.$proc$rtl/img_filter.v:617$2182'.
     1/1: $0\pair_q[171][19:0]
Creating decoders for process `\IMG_FILTER.$proc$rtl/img_filter.v:617$2177'.
     1/1: $0\pair_q[170][19:0]
Creating decoders for process `\IMG_FILTER.$proc$rtl/img_filter.v:617$2172'.
     1/1: $0\pair_q[169][19:0]
Creating decoders for process `\IMG_FILTER.$proc$rtl/img_filter.v:617$2167'.
     1/1: $0\pair_q[168][19:0]
Creating decoders for process `\IMG_FILTER.$proc$rtl/img_filter.v:617$2162'.
     1/1: $0\pair_q[167][19:0]
Creating decoders for process `\IMG_FILTER.$proc$rtl/img_filter.v:617$2157'.
     1/1: $0\pair_q[166][19:0]
Creating decoders for process `\IMG_FILTER.$proc$rtl/img_filter.v:617$2152'.
     1/1: $0\pair_q[165][19:0]
Creating decoders for process `\IMG_FILTER.$proc$rtl/img_filter.v:617$2147'.
     1/1: $0\pair_q[164][19:0]
Creating decoders for process `\IMG_FILTER.$proc$rtl/img_filter.v:617$2142'.
     1/1: $0\pair_q[163][19:0]
Creating decoders for process `\IMG_FILTER.$proc$rtl/img_filter.v:617$2137'.
     1/1: $0\pair_q[162][19:0]
Creating decoders for process `\IMG_FILTER.$proc$rtl/img_filter.v:617$2132'.
     1/1: $0\pair_q[161][19:0]
Creating decoders for process `\IMG_FILTER.$proc$rtl/img_filter.v:617$2127'.
     1/1: $0\pair_q[160][19:0]
Creating decoders for process `\IMG_FILTER.$proc$rtl/img_filter.v:617$2122'.
     1/1: $0\pair_q[159][19:0]
Creating decoders for process `\IMG_FILTER.$proc$rtl/img_filter.v:617$2117'.
     1/1: $0\pair_q[158][19:0]
Creating decoders for process `\IMG_FILTER.$proc$rtl/img_filter.v:617$2112'.
     1/1: $0\pair_q[157][19:0]
Creating decoders for process `\IMG_FILTER.$proc$rtl/img_filter.v:617$2107'.
     1/1: $0\pair_q[156][19:0]
Creating decoders for process `\IMG_FILTER.$proc$rtl/img_filter.v:617$2102'.
     1/1: $0\pair_q[155][19:0]
Creating decoders for process `\IMG_FILTER.$proc$rtl/img_filter.v:617$2097'.
     1/1: $0\pair_q[154][19:0]
Creating decoders for process `\IMG_FILTER.$proc$rtl/img_filter.v:617$2092'.
     1/1: $0\pair_q[153][19:0]
Creating decoders for process `\IMG_FILTER.$proc$rtl/img_filter.v:617$2087'.
     1/1: $0\pair_q[152][19:0]
Creating decoders for process `\IMG_FILTER.$proc$rtl/img_filter.v:617$2082'.
     1/1: $0\pair_q[151][19:0]
Creating decoders for process `\IMG_FILTER.$proc$rtl/img_filter.v:617$2077'.
     1/1: $0\pair_q[150][19:0]
Creating decoders for process `\IMG_FILTER.$proc$rtl/img_filter.v:627$2069'.
     1/1: $0\part_q[29][19:0]
Creating decoders for process `\IMG_FILTER.$proc$rtl/img_filter.v:627$2063'.
     1/1: $0\part_q[28][19:0]
Creating decoders for process `\IMG_FILTER.$proc$rtl/img_filter.v:627$2057'.
     1/1: $0\part_q[27][19:0]
Creating decoders for process `\IMG_FILTER.$proc$rtl/img_filter.v:627$2051'.
     1/1: $0\part_q[26][19:0]
Creating decoders for process `\IMG_FILTER.$proc$rtl/img_filter.v:627$2045'.
     1/1: $0\part_q[25][19:0]
Creating decoders for process `\IMG_FILTER.$proc$rtl/img_filter.v:617$2039'.
     1/1: $0\pair_q[149][19:0]
Creating decoders for process `\IMG_FILTER.$proc$rtl/img_filter.v:617$2034'.
     1/1: $0\pair_q[148][19:0]
Creating decoders for process `\IMG_FILTER.$proc$rtl/img_filter.v:617$2029'.
     1/1: $0\pair_q[147][19:0]
Creating decoders for process `\IMG_FILTER.$proc$rtl/img_filter.v:617$2024'.
     1/1: $0\pair_q[146][19:0]
Creating decoders for process `\IMG_FILTER.$proc$rtl/img_filter.v:617$2019'.
     1/1: $0\pair_q[145][19:0]
Creating decoders for process `\IMG_FILTER.$proc$rtl/img_filter.v:617$2014'.
     1/1: $0\pair_q[144][19:0]
Creating decoders for process `\IMG_FILTER.$proc$rtl/img_filter.v:617$2009'.
     1/1: $0\pair_q[143][19:0]
Creating decoders for process `\IMG_FILTER.$proc$rtl/img_filter.v:617$2004'.
     1/1: $0\pair_q[142][19:0]
Creating decoders for process `\IMG_FILTER.$proc$rtl/img_filter.v:617$1999'.
     1/1: $0\pair_q[141][19:0]
Creating decoders for process `\IMG_FILTER.$proc$rtl/img_filter.v:617$1994'.
     1/1: $0\pair_q[140][19:0]
Creating decoders for process `\IMG_FILTER.$proc$rtl/img_filter.v:617$1989'.
     1/1: $0\pair_q[139][19:0]
Creating decoders for process `\IMG_FILTER.$proc$rtl/img_filter.v:617$1984'.
     1/1: $0\pair_q[138][19:0]
Creating decoders for process `\IMG_FILTER.$proc$rtl/img_filter.v:617$1979'.
     1/1: $0\pair_q[137][19:0]
Creating decoders for process `\IMG_FILTER.$proc$rtl/img_filter.v:617$1974'.
     1/1: $0\pair_q[136][19:0]
Creating decoders for process `\IMG_FILTER.$proc$rtl/img_filter.v:617$1969'.
     1/1: $0\pair_q[135][19:0]
Creating decoders for process `\IMG_FILTER.$proc$rtl/img_filter.v:617$1964'.
     1/1: $0\pair_q[134][19:0]
Creating decoders for process `\IMG_FILTER.$proc$rtl/img_filter.v:617$1959'.
     1/1: $0\pair_q[133][19:0]
Creating decoders for process `\IMG_FILTER.$proc$rtl/img_filter.v:617$1954'.
     1/1: $0\pair_q[132][19:0]
Creating decoders for process `\IMG_FILTER.$proc$rtl/img_filter.v:617$1949'.
     1/1: $0\pair_q[131][19:0]
Creating decoders for process `\IMG_FILTER.$proc$rtl/img_filter.v:617$1944'.
     1/1: $0\pair_q[130][19:0]
Creating decoders for process `\IMG_FILTER.$proc$rtl/img_filter.v:617$1939'.
     1/1: $0\pair_q[129][19:0]
Creating decoders for process `\IMG_FILTER.$proc$rtl/img_filter.v:617$1934'.
     1/1: $0\pair_q[128][19:0]
Creating decoders for process `\IMG_FILTER.$proc$rtl/img_filter.v:617$1929'.
     1/1: $0\pair_q[127][19:0]
Creating decoders for process `\IMG_FILTER.$proc$rtl/img_filter.v:617$1924'.
     1/1: $0\pair_q[126][19:0]
Creating decoders for process `\IMG_FILTER.$proc$rtl/img_filter.v:617$1919'.
     1/1: $0\pair_q[125][19:0]
Creating decoders for process `\IMG_FILTER.$proc$rtl/img_filter.v:627$1911'.
     1/1: $0\part_q[24][19:0]
Creating decoders for process `\IMG_FILTER.$proc$rtl/img_filter.v:627$1905'.
     1/1: $0\part_q[23][19:0]
Creating decoders for process `\IMG_FILTER.$proc$rtl/img_filter.v:627$1899'.
     1/1: $0\part_q[22][19:0]
Creating decoders for process `\IMG_FILTER.$proc$rtl/img_filter.v:627$1893'.
     1/1: $0\part_q[21][19:0]
Creating decoders for process `\IMG_FILTER.$proc$rtl/img_filter.v:627$1887'.
     1/1: $0\part_q[20][19:0]
Creating decoders for process `\IMG_FILTER.$proc$rtl/img_filter.v:617$1881'.
     1/1: $0\pair_q[124][19:0]
Creating decoders for process `\IMG_FILTER.$proc$rtl/img_filter.v:617$1876'.
     1/1: $0\pair_q[123][19:0]
Creating decoders for process `\IMG_FILTER.$proc$rtl/img_filter.v:617$1871'.
     1/1: $0\pair_q[122][19:0]
Creating decoders for process `\IMG_FILTER.$proc$rtl/img_filter.v:617$1866'.
     1/1: $0\pair_q[121][19:0]
Creating decoders for process `\IMG_FILTER.$proc$rtl/img_filter.v:617$1861'.
     1/1: $0\pair_q[120][19:0]
Creating decoders for process `\IMG_FILTER.$proc$rtl/img_filter.v:617$1856'.
     1/1: $0\pair_q[119][19:0]
Creating decoders for process `\IMG_FILTER.$proc$rtl/img_filter.v:617$1851'.
     1/1: $0\pair_q[118][19:0]
Creating decoders for process `\IMG_FILTER.$proc$rtl/img_filter.v:617$1846'.
     1/1: $0\pair_q[117][19:0]
Creating decoders for process `\IMG_FILTER.$proc$rtl/img_filter.v:617$1841'.
     1/1: $0\pair_q[116][19:0]
Creating decoders for process `\IMG_FILTER.$proc$rtl/img_filter.v:617$1836'.
     1/1: $0\pair_q[115][19:0]
Creating decoders for process `\IMG_FILTER.$proc$rtl/img_filter.v:617$1831'.
     1/1: $0\pair_q[114][19:0]
Creating decoders for process `\IMG_FILTER.$proc$rtl/img_filter.v:617$1826'.
     1/1: $0\pair_q[113][19:0]
Creating decoders for process `\IMG_FILTER.$proc$rtl/img_filter.v:617$1821'.
     1/1: $0\pair_q[112][19:0]
Creating decoders for process `\IMG_FILTER.$proc$rtl/img_filter.v:617$1816'.
     1/1: $0\pair_q[111][19:0]
Creating decoders for process `\IMG_FILTER.$proc$rtl/img_filter.v:617$1811'.
     1/1: $0\pair_q[110][19:0]
Creating decoders for process `\IMG_FILTER.$proc$rtl/img_filter.v:617$1806'.
     1/1: $0\pair_q[109][19:0]
Creating decoders for process `\IMG_FILTER.$proc$rtl/img_filter.v:617$1801'.
     1/1: $0\pair_q[108][19:0]
Creating decoders for process `\IMG_FILTER.$proc$rtl/img_filter.v:617$1796'.
     1/1: $0\pair_q[107][19:0]
Creating decoders for process `\IMG_FILTER.$proc$rtl/img_filter.v:617$1791'.
     1/1: $0\pair_q[106][19:0]
Creating decoders for process `\IMG_FILTER.$proc$rtl/img_filter.v:617$1786'.
     1/1: $0\pair_q[105][19:0]
Creating decoders for process `\IMG_FILTER.$proc$rtl/img_filter.v:617$1781'.
     1/1: $0\pair_q[104][19:0]
Creating decoders for process `\IMG_FILTER.$proc$rtl/img_filter.v:617$1776'.
     1/1: $0\pair_q[103][19:0]
Creating decoders for process `\IMG_FILTER.$proc$rtl/img_filter.v:617$1771'.
     1/1: $0\pair_q[102][19:0]
Creating decoders for process `\IMG_FILTER.$proc$rtl/img_filter.v:617$1766'.
     1/1: $0\pair_q[101][19:0]
Creating decoders for process `\IMG_FILTER.$proc$rtl/img_filter.v:617$1761'.
     1/1: $0\pair_q[100][19:0]
Creating decoders for process `\IMG_FILTER.$proc$rtl/img_filter.v:627$1753'.
     1/1: $0\part_q[19][19:0]
Creating decoders for process `\IMG_FILTER.$proc$rtl/img_filter.v:627$1747'.
     1/1: $0\part_q[18][19:0]
Creating decoders for process `\IMG_FILTER.$proc$rtl/img_filter.v:627$1741'.
     1/1: $0\part_q[17][19:0]
Creating decoders for process `\IMG_FILTER.$proc$rtl/img_filter.v:627$1735'.
     1/1: $0\part_q[16][19:0]
Creating decoders for process `\IMG_FILTER.$proc$rtl/img_filter.v:627$1729'.
     1/1: $0\part_q[15][19:0]
Creating decoders for process `\IMG_FILTER.$proc$rtl/img_filter.v:617$1723'.
     1/1: $0\pair_q[99][19:0]
Creating decoders for process `\IMG_FILTER.$proc$rtl/img_filter.v:617$1718'.
     1/1: $0\pair_q[98][19:0]
Creating decoders for process `\IMG_FILTER.$proc$rtl/img_filter.v:617$1713'.
     1/1: $0\pair_q[97][19:0]
Creating decoders for process `\IMG_FILTER.$proc$rtl/img_filter.v:617$1708'.
     1/1: $0\pair_q[96][19:0]
Creating decoders for process `\IMG_FILTER.$proc$rtl/img_filter.v:617$1703'.
     1/1: $0\pair_q[95][19:0]
Creating decoders for process `\IMG_FILTER.$proc$rtl/img_filter.v:617$1698'.
     1/1: $0\pair_q[94][19:0]
Creating decoders for process `\IMG_FILTER.$proc$rtl/img_filter.v:617$1693'.
     1/1: $0\pair_q[93][19:0]
Creating decoders for process `\IMG_FILTER.$proc$rtl/img_filter.v:617$1688'.
     1/1: $0\pair_q[92][19:0]
Creating decoders for process `\IMG_FILTER.$proc$rtl/img_filter.v:617$1683'.
     1/1: $0\pair_q[91][19:0]
Creating decoders for process `\IMG_FILTER.$proc$rtl/img_filter.v:617$1678'.
     1/1: $0\pair_q[90][19:0]
Creating decoders for process `\IMG_FILTER.$proc$rtl/img_filter.v:617$1673'.
     1/1: $0\pair_q[89][19:0]
Creating decoders for process `\IMG_FILTER.$proc$rtl/img_filter.v:617$1668'.
     1/1: $0\pair_q[88][19:0]
Creating decoders for process `\IMG_FILTER.$proc$rtl/img_filter.v:617$1663'.
     1/1: $0\pair_q[87][19:0]
Creating decoders for process `\IMG_FILTER.$proc$rtl/img_filter.v:617$1658'.
     1/1: $0\pair_q[86][19:0]
Creating decoders for process `\IMG_FILTER.$proc$rtl/img_filter.v:617$1653'.
     1/1: $0\pair_q[85][19:0]
Creating decoders for process `\IMG_FILTER.$proc$rtl/img_filter.v:617$1648'.
     1/1: $0\pair_q[84][19:0]
Creating decoders for process `\IMG_FILTER.$proc$rtl/img_filter.v:617$1643'.
     1/1: $0\pair_q[83][19:0]
Creating decoders for process `\IMG_FILTER.$proc$rtl/img_filter.v:617$1638'.
     1/1: $0\pair_q[82][19:0]
Creating decoders for process `\IMG_FILTER.$proc$rtl/img_filter.v:617$1633'.
     1/1: $0\pair_q[81][19:0]
Creating decoders for process `\IMG_FILTER.$proc$rtl/img_filter.v:617$1628'.
     1/1: $0\pair_q[80][19:0]
Creating decoders for process `\IMG_FILTER.$proc$rtl/img_filter.v:617$1623'.
     1/1: $0\pair_q[79][19:0]
Creating decoders for process `\IMG_FILTER.$proc$rtl/img_filter.v:617$1618'.
     1/1: $0\pair_q[78][19:0]
Creating decoders for process `\IMG_FILTER.$proc$rtl/img_filter.v:617$1613'.
     1/1: $0\pair_q[77][19:0]
Creating decoders for process `\IMG_FILTER.$proc$rtl/img_filter.v:617$1608'.
     1/1: $0\pair_q[76][19:0]
Creating decoders for process `\IMG_FILTER.$proc$rtl/img_filter.v:617$1603'.
     1/1: $0\pair_q[75][19:0]
Creating decoders for process `\IMG_FILTER.$proc$rtl/img_filter.v:627$1595'.
     1/1: $0\part_q[14][19:0]
Creating decoders for process `\IMG_FILTER.$proc$rtl/img_filter.v:627$1589'.
     1/1: $0\part_q[13][19:0]
Creating decoders for process `\IMG_FILTER.$proc$rtl/img_filter.v:627$1583'.
     1/1: $0\part_q[12][19:0]
Creating decoders for process `\IMG_FILTER.$proc$rtl/img_filter.v:627$1577'.
     1/1: $0\part_q[11][19:0]
Creating decoders for process `\IMG_FILTER.$proc$rtl/img_filter.v:627$1571'.
     1/1: $0\part_q[10][19:0]
Creating decoders for process `\IMG_FILTER.$proc$rtl/img_filter.v:617$1565'.
     1/1: $0\pair_q[74][19:0]
Creating decoders for process `\IMG_FILTER.$proc$rtl/img_filter.v:617$1560'.
     1/1: $0\pair_q[73][19:0]
Creating decoders for process `\IMG_FILTER.$proc$rtl/img_filter.v:617$1555'.
     1/1: $0\pair_q[72][19:0]
Creating decoders for process `\IMG_FILTER.$proc$rtl/img_filter.v:617$1550'.
     1/1: $0\pair_q[71][19:0]
Creating decoders for process `\IMG_FILTER.$proc$rtl/img_filter.v:617$1545'.
     1/1: $0\pair_q[70][19:0]
Creating decoders for process `\IMG_FILTER.$proc$rtl/img_filter.v:617$1540'.
     1/1: $0\pair_q[69][19:0]
Creating decoders for process `\IMG_FILTER.$proc$rtl/img_filter.v:617$1535'.
     1/1: $0\pair_q[68][19:0]
Creating decoders for process `\IMG_FILTER.$proc$rtl/img_filter.v:617$1530'.
     1/1: $0\pair_q[67][19:0]
Creating decoders for process `\IMG_FILTER.$proc$rtl/img_filter.v:617$1525'.
     1/1: $0\pair_q[66][19:0]
Creating decoders for process `\IMG_FILTER.$proc$rtl/img_filter.v:617$1520'.
     1/1: $0\pair_q[65][19:0]
Creating decoders for process `\IMG_FILTER.$proc$rtl/img_filter.v:617$1515'.
     1/1: $0\pair_q[64][19:0]
Creating decoders for process `\IMG_FILTER.$proc$rtl/img_filter.v:617$1510'.
     1/1: $0\pair_q[63][19:0]
Creating decoders for process `\IMG_FILTER.$proc$rtl/img_filter.v:617$1505'.
     1/1: $0\pair_q[62][19:0]
Creating decoders for process `\IMG_FILTER.$proc$rtl/img_filter.v:617$1500'.
     1/1: $0\pair_q[61][19:0]
Creating decoders for process `\IMG_FILTER.$proc$rtl/img_filter.v:617$1495'.
     1/1: $0\pair_q[60][19:0]
Creating decoders for process `\IMG_FILTER.$proc$rtl/img_filter.v:617$1490'.
     1/1: $0\pair_q[59][19:0]
Creating decoders for process `\IMG_FILTER.$proc$rtl/img_filter.v:617$1485'.
     1/1: $0\pair_q[58][19:0]
Creating decoders for process `\IMG_FILTER.$proc$rtl/img_filter.v:617$1480'.
     1/1: $0\pair_q[57][19:0]
Creating decoders for process `\IMG_FILTER.$proc$rtl/img_filter.v:617$1475'.
     1/1: $0\pair_q[56][19:0]
Creating decoders for process `\IMG_FILTER.$proc$rtl/img_filter.v:617$1470'.
     1/1: $0\pair_q[55][19:0]
Creating decoders for process `\IMG_FILTER.$proc$rtl/img_filter.v:617$1465'.
     1/1: $0\pair_q[54][19:0]
Creating decoders for process `\IMG_FILTER.$proc$rtl/img_filter.v:617$1460'.
     1/1: $0\pair_q[53][19:0]
Creating decoders for process `\IMG_FILTER.$proc$rtl/img_filter.v:617$1455'.
     1/1: $0\pair_q[52][19:0]
Creating decoders for process `\IMG_FILTER.$proc$rtl/img_filter.v:617$1450'.
     1/1: $0\pair_q[51][19:0]
Creating decoders for process `\IMG_FILTER.$proc$rtl/img_filter.v:617$1445'.
     1/1: $0\pair_q[50][19:0]
Creating decoders for process `\IMG_FILTER.$proc$rtl/img_filter.v:627$1437'.
     1/1: $0\part_q[9][19:0]
Creating decoders for process `\IMG_FILTER.$proc$rtl/img_filter.v:627$1431'.
     1/1: $0\part_q[8][19:0]
Creating decoders for process `\IMG_FILTER.$proc$rtl/img_filter.v:627$1425'.
     1/1: $0\part_q[7][19:0]
Creating decoders for process `\IMG_FILTER.$proc$rtl/img_filter.v:627$1419'.
     1/1: $0\part_q[6][19:0]
Creating decoders for process `\IMG_FILTER.$proc$rtl/img_filter.v:627$1413'.
     1/1: $0\part_q[5][19:0]
Creating decoders for process `\IMG_FILTER.$proc$rtl/img_filter.v:617$1407'.
     1/1: $0\pair_q[49][19:0]
Creating decoders for process `\IMG_FILTER.$proc$rtl/img_filter.v:617$1402'.
     1/1: $0\pair_q[48][19:0]
Creating decoders for process `\IMG_FILTER.$proc$rtl/img_filter.v:617$1397'.
     1/1: $0\pair_q[47][19:0]
Creating decoders for process `\IMG_FILTER.$proc$rtl/img_filter.v:617$1392'.
     1/1: $0\pair_q[46][19:0]
Creating decoders for process `\IMG_FILTER.$proc$rtl/img_filter.v:617$1387'.
     1/1: $0\pair_q[45][19:0]
Creating decoders for process `\IMG_FILTER.$proc$rtl/img_filter.v:617$1382'.
     1/1: $0\pair_q[44][19:0]
Creating decoders for process `\IMG_FILTER.$proc$rtl/img_filter.v:617$1377'.
     1/1: $0\pair_q[43][19:0]
Creating decoders for process `\IMG_FILTER.$proc$rtl/img_filter.v:617$1372'.
     1/1: $0\pair_q[42][19:0]
Creating decoders for process `\IMG_FILTER.$proc$rtl/img_filter.v:617$1367'.
     1/1: $0\pair_q[41][19:0]
Creating decoders for process `\IMG_FILTER.$proc$rtl/img_filter.v:617$1362'.
     1/1: $0\pair_q[40][19:0]
Creating decoders for process `\IMG_FILTER.$proc$rtl/img_filter.v:617$1357'.
     1/1: $0\pair_q[39][19:0]
Creating decoders for process `\IMG_FILTER.$proc$rtl/img_filter.v:617$1352'.
     1/1: $0\pair_q[38][19:0]
Creating decoders for process `\IMG_FILTER.$proc$rtl/img_filter.v:617$1347'.
     1/1: $0\pair_q[37][19:0]
Creating decoders for process `\IMG_FILTER.$proc$rtl/img_filter.v:617$1342'.
     1/1: $0\pair_q[36][19:0]
Creating decoders for process `\IMG_FILTER.$proc$rtl/img_filter.v:617$1337'.
     1/1: $0\pair_q[35][19:0]
Creating decoders for process `\IMG_FILTER.$proc$rtl/img_filter.v:617$1332'.
     1/1: $0\pair_q[34][19:0]
Creating decoders for process `\IMG_FILTER.$proc$rtl/img_filter.v:617$1327'.
     1/1: $0\pair_q[33][19:0]
Creating decoders for process `\IMG_FILTER.$proc$rtl/img_filter.v:617$1322'.
     1/1: $0\pair_q[32][19:0]
Creating decoders for process `\IMG_FILTER.$proc$rtl/img_filter.v:617$1317'.
     1/1: $0\pair_q[31][19:0]
Creating decoders for process `\IMG_FILTER.$proc$rtl/img_filter.v:617$1312'.
     1/1: $0\pair_q[30][19:0]
Creating decoders for process `\IMG_FILTER.$proc$rtl/img_filter.v:617$1307'.
     1/1: $0\pair_q[29][19:0]
Creating decoders for process `\IMG_FILTER.$proc$rtl/img_filter.v:617$1302'.
     1/1: $0\pair_q[28][19:0]
Creating decoders for process `\IMG_FILTER.$proc$rtl/img_filter.v:617$1297'.
     1/1: $0\pair_q[27][19:0]
Creating decoders for process `\IMG_FILTER.$proc$rtl/img_filter.v:617$1292'.
     1/1: $0\pair_q[26][19:0]
Creating decoders for process `\IMG_FILTER.$proc$rtl/img_filter.v:617$1287'.
     1/1: $0\pair_q[25][19:0]
Creating decoders for process `\IMG_FILTER.$proc$rtl/img_filter.v:627$1279'.
     1/1: $0\part_q[4][19:0]
Creating decoders for process `\IMG_FILTER.$proc$rtl/img_filter.v:627$1273'.
     1/1: $0\part_q[3][19:0]
Creating decoders for process `\IMG_FILTER.$proc$rtl/img_filter.v:627$1267'.
     1/1: $0\part_q[2][19:0]
Creating decoders for process `\IMG_FILTER.$proc$rtl/img_filter.v:627$1261'.
     1/1: $0\part_q[1][19:0]
Creating decoders for process `\IMG_FILTER.$proc$rtl/img_filter.v:627$1255'.
     1/1: $0\part_q[0][19:0]
Creating decoders for process `\IMG_FILTER.$proc$rtl/img_filter.v:617$1249'.
     1/1: $0\pair_q[24][19:0]
Creating decoders for process `\IMG_FILTER.$proc$rtl/img_filter.v:617$1244'.
     1/1: $0\pair_q[23][19:0]
Creating decoders for process `\IMG_FILTER.$proc$rtl/img_filter.v:617$1239'.
     1/1: $0\pair_q[22][19:0]
Creating decoders for process `\IMG_FILTER.$proc$rtl/img_filter.v:617$1234'.
     1/1: $0\pair_q[21][19:0]
Creating decoders for process `\IMG_FILTER.$proc$rtl/img_filter.v:617$1229'.
     1/1: $0\pair_q[20][19:0]
Creating decoders for process `\IMG_FILTER.$proc$rtl/img_filter.v:617$1224'.
     1/1: $0\pair_q[19][19:0]
Creating decoders for process `\IMG_FILTER.$proc$rtl/img_filter.v:617$1219'.
     1/1: $0\pair_q[18][19:0]
Creating decoders for process `\IMG_FILTER.$proc$rtl/img_filter.v:617$1214'.
     1/1: $0\pair_q[17][19:0]
Creating decoders for process `\IMG_FILTER.$proc$rtl/img_filter.v:617$1209'.
     1/1: $0\pair_q[16][19:0]
Creating decoders for process `\IMG_FILTER.$proc$rtl/img_filter.v:617$1204'.
     1/1: $0\pair_q[15][19:0]
Creating decoders for process `\IMG_FILTER.$proc$rtl/img_filter.v:617$1199'.
     1/1: $0\pair_q[14][19:0]
Creating decoders for process `\IMG_FILTER.$proc$rtl/img_filter.v:617$1194'.
     1/1: $0\pair_q[13][19:0]
Creating decoders for process `\IMG_FILTER.$proc$rtl/img_filter.v:617$1189'.
     1/1: $0\pair_q[12][19:0]
Creating decoders for process `\IMG_FILTER.$proc$rtl/img_filter.v:617$1184'.
     1/1: $0\pair_q[11][19:0]
Creating decoders for process `\IMG_FILTER.$proc$rtl/img_filter.v:617$1179'.
     1/1: $0\pair_q[10][19:0]
Creating decoders for process `\IMG_FILTER.$proc$rtl/img_filter.v:617$1174'.
     1/1: $0\pair_q[9][19:0]
Creating decoders for process `\IMG_FILTER.$proc$rtl/img_filter.v:617$1169'.
     1/1: $0\pair_q[8][19:0]
Creating decoders for process `\IMG_FILTER.$proc$rtl/img_filter.v:617$1164'.
     1/1: $0\pair_q[7][19:0]
Creating decoders for process `\IMG_FILTER.$proc$rtl/img_filter.v:617$1159'.
     1/1: $0\pair_q[6][19:0]
Creating decoders for process `\IMG_FILTER.$proc$rtl/img_filter.v:617$1154'.
     1/1: $0\pair_q[5][19:0]
Creating decoders for process `\IMG_FILTER.$proc$rtl/img_filter.v:617$1149'.
     1/1: $0\pair_q[4][19:0]
Creating decoders for process `\IMG_FILTER.$proc$rtl/img_filter.v:617$1144'.
     1/1: $0\pair_q[3][19:0]
Creating decoders for process `\IMG_FILTER.$proc$rtl/img_filter.v:617$1139'.
     1/1: $0\pair_q[2][19:0]
Creating decoders for process `\IMG_FILTER.$proc$rtl/img_filter.v:617$1134'.
     1/1: $0\pair_q[1][19:0]
Creating decoders for process `\IMG_FILTER.$proc$rtl/img_filter.v:617$1129'.
     1/1: $0\pair_q[0][19:0]
Creating decoders for process `\IMG_FILTER.$proc$rtl/img_filter.v:393$871'.
Creating decoders for process `\IMG_FILTER.$proc$rtl/img_filter.v:392$861'.
Creating decoders for process `\IMG_FILTER.$proc$rtl/img_filter.v:391$851'.
Creating decoders for process `\IMG_FILTER.$proc$rtl/img_filter.v:377$841'.
Creating decoders for process `\IMG_FILTER.$proc$rtl/img_filter.v:377$836'.
Creating decoders for process `\IMG_FILTER.$proc$rtl/img_filter.v:376$826'.
Creating decoders for process `\IMG_FILTER.$proc$rtl/img_filter.v:376$821'.
Creating decoders for process `\IMG_FILTER.$proc$rtl/img_filter.v:375$811'.
Creating decoders for process `\IMG_FILTER.$proc$rtl/img_filter.v:669$313'.
     1/2: $0\oskid_d[159:0]
     2/2: $0\out_pix_data[159:0]
Creating decoders for process `\IMG_FILTER.$proc$rtl/img_filter.v:652$307'.
     1/2: $0\oskid_v[0:0]
     2/2: $0\out_v_q[0:0]
Creating decoders for process `\IMG_FILTER.$proc$rtl/img_filter.v:567$302'.
     1/7: $0\byp_d2[159:0]
     2/7: $0\byp_d1[159:0]
     3/7: $0\cbp_d2[7:0]
     4/7: $0\cbp_d1[7:0]
     5/7: $0\c_d2[391:0]
     6/7: $0\c_d1[391:0]
     7/7: $0\rdata_q[7839:0]
Creating decoders for process `\IMG_FILTER.$proc$rtl/img_filter.v:549$300'.
     1/6: $0\out_d4[0:0]
     2/6: $0\out_d3[0:0]
     3/6: $0\out_d2[0:0]
     4/6: $0\out_d1[0:0]
     5/6: $0\ce_d2[48:0]
     6/6: $0\ce_d1[48:0]
Creating decoders for process `\IMG_FILTER.$proc$rtl/img_filter.v:521$294'.
     1/2: $0\m_cbp[7:0]
     2/2: $0\m_c[391:0]
Creating decoders for process `\IMG_FILTER.$proc$rtl/img_filter.v:508$287'.
     1/4: $0\m_out[0:0]
     2/4: $0\m_addr[8:0]
     3/4: $0\m_1h[48:0]
     4/4: $0\m_ce[48:0]
Creating decoders for process `\IMG_FILTER.$proc$rtl/img_filter.v:494$283'.
     1/1: $0\in_data_q[159:0]
Creating decoders for process `\IMG_FILTER.$proc$rtl/img_filter.v:487$282'.
     1/2: $0\ibuf1[159:0]
     2/2: $0\ibuf0[159:0]
Creating decoders for process `\IMG_FILTER.$proc$rtl/img_filter.v:474$276'.
     1/4: $0\in_need_q[0:0]
     2/4: $0\icnt[1:0]
     3/4: $0\ird[0:0]
     4/4: $0\iwr[0:0]
Creating decoders for process `\IMG_FILTER.$proc$rtl/img_filter.v:439$264'.
     1/3: $0\tlo_f[4:0]
     2/3: $0\ymod_f[5:0]
     3/3: $0\rem_f[11:0]
Creating decoders for process `\IMG_FILTER.$proc$rtl/img_filter.v:431$263'.
     1/3: $0\cbp_cur[7:0]
     2/3: $0\ce_cur[48:0]
     3/3: $0\c_cur[391:0]
Creating decoders for process `\IMG_FILTER.$proc$rtl/img_filter.v:418$259'.
Creating decoders for process `\IMG_FILTER.$proc$rtl/img_filter.v:383$258'.
Creating decoders for process `\IMG_FILTER.$proc$rtl/img_filter.v:267$222'.
     1/6: $0\rem_q[11:0]
     2/6: $0\wbank[5:0]
     3/6: $0\r_cnt[11:0]
     4/6: $0\c_cnt[8:0]
     5/6: $0\state[2:0]
     6/6: $0\prep_cnt[3:0]
Creating decoders for process `\IMG_FILTER.$proc$rtl/img_filter.v:197$177'.
     1/1: $0\mod_x[13:0]
Creating decoders for process `\IMG_FILTER.$proc$rtl/img_filter.v:186$24'.
     1/27: $2\i[31:0]
     2/27: $1\i[31:0]
     3/27: $0\a_sym[24][7:0]
     4/27: $0\a_sym[23][7:0]
     5/27: $0\a_sym[22][7:0]
     6/27: $0\a_sym[21][7:0]
     7/27: $0\a_sym[20][7:0]
     8/27: $0\a_sym[19][7:0]
     9/27: $0\a_sym[18][7:0]
    10/27: $0\a_sym[17][7:0]
    11/27: $0\a_sym[16][7:0]
    12/27: $0\a_sym[15][7:0]
    13/27: $0\a_sym[14][7:0]
    14/27: $0\a_sym[13][7:0]
    15/27: $0\a_sym[12][7:0]
    16/27: $0\a_sym[11][7:0]
    17/27: $0\a_sym[10][7:0]
    18/27: $0\a_sym[9][7:0]
    19/27: $0\a_sym[8][7:0]
    20/27: $0\a_sym[7][7:0]
    21/27: $0\a_sym[6][7:0]
    22/27: $0\a_sym[5][7:0]
    23/27: $0\a_sym[4][7:0]
    24/27: $0\a_sym[3][7:0]
    25/27: $0\a_sym[2][7:0]
    26/27: $0\a_sym[1][7:0]
    27/27: $0\a_sym[0][7:0]
Creating decoders for process `\IMG_FILTER.$proc$rtl/img_filter.v:157$20'.
     1/4: $0\coef_q[199:0]
     2/4: $0\hv_q[4:0]
     3/4: $0\nbm1_q[8:0]
     4/4: $0\h_m1_q[11:0]

4.8. Executing PROC_DLATCH pass (convert process syncs to latches).
No latch inferred for signal `\IMG_FILTER.\rndv[15]' from process `\IMG_FILTER.$proc$rtl/img_filter.v:635$3749'.
No latch inferred for signal `\IMG_FILTER.\total[15]' from process `\IMG_FILTER.$proc$rtl/img_filter.v:631$3744'.
No latch inferred for signal `\IMG_FILTER.\rndv[14]' from process `\IMG_FILTER.$proc$rtl/img_filter.v:635$3743'.
No latch inferred for signal `\IMG_FILTER.\total[14]' from process `\IMG_FILTER.$proc$rtl/img_filter.v:631$3738'.
No latch inferred for signal `\IMG_FILTER.\rndv[13]' from process `\IMG_FILTER.$proc$rtl/img_filter.v:635$3737'.
No latch inferred for signal `\IMG_FILTER.\total[13]' from process `\IMG_FILTER.$proc$rtl/img_filter.v:631$3732'.
No latch inferred for signal `\IMG_FILTER.\rndv[12]' from process `\IMG_FILTER.$proc$rtl/img_filter.v:635$3731'.
No latch inferred for signal `\IMG_FILTER.\total[12]' from process `\IMG_FILTER.$proc$rtl/img_filter.v:631$3726'.
No latch inferred for signal `\IMG_FILTER.\rndv[11]' from process `\IMG_FILTER.$proc$rtl/img_filter.v:635$3725'.
No latch inferred for signal `\IMG_FILTER.\total[11]' from process `\IMG_FILTER.$proc$rtl/img_filter.v:631$3720'.
No latch inferred for signal `\IMG_FILTER.\rndv[10]' from process `\IMG_FILTER.$proc$rtl/img_filter.v:635$3719'.
No latch inferred for signal `\IMG_FILTER.\total[10]' from process `\IMG_FILTER.$proc$rtl/img_filter.v:631$3714'.
No latch inferred for signal `\IMG_FILTER.\rndv[9]' from process `\IMG_FILTER.$proc$rtl/img_filter.v:635$3713'.
No latch inferred for signal `\IMG_FILTER.\total[9]' from process `\IMG_FILTER.$proc$rtl/img_filter.v:631$3708'.
No latch inferred for signal `\IMG_FILTER.\rndv[8]' from process `\IMG_FILTER.$proc$rtl/img_filter.v:635$3707'.
No latch inferred for signal `\IMG_FILTER.\total[8]' from process `\IMG_FILTER.$proc$rtl/img_filter.v:631$3702'.
No latch inferred for signal `\IMG_FILTER.\rndv[7]' from process `\IMG_FILTER.$proc$rtl/img_filter.v:635$3701'.
No latch inferred for signal `\IMG_FILTER.\total[7]' from process `\IMG_FILTER.$proc$rtl/img_filter.v:631$3696'.
No latch inferred for signal `\IMG_FILTER.\rndv[6]' from process `\IMG_FILTER.$proc$rtl/img_filter.v:635$3695'.
No latch inferred for signal `\IMG_FILTER.\total[6]' from process `\IMG_FILTER.$proc$rtl/img_filter.v:631$3690'.
No latch inferred for signal `\IMG_FILTER.\rndv[5]' from process `\IMG_FILTER.$proc$rtl/img_filter.v:635$3689'.
No latch inferred for signal `\IMG_FILTER.\total[5]' from process `\IMG_FILTER.$proc$rtl/img_filter.v:631$3684'.
No latch inferred for signal `\IMG_FILTER.\rndv[4]' from process `\IMG_FILTER.$proc$rtl/img_filter.v:635$3683'.
No latch inferred for signal `\IMG_FILTER.\total[4]' from process `\IMG_FILTER.$proc$rtl/img_filter.v:631$3678'.
No latch inferred for signal `\IMG_FILTER.\rndv[3]' from process `\IMG_FILTER.$proc$rtl/img_filter.v:635$3677'.
No latch inferred for signal `\IMG_FILTER.\total[3]' from process `\IMG_FILTER.$proc$rtl/img_filter.v:631$3672'.
No latch inferred for signal `\IMG_FILTER.\rndv[2]' from process `\IMG_FILTER.$proc$rtl/img_filter.v:635$3671'.
No latch inferred for signal `\IMG_FILTER.\total[2]' from process `\IMG_FILTER.$proc$rtl/img_filter.v:631$3666'.
No latch inferred for signal `\IMG_FILTER.\rndv[1]' from process `\IMG_FILTER.$proc$rtl/img_filter.v:635$3665'.
No latch inferred for signal `\IMG_FILTER.\total[1]' from process `\IMG_FILTER.$proc$rtl/img_filter.v:631$3660'.
No latch inferred for signal `\IMG_FILTER.\rndv[0]' from process `\IMG_FILTER.$proc$rtl/img_filter.v:635$3659'.
No latch inferred for signal `\IMG_FILTER.\total[0]' from process `\IMG_FILTER.$proc$rtl/img_filter.v:631$3654'.
No latch inferred for signal `\IMG_FILTER.\rot49_hi$func$rtl/img_filter.v:393$11.$result' from process `\IMG_FILTER.$proc$rtl/img_filter.v:393$871'.
No latch inferred for signal `\IMG_FILTER.\rot49_hi$func$rtl/img_filter.v:392$10.$result' from process `\IMG_FILTER.$proc$rtl/img_filter.v:392$861'.
No latch inferred for signal `\IMG_FILTER.\rot49_hi$func$rtl/img_filter.v:391$9.$result' from process `\IMG_FILTER.$proc$rtl/img_filter.v:391$851'.
No latch inferred for signal `\IMG_FILTER.\rot49_lo$func$rtl/img_filter.v:377$8.$result' from process `\IMG_FILTER.$proc$rtl/img_filter.v:377$841'.
No latch inferred for signal `\IMG_FILTER.\rev49$func$rtl/img_filter.v:377$7.$result' from process `\IMG_FILTER.$proc$rtl/img_filter.v:377$836'.
No latch inferred for signal `\IMG_FILTER.\rot49_lo$func$rtl/img_filter.v:376$6.$result' from process `\IMG_FILTER.$proc$rtl/img_filter.v:376$826'.
No latch inferred for signal `\IMG_FILTER.\rev49$func$rtl/img_filter.v:376$5.$result' from process `\IMG_FILTER.$proc$rtl/img_filter.v:376$821'.
No latch inferred for signal `\IMG_FILTER.\rot49_lo$func$rtl/img_filter.v:375$4.$result' from process `\IMG_FILTER.$proc$rtl/img_filter.v:375$811'.

4.9. Executing PROC_DFF pass (convert process syncs to FFs).
Creating register for signal `\IMG_FILTER.\part_q[79]' using process `\IMG_FILTER.$proc$rtl/img_filter.v:627$3649'.
  created $dff cell `$procdff$5025' with positive edge clock.
Creating register for signal `\IMG_FILTER.\part_q[78]' using process `\IMG_FILTER.$proc$rtl/img_filter.v:627$3643'.
  created $dff cell `$procdff$5026' with positive edge clock.
Creating register for signal `\IMG_FILTER.\part_q[77]' using process `\IMG_FILTER.$proc$rtl/img_filter.v:627$3637'.
  created $dff cell `$procdff$5027' with positive edge clock.
Creating register for signal `\IMG_FILTER.\part_q[76]' using process `\IMG_FILTER.$proc$rtl/img_filter.v:627$3631'.
  created $dff cell `$procdff$5028' with positive edge clock.
Creating register for signal `\IMG_FILTER.\part_q[75]' using process `\IMG_FILTER.$proc$rtl/img_filter.v:627$3625'.
  created $dff cell `$procdff$5029' with positive edge clock.
Creating register for signal `\IMG_FILTER.\pair_q[399]' using process `\IMG_FILTER.$proc$rtl/img_filter.v:617$3619'.
  created $dff cell `$procdff$5030' with positive edge clock.
Creating register for signal `\IMG_FILTER.\pair_q[398]' using process `\IMG_FILTER.$proc$rtl/img_filter.v:617$3614'.
  created $dff cell `$procdff$5031' with positive edge clock.
Creating register for signal `\IMG_FILTER.\pair_q[397]' using process `\IMG_FILTER.$proc$rtl/img_filter.v:617$3609'.
  created $dff cell `$procdff$5032' with positive edge clock.
Creating register for signal `\IMG_FILTER.\pair_q[396]' using process `\IMG_FILTER.$proc$rtl/img_filter.v:617$3604'.
  created $dff cell `$procdff$5033' with positive edge clock.
Creating register for signal `\IMG_FILTER.\pair_q[395]' using process `\IMG_FILTER.$proc$rtl/img_filter.v:617$3599'.
  created $dff cell `$procdff$5034' with positive edge clock.
Creating register for signal `\IMG_FILTER.\pair_q[394]' using process `\IMG_FILTER.$proc$rtl/img_filter.v:617$3594'.
  created $dff cell `$procdff$5035' with positive edge clock.
Creating register for signal `\IMG_FILTER.\pair_q[393]' using process `\IMG_FILTER.$proc$rtl/img_filter.v:617$3589'.
  created $dff cell `$procdff$5036' with positive edge clock.
Creating register for signal `\IMG_FILTER.\pair_q[392]' using process `\IMG_FILTER.$proc$rtl/img_filter.v:617$3584'.
  created $dff cell `$procdff$5037' with positive edge clock.
Creating register for signal `\IMG_FILTER.\pair_q[391]' using process `\IMG_FILTER.$proc$rtl/img_filter.v:617$3579'.
  created $dff cell `$procdff$5038' with positive edge clock.
Creating register for signal `\IMG_FILTER.\pair_q[390]' using process `\IMG_FILTER.$proc$rtl/img_filter.v:617$3574'.
  created $dff cell `$procdff$5039' with positive edge clock.
Creating register for signal `\IMG_FILTER.\pair_q[389]' using process `\IMG_FILTER.$proc$rtl/img_filter.v:617$3569'.
  created $dff cell `$procdff$5040' with positive edge clock.
Creating register for signal `\IMG_FILTER.\pair_q[388]' using process `\IMG_FILTER.$proc$rtl/img_filter.v:617$3564'.
  created $dff cell `$procdff$5041' with positive edge clock.
Creating register for signal `\IMG_FILTER.\pair_q[387]' using process `\IMG_FILTER.$proc$rtl/img_filter.v:617$3559'.
  created $dff cell `$procdff$5042' with positive edge clock.
Creating register for signal `\IMG_FILTER.\pair_q[386]' using process `\IMG_FILTER.$proc$rtl/img_filter.v:617$3554'.
  created $dff cell `$procdff$5043' with positive edge clock.
Creating register for signal `\IMG_FILTER.\pair_q[385]' using process `\IMG_FILTER.$proc$rtl/img_filter.v:617$3549'.
  created $dff cell `$procdff$5044' with positive edge clock.
Creating register for signal `\IMG_FILTER.\pair_q[384]' using process `\IMG_FILTER.$proc$rtl/img_filter.v:617$3544'.
  created $dff cell `$procdff$5045' with positive edge clock.
Creating register for signal `\IMG_FILTER.\pair_q[383]' using process `\IMG_FILTER.$proc$rtl/img_filter.v:617$3539'.
  created $dff cell `$procdff$5046' with positive edge clock.
Creating register for signal `\IMG_FILTER.\pair_q[382]' using process `\IMG_FILTER.$proc$rtl/img_filter.v:617$3534'.
  created $dff cell `$procdff$5047' with positive edge clock.
Creating register for signal `\IMG_FILTER.\pair_q[381]' using process `\IMG_FILTER.$proc$rtl/img_filter.v:617$3529'.
  created $dff cell `$procdff$5048' with positive edge clock.
Creating register for signal `\IMG_FILTER.\pair_q[380]' using process `\IMG_FILTER.$proc$rtl/img_filter.v:617$3524'.
  created $dff cell `$procdff$5049' with positive edge clock.
Creating register for signal `\IMG_FILTER.\pair_q[379]' using process `\IMG_FILTER.$proc$rtl/img_filter.v:617$3519'.
  created $dff cell `$procdff$5050' with positive edge clock.
Creating register for signal `\IMG_FILTER.\pair_q[378]' using process `\IMG_FILTER.$proc$rtl/img_filter.v:617$3514'.
  created $dff cell `$procdff$5051' with positive edge clock.
Creating register for signal `\IMG_FILTER.\pair_q[377]' using process `\IMG_FILTER.$proc$rtl/img_filter.v:617$3509'.
  created $dff cell `$procdff$5052' with positive edge clock.
Creating register for signal `\IMG_FILTER.\pair_q[376]' using process `\IMG_FILTER.$proc$rtl/img_filter.v:617$3504'.
  created $dff cell `$procdff$5053' with positive edge clock.
Creating register for signal `\IMG_FILTER.\pair_q[375]' using process `\IMG_FILTER.$proc$rtl/img_filter.v:617$3499'.
  created $dff cell `$procdff$5054' with positive edge clock.
Creating register for signal `\IMG_FILTER.\part_q[74]' using process `\IMG_FILTER.$proc$rtl/img_filter.v:627$3491'.
  created $dff cell `$procdff$5055' with positive edge clock.
Creating register for signal `\IMG_FILTER.\part_q[73]' using process `\IMG_FILTER.$proc$rtl/img_filter.v:627$3485'.
  created $dff cell `$procdff$5056' with positive edge clock.
Creating register for signal `\IMG_FILTER.\part_q[72]' using process `\IMG_FILTER.$proc$rtl/img_filter.v:627$3479'.
  created $dff cell `$procdff$5057' with positive edge clock.
Creating register for signal `\IMG_FILTER.\part_q[71]' using process `\IMG_FILTER.$proc$rtl/img_filter.v:627$3473'.
  created $dff cell `$procdff$5058' with positive edge clock.
Creating register for signal `\IMG_FILTER.\part_q[70]' using process `\IMG_FILTER.$proc$rtl/img_filter.v:627$3467'.
  created $dff cell `$procdff$5059' with positive edge clock.
Creating register for signal `\IMG_FILTER.\pair_q[374]' using process `\IMG_FILTER.$proc$rtl/img_filter.v:617$3461'.
  created $dff cell `$procdff$5060' with positive edge clock.
Creating register for signal `\IMG_FILTER.\pair_q[373]' using process `\IMG_FILTER.$proc$rtl/img_filter.v:617$3456'.
  created $dff cell `$procdff$5061' with positive edge clock.
Creating register for signal `\IMG_FILTER.\pair_q[372]' using process `\IMG_FILTER.$proc$rtl/img_filter.v:617$3451'.
  created $dff cell `$procdff$5062' with positive edge clock.
Creating register for signal `\IMG_FILTER.\pair_q[371]' using process `\IMG_FILTER.$proc$rtl/img_filter.v:617$3446'.
  created $dff cell `$procdff$5063' with positive edge clock.
Creating register for signal `\IMG_FILTER.\pair_q[370]' using process `\IMG_FILTER.$proc$rtl/img_filter.v:617$3441'.
  created $dff cell `$procdff$5064' with positive edge clock.
Creating register for signal `\IMG_FILTER.\pair_q[369]' using process `\IMG_FILTER.$proc$rtl/img_filter.v:617$3436'.
  created $dff cell `$procdff$5065' with positive edge clock.
Creating register for signal `\IMG_FILTER.\pair_q[368]' using process `\IMG_FILTER.$proc$rtl/img_filter.v:617$3431'.
  created $dff cell `$procdff$5066' with positive edge clock.
Creating register for signal `\IMG_FILTER.\pair_q[367]' using process `\IMG_FILTER.$proc$rtl/img_filter.v:617$3426'.
  created $dff cell `$procdff$5067' with positive edge clock.
Creating register for signal `\IMG_FILTER.\pair_q[366]' using process `\IMG_FILTER.$proc$rtl/img_filter.v:617$3421'.
  created $dff cell `$procdff$5068' with positive edge clock.
Creating register for signal `\IMG_FILTER.\pair_q[365]' using process `\IMG_FILTER.$proc$rtl/img_filter.v:617$3416'.
  created $dff cell `$procdff$5069' with positive edge clock.
Creating register for signal `\IMG_FILTER.\pair_q[364]' using process `\IMG_FILTER.$proc$rtl/img_filter.v:617$3411'.
  created $dff cell `$procdff$5070' with positive edge clock.
Creating register for signal `\IMG_FILTER.\pair_q[363]' using process `\IMG_FILTER.$proc$rtl/img_filter.v:617$3406'.
  created $dff cell `$procdff$5071' with positive edge clock.
Creating register for signal `\IMG_FILTER.\pair_q[362]' using process `\IMG_FILTER.$proc$rtl/img_filter.v:617$3401'.
  created $dff cell `$procdff$5072' with positive edge clock.
Creating register for signal `\IMG_FILTER.\pair_q[361]' using process `\IMG_FILTER.$proc$rtl/img_filter.v:617$3396'.
  created $dff cell `$procdff$5073' with positive edge clock.
Creating register for signal `\IMG_FILTER.\pair_q[360]' using process `\IMG_FILTER.$proc$rtl/img_filter.v:617$3391'.
  created $dff cell `$procdff$5074' with positive edge clock.
Creating register for signal `\IMG_FILTER.\pair_q[359]' using process `\IMG_FILTER.$proc$rtl/img_filter.v:617$3386'.
  created $dff cell `$procdff$5075' with positive edge clock.
Creating register for signal `\IMG_FILTER.\pair_q[358]' using process `\IMG_FILTER.$proc$rtl/img_filter.v:617$3381'.
  created $dff cell `$procdff$5076' with positive edge clock.
Creating register for signal `\IMG_FILTER.\pair_q[357]' using process `\IMG_FILTER.$proc$rtl/img_filter.v:617$3376'.
  created $dff cell `$procdff$5077' with positive edge clock.
Creating register for signal `\IMG_FILTER.\pair_q[356]' using process `\IMG_FILTER.$proc$rtl/img_filter.v:617$3371'.
  created $dff cell `$procdff$5078' with positive edge clock.
Creating register for signal `\IMG_FILTER.\pair_q[355]' using process `\IMG_FILTER.$proc$rtl/img_filter.v:617$3366'.
  created $dff cell `$procdff$5079' with positive edge clock.
Creating register for signal `\IMG_FILTER.\pair_q[354]' using process `\IMG_FILTER.$proc$rtl/img_filter.v:617$3361'.
  created $dff cell `$procdff$5080' with positive edge clock.
Creating register for signal `\IMG_FILTER.\pair_q[353]' using process `\IMG_FILTER.$proc$rtl/img_filter.v:617$3356'.
  created $dff cell `$procdff$5081' with positive edge clock.
Creating register for signal `\IMG_FILTER.\pair_q[352]' using process `\IMG_FILTER.$proc$rtl/img_filter.v:617$3351'.
  created $dff cell `$procdff$5082' with positive edge clock.
Creating register for signal `\IMG_FILTER.\pair_q[351]' using process `\IMG_FILTER.$proc$rtl/img_filter.v:617$3346'.
  created $dff cell `$procdff$5083' with positive edge clock.
Creating register for signal `\IMG_FILTER.\pair_q[350]' using process `\IMG_FILTER.$proc$rtl/img_filter.v:617$3341'.
  created $dff cell `$procdff$5084' with positive edge clock.
Creating register for signal `\IMG_FILTER.\part_q[69]' using process `\IMG_FILTER.$proc$rtl/img_filter.v:627$3333'.
  created $dff cell `$procdff$5085' with positive edge clock.
Creating register for signal `\IMG_FILTER.\part_q[68]' using process `\IMG_FILTER.$proc$rtl/img_filter.v:627$3327'.
  created $dff cell `$procdff$5086' with positive edge clock.
Creating register for signal `\IMG_FILTER.\part_q[67]' using process `\IMG_FILTER.$proc$rtl/img_filter.v:627$3321'.
  created $dff cell `$procdff$5087' with positive edge clock.
Creating register for signal `\IMG_FILTER.\part_q[66]' using process `\IMG_FILTER.$proc$rtl/img_filter.v:627$3315'.
  created $dff cell `$procdff$5088' with positive edge clock.
Creating register for signal `\IMG_FILTER.\part_q[65]' using process `\IMG_FILTER.$proc$rtl/img_filter.v:627$3309'.
  created $dff cell `$procdff$5089' with positive edge clock.
Creating register for signal `\IMG_FILTER.\pair_q[349]' using process `\IMG_FILTER.$proc$rtl/img_filter.v:617$3303'.
  created $dff cell `$procdff$5090' with positive edge clock.
Creating register for signal `\IMG_FILTER.\pair_q[348]' using process `\IMG_FILTER.$proc$rtl/img_filter.v:617$3298'.
  created $dff cell `$procdff$5091' with positive edge clock.
Creating register for signal `\IMG_FILTER.\pair_q[347]' using process `\IMG_FILTER.$proc$rtl/img_filter.v:617$3293'.
  created $dff cell `$procdff$5092' with positive edge clock.
Creating register for signal `\IMG_FILTER.\pair_q[346]' using process `\IMG_FILTER.$proc$rtl/img_filter.v:617$3288'.
  created $dff cell `$procdff$5093' with positive edge clock.
Creating register for signal `\IMG_FILTER.\pair_q[345]' using process `\IMG_FILTER.$proc$rtl/img_filter.v:617$3283'.
  created $dff cell `$procdff$5094' with positive edge clock.
Creating register for signal `\IMG_FILTER.\pair_q[344]' using process `\IMG_FILTER.$proc$rtl/img_filter.v:617$3278'.
  created $dff cell `$procdff$5095' with positive edge clock.
Creating register for signal `\IMG_FILTER.\pair_q[343]' using process `\IMG_FILTER.$proc$rtl/img_filter.v:617$3273'.
  created $dff cell `$procdff$5096' with positive edge clock.
Creating register for signal `\IMG_FILTER.\pair_q[342]' using process `\IMG_FILTER.$proc$rtl/img_filter.v:617$3268'.
  created $dff cell `$procdff$5097' with positive edge clock.
Creating register for signal `\IMG_FILTER.\pair_q[341]' using process `\IMG_FILTER.$proc$rtl/img_filter.v:617$3263'.
  created $dff cell `$procdff$5098' with positive edge clock.
Creating register for signal `\IMG_FILTER.\pair_q[340]' using process `\IMG_FILTER.$proc$rtl/img_filter.v:617$3258'.
  created $dff cell `$procdff$5099' with positive edge clock.
Creating register for signal `\IMG_FILTER.\pair_q[339]' using process `\IMG_FILTER.$proc$rtl/img_filter.v:617$3253'.
  created $dff cell `$procdff$5100' with positive edge clock.
Creating register for signal `\IMG_FILTER.\pair_q[338]' using process `\IMG_FILTER.$proc$rtl/img_filter.v:617$3248'.
  created $dff cell `$procdff$5101' with positive edge clock.
Creating register for signal `\IMG_FILTER.\pair_q[337]' using process `\IMG_FILTER.$proc$rtl/img_filter.v:617$3243'.
  created $dff cell `$procdff$5102' with positive edge clock.
Creating register for signal `\IMG_FILTER.\pair_q[336]' using process `\IMG_FILTER.$proc$rtl/img_filter.v:617$3238'.
  created $dff cell `$procdff$5103' with positive edge clock.
Creating register for signal `\IMG_FILTER.\pair_q[335]' using process `\IMG_FILTER.$proc$rtl/img_filter.v:617$3233'.
  created $dff cell `$procdff$5104' with positive edge clock.
Creating register for signal `\IMG_FILTER.\pair_q[334]' using process `\IMG_FILTER.$proc$rtl/img_filter.v:617$3228'.
  created $dff cell `$procdff$5105' with positive edge clock.
Creating register for signal `\IMG_FILTER.\pair_q[333]' using process `\IMG_FILTER.$proc$rtl/img_filter.v:617$3223'.
  created $dff cell `$procdff$5106' with positive edge clock.
Creating register for signal `\IMG_FILTER.\pair_q[332]' using process `\IMG_FILTER.$proc$rtl/img_filter.v:617$3218'.
  created $dff cell `$procdff$5107' with positive edge clock.
Creating register for signal `\IMG_FILTER.\pair_q[331]' using process `\IMG_FILTER.$proc$rtl/img_filter.v:617$3213'.
  created $dff cell `$procdff$5108' with positive edge clock.
Creating register for signal `\IMG_FILTER.\pair_q[330]' using process `\IMG_FILTER.$proc$rtl/img_filter.v:617$3208'.
  created $dff cell `$procdff$5109' with positive edge clock.
Creating register for signal `\IMG_FILTER.\pair_q[329]' using process `\IMG_FILTER.$proc$rtl/img_filter.v:617$3203'.
  created $dff cell `$procdff$5110' with positive edge clock.
Creating register for signal `\IMG_FILTER.\pair_q[328]' using process `\IMG_FILTER.$proc$rtl/img_filter.v:617$3198'.
  created $dff cell `$procdff$5111' with positive edge clock.
Creating register for signal `\IMG_FILTER.\pair_q[327]' using process `\IMG_FILTER.$proc$rtl/img_filter.v:617$3193'.
  created $dff cell `$procdff$5112' with positive edge clock.
Creating register for signal `\IMG_FILTER.\pair_q[326]' using process `\IMG_FILTER.$proc$rtl/img_filter.v:617$3188'.
  created $dff cell `$procdff$5113' with positive edge clock.
Creating register for signal `\IMG_FILTER.\pair_q[325]' using process `\IMG_FILTER.$proc$rtl/img_filter.v:617$3183'.
  created $dff cell `$procdff$5114' with positive edge clock.
Creating register for signal `\IMG_FILTER.\part_q[64]' using process `\IMG_FILTER.$proc$rtl/img_filter.v:627$3175'.
  created $dff cell `$procdff$5115' with positive edge clock.
Creating register for signal `\IMG_FILTER.\part_q[63]' using process `\IMG_FILTER.$proc$rtl/img_filter.v:627$3169'.
  created $dff cell `$procdff$5116' with positive edge clock.
Creating register for signal `\IMG_FILTER.\part_q[62]' using process `\IMG_FILTER.$proc$rtl/img_filter.v:627$3163'.
  created $dff cell `$procdff$5117' with positive edge clock.
Creating register for signal `\IMG_FILTER.\part_q[61]' using process `\IMG_FILTER.$proc$rtl/img_filter.v:627$3157'.
  created $dff cell `$procdff$5118' with positive edge clock.
Creating register for signal `\IMG_FILTER.\part_q[60]' using process `\IMG_FILTER.$proc$rtl/img_filter.v:627$3151'.
  created $dff cell `$procdff$5119' with positive edge clock.
Creating register for signal `\IMG_FILTER.\pair_q[324]' using process `\IMG_FILTER.$proc$rtl/img_filter.v:617$3145'.
  created $dff cell `$procdff$5120' with positive edge clock.
Creating register for signal `\IMG_FILTER.\pair_q[323]' using process `\IMG_FILTER.$proc$rtl/img_filter.v:617$3140'.
  created $dff cell `$procdff$5121' with positive edge clock.
Creating register for signal `\IMG_FILTER.\pair_q[322]' using process `\IMG_FILTER.$proc$rtl/img_filter.v:617$3135'.
  created $dff cell `$procdff$5122' with positive edge clock.
Creating register for signal `\IMG_FILTER.\pair_q[321]' using process `\IMG_FILTER.$proc$rtl/img_filter.v:617$3130'.
  created $dff cell `$procdff$5123' with positive edge clock.
Creating register for signal `\IMG_FILTER.\pair_q[320]' using process `\IMG_FILTER.$proc$rtl/img_filter.v:617$3125'.
  created $dff cell `$procdff$5124' with positive edge clock.
Creating register for signal `\IMG_FILTER.\pair_q[319]' using process `\IMG_FILTER.$proc$rtl/img_filter.v:617$3120'.
  created $dff cell `$procdff$5125' with positive edge clock.
Creating register for signal `\IMG_FILTER.\pair_q[318]' using process `\IMG_FILTER.$proc$rtl/img_filter.v:617$3115'.
  created $dff cell `$procdff$5126' with positive edge clock.
Creating register for signal `\IMG_FILTER.\pair_q[317]' using process `\IMG_FILTER.$proc$rtl/img_filter.v:617$3110'.
  created $dff cell `$procdff$5127' with positive edge clock.
Creating register for signal `\IMG_FILTER.\pair_q[316]' using process `\IMG_FILTER.$proc$rtl/img_filter.v:617$3105'.
  created $dff cell `$procdff$5128' with positive edge clock.
Creating register for signal `\IMG_FILTER.\pair_q[315]' using process `\IMG_FILTER.$proc$rtl/img_filter.v:617$3100'.
  created $dff cell `$procdff$5129' with positive edge clock.
Creating register for signal `\IMG_FILTER.\pair_q[314]' using process `\IMG_FILTER.$proc$rtl/img_filter.v:617$3095'.
  created $dff cell `$procdff$5130' with positive edge clock.
Creating register for signal `\IMG_FILTER.\pair_q[313]' using process `\IMG_FILTER.$proc$rtl/img_filter.v:617$3090'.
  created $dff cell `$procdff$5131' with positive edge clock.
Creating register for signal `\IMG_FILTER.\pair_q[312]' using process `\IMG_FILTER.$proc$rtl/img_filter.v:617$3085'.
  created $dff cell `$procdff$5132' with positive edge clock.
Creating register for signal `\IMG_FILTER.\pair_q[311]' using process `\IMG_FILTER.$proc$rtl/img_filter.v:617$3080'.
  created $dff cell `$procdff$5133' with positive edge clock.
Creating register for signal `\IMG_FILTER.\pair_q[310]' using process `\IMG_FILTER.$proc$rtl/img_filter.v:617$3075'.
  created $dff cell `$procdff$5134' with positive edge clock.
Creating register for signal `\IMG_FILTER.\pair_q[309]' using process `\IMG_FILTER.$proc$rtl/img_filter.v:617$3070'.
  created $dff cell `$procdff$5135' with positive edge clock.
Creating register for signal `\IMG_FILTER.\pair_q[308]' using process `\IMG_FILTER.$proc$rtl/img_filter.v:617$3065'.
  created $dff cell `$procdff$5136' with positive edge clock.
Creating register for signal `\IMG_FILTER.\pair_q[307]' using process `\IMG_FILTER.$proc$rtl/img_filter.v:617$3060'.
  created $dff cell `$procdff$5137' with positive edge clock.
Creating register for signal `\IMG_FILTER.\pair_q[306]' using process `\IMG_FILTER.$proc$rtl/img_filter.v:617$3055'.
  created $dff cell `$procdff$5138' with positive edge clock.
Creating register for signal `\IMG_FILTER.\pair_q[305]' using process `\IMG_FILTER.$proc$rtl/img_filter.v:617$3050'.
  created $dff cell `$procdff$5139' with positive edge clock.
Creating register for signal `\IMG_FILTER.\pair_q[304]' using process `\IMG_FILTER.$proc$rtl/img_filter.v:617$3045'.
  created $dff cell `$procdff$5140' with positive edge clock.
Creating register for signal `\IMG_FILTER.\pair_q[303]' using process `\IMG_FILTER.$proc$rtl/img_filter.v:617$3040'.
  created $dff cell `$procdff$5141' with positive edge clock.
Creating register for signal `\IMG_FILTER.\pair_q[302]' using process `\IMG_FILTER.$proc$rtl/img_filter.v:617$3035'.
  created $dff cell `$procdff$5142' with positive edge clock.
Creating register for signal `\IMG_FILTER.\pair_q[301]' using process `\IMG_FILTER.$proc$rtl/img_filter.v:617$3030'.
  created $dff cell `$procdff$5143' with positive edge clock.
Creating register for signal `\IMG_FILTER.\pair_q[300]' using process `\IMG_FILTER.$proc$rtl/img_filter.v:617$3025'.
  created $dff cell `$procdff$5144' with positive edge clock.
Creating register for signal `\IMG_FILTER.\part_q[59]' using process `\IMG_FILTER.$proc$rtl/img_filter.v:627$3017'.
  created $dff cell `$procdff$5145' with positive edge clock.
Creating register for signal `\IMG_FILTER.\part_q[58]' using process `\IMG_FILTER.$proc$rtl/img_filter.v:627$3011'.
  created $dff cell `$procdff$5146' with positive edge clock.
Creating register for signal `\IMG_FILTER.\part_q[57]' using process `\IMG_FILTER.$proc$rtl/img_filter.v:627$3005'.
  created $dff cell `$procdff$5147' with positive edge clock.
Creating register for signal `\IMG_FILTER.\part_q[56]' using process `\IMG_FILTER.$proc$rtl/img_filter.v:627$2999'.
  created $dff cell `$procdff$5148' with positive edge clock.
Creating register for signal `\IMG_FILTER.\part_q[55]' using process `\IMG_FILTER.$proc$rtl/img_filter.v:627$2993'.
  created $dff cell `$procdff$5149' with positive edge clock.
Creating register for signal `\IMG_FILTER.\pair_q[299]' using process `\IMG_FILTER.$proc$rtl/img_filter.v:617$2987'.
  created $dff cell `$procdff$5150' with positive edge clock.
Creating register for signal `\IMG_FILTER.\pair_q[298]' using process `\IMG_FILTER.$proc$rtl/img_filter.v:617$2982'.
  created $dff cell `$procdff$5151' with positive edge clock.
Creating register for signal `\IMG_FILTER.\pair_q[297]' using process `\IMG_FILTER.$proc$rtl/img_filter.v:617$2977'.
  created $dff cell `$procdff$5152' with positive edge clock.
Creating register for signal `\IMG_FILTER.\pair_q[296]' using process `\IMG_FILTER.$proc$rtl/img_filter.v:617$2972'.
  created $dff cell `$procdff$5153' with positive edge clock.
Creating register for signal `\IMG_FILTER.\pair_q[295]' using process `\IMG_FILTER.$proc$rtl/img_filter.v:617$2967'.
  created $dff cell `$procdff$5154' with positive edge clock.
Creating register for signal `\IMG_FILTER.\pair_q[294]' using process `\IMG_FILTER.$proc$rtl/img_filter.v:617$2962'.
  created $dff cell `$procdff$5155' with positive edge clock.
Creating register for signal `\IMG_FILTER.\pair_q[293]' using process `\IMG_FILTER.$proc$rtl/img_filter.v:617$2957'.
  created $dff cell `$procdff$5156' with positive edge clock.
Creating register for signal `\IMG_FILTER.\pair_q[292]' using process `\IMG_FILTER.$proc$rtl/img_filter.v:617$2952'.
  created $dff cell `$procdff$5157' with positive edge clock.
Creating register for signal `\IMG_FILTER.\pair_q[291]' using process `\IMG_FILTER.$proc$rtl/img_filter.v:617$2947'.
  created $dff cell `$procdff$5158' with positive edge clock.
Creating register for signal `\IMG_FILTER.\pair_q[290]' using process `\IMG_FILTER.$proc$rtl/img_filter.v:617$2942'.
  created $dff cell `$procdff$5159' with positive edge clock.
Creating register for signal `\IMG_FILTER.\pair_q[289]' using process `\IMG_FILTER.$proc$rtl/img_filter.v:617$2937'.
  created $dff cell `$procdff$5160' with positive edge clock.
Creating register for signal `\IMG_FILTER.\pair_q[288]' using process `\IMG_FILTER.$proc$rtl/img_filter.v:617$2932'.
  created $dff cell `$procdff$5161' with positive edge clock.
Creating register for signal `\IMG_FILTER.\pair_q[287]' using process `\IMG_FILTER.$proc$rtl/img_filter.v:617$2927'.
  created $dff cell `$procdff$5162' with positive edge clock.
Creating register for signal `\IMG_FILTER.\pair_q[286]' using process `\IMG_FILTER.$proc$rtl/img_filter.v:617$2922'.
  created $dff cell `$procdff$5163' with positive edge clock.
Creating register for signal `\IMG_FILTER.\pair_q[285]' using process `\IMG_FILTER.$proc$rtl/img_filter.v:617$2917'.
  created $dff cell `$procdff$5164' with positive edge clock.
Creating register for signal `\IMG_FILTER.\pair_q[284]' using process `\IMG_FILTER.$proc$rtl/img_filter.v:617$2912'.
  created $dff cell `$procdff$5165' with positive edge clock.
Creating register for signal `\IMG_FILTER.\pair_q[283]' using process `\IMG_FILTER.$proc$rtl/img_filter.v:617$2907'.
  created $dff cell `$procdff$5166' with positive edge clock.
Creating register for signal `\IMG_FILTER.\pair_q[282]' using process `\IMG_FILTER.$proc$rtl/img_filter.v:617$2902'.
  created $dff cell `$procdff$5167' with positive edge clock.
Creating register for signal `\IMG_FILTER.\pair_q[281]' using process `\IMG_FILTER.$proc$rtl/img_filter.v:617$2897'.
  created $dff cell `$procdff$5168' with positive edge clock.
Creating register for signal `\IMG_FILTER.\pair_q[280]' using process `\IMG_FILTER.$proc$rtl/img_filter.v:617$2892'.
  created $dff cell `$procdff$5169' with positive edge clock.
Creating register for signal `\IMG_FILTER.\pair_q[279]' using process `\IMG_FILTER.$proc$rtl/img_filter.v:617$2887'.
  created $dff cell `$procdff$5170' with positive edge clock.
Creating register for signal `\IMG_FILTER.\pair_q[278]' using process `\IMG_FILTER.$proc$rtl/img_filter.v:617$2882'.
  created $dff cell `$procdff$5171' with positive edge clock.
Creating register for signal `\IMG_FILTER.\pair_q[277]' using process `\IMG_FILTER.$proc$rtl/img_filter.v:617$2877'.
  created $dff cell `$procdff$5172' with positive edge clock.
Creating register for signal `\IMG_FILTER.\pair_q[276]' using process `\IMG_FILTER.$proc$rtl/img_filter.v:617$2872'.
  created $dff cell `$procdff$5173' with positive edge clock.
Creating register for signal `\IMG_FILTER.\pair_q[275]' using process `\IMG_FILTER.$proc$rtl/img_filter.v:617$2867'.
  created $dff cell `$procdff$5174' with positive edge clock.
Creating register for signal `\IMG_FILTER.\part_q[54]' using process `\IMG_FILTER.$proc$rtl/img_filter.v:627$2859'.
  created $dff cell `$procdff$5175' with positive edge clock.
Creating register for signal `\IMG_FILTER.\part_q[53]' using process `\IMG_FILTER.$proc$rtl/img_filter.v:627$2853'.
  created $dff cell `$procdff$5176' with positive edge clock.
Creating register for signal `\IMG_FILTER.\part_q[52]' using process `\IMG_FILTER.$proc$rtl/img_filter.v:627$2847'.
  created $dff cell `$procdff$5177' with positive edge clock.
Creating register for signal `\IMG_FILTER.\part_q[51]' using process `\IMG_FILTER.$proc$rtl/img_filter.v:627$2841'.
  created $dff cell `$procdff$5178' with positive edge clock.
Creating register for signal `\IMG_FILTER.\part_q[50]' using process `\IMG_FILTER.$proc$rtl/img_filter.v:627$2835'.
  created $dff cell `$procdff$5179' with positive edge clock.
Creating register for signal `\IMG_FILTER.\pair_q[274]' using process `\IMG_FILTER.$proc$rtl/img_filter.v:617$2829'.
  created $dff cell `$procdff$5180' with positive edge clock.
Creating register for signal `\IMG_FILTER.\pair_q[273]' using process `\IMG_FILTER.$proc$rtl/img_filter.v:617$2824'.
  created $dff cell `$procdff$5181' with positive edge clock.
Creating register for signal `\IMG_FILTER.\pair_q[272]' using process `\IMG_FILTER.$proc$rtl/img_filter.v:617$2819'.
  created $dff cell `$procdff$5182' with positive edge clock.
Creating register for signal `\IMG_FILTER.\pair_q[271]' using process `\IMG_FILTER.$proc$rtl/img_filter.v:617$2814'.
  created $dff cell `$procdff$5183' with positive edge clock.
Creating register for signal `\IMG_FILTER.\pair_q[270]' using process `\IMG_FILTER.$proc$rtl/img_filter.v:617$2809'.
  created $dff cell `$procdff$5184' with positive edge clock.
Creating register for signal `\IMG_FILTER.\pair_q[269]' using process `\IMG_FILTER.$proc$rtl/img_filter.v:617$2804'.
  created $dff cell `$procdff$5185' with positive edge clock.
Creating register for signal `\IMG_FILTER.\pair_q[268]' using process `\IMG_FILTER.$proc$rtl/img_filter.v:617$2799'.
  created $dff cell `$procdff$5186' with positive edge clock.
Creating register for signal `\IMG_FILTER.\pair_q[267]' using process `\IMG_FILTER.$proc$rtl/img_filter.v:617$2794'.
  created $dff cell `$procdff$5187' with positive edge clock.
Creating register for signal `\IMG_FILTER.\pair_q[266]' using process `\IMG_FILTER.$proc$rtl/img_filter.v:617$2789'.
  created $dff cell `$procdff$5188' with positive edge clock.
Creating register for signal `\IMG_FILTER.\pair_q[265]' using process `\IMG_FILTER.$proc$rtl/img_filter.v:617$2784'.
  created $dff cell `$procdff$5189' with positive edge clock.
Creating register for signal `\IMG_FILTER.\pair_q[264]' using process `\IMG_FILTER.$proc$rtl/img_filter.v:617$2779'.
  created $dff cell `$procdff$5190' with positive edge clock.
Creating register for signal `\IMG_FILTER.\pair_q[263]' using process `\IMG_FILTER.$proc$rtl/img_filter.v:617$2774'.
  created $dff cell `$procdff$5191' with positive edge clock.
Creating register for signal `\IMG_FILTER.\pair_q[262]' using process `\IMG_FILTER.$proc$rtl/img_filter.v:617$2769'.
  created $dff cell `$procdff$5192' with positive edge clock.
Creating register for signal `\IMG_FILTER.\pair_q[261]' using process `\IMG_FILTER.$proc$rtl/img_filter.v:617$2764'.
  created $dff cell `$procdff$5193' with positive edge clock.
Creating register for signal `\IMG_FILTER.\pair_q[260]' using process `\IMG_FILTER.$proc$rtl/img_filter.v:617$2759'.
  created $dff cell `$procdff$5194' with positive edge clock.
Creating register for signal `\IMG_FILTER.\pair_q[259]' using process `\IMG_FILTER.$proc$rtl/img_filter.v:617$2754'.
  created $dff cell `$procdff$5195' with positive edge clock.
Creating register for signal `\IMG_FILTER.\pair_q[258]' using process `\IMG_FILTER.$proc$rtl/img_filter.v:617$2749'.
  created $dff cell `$procdff$5196' with positive edge clock.
Creating register for signal `\IMG_FILTER.\pair_q[257]' using process `\IMG_FILTER.$proc$rtl/img_filter.v:617$2744'.
  created $dff cell `$procdff$5197' with positive edge clock.
Creating register for signal `\IMG_FILTER.\pair_q[256]' using process `\IMG_FILTER.$proc$rtl/img_filter.v:617$2739'.
  created $dff cell `$procdff$5198' with positive edge clock.
Creating register for signal `\IMG_FILTER.\pair_q[255]' using process `\IMG_FILTER.$proc$rtl/img_filter.v:617$2734'.
  created $dff cell `$procdff$5199' with positive edge clock.
Creating register for signal `\IMG_FILTER.\pair_q[254]' using process `\IMG_FILTER.$proc$rtl/img_filter.v:617$2729'.
  created $dff cell `$procdff$5200' with positive edge clock.
Creating register for signal `\IMG_FILTER.\pair_q[253]' using process `\IMG_FILTER.$proc$rtl/img_filter.v:617$2724'.
  created $dff cell `$procdff$5201' with positive edge clock.
Creating register for signal `\IMG_FILTER.\pair_q[252]' using process `\IMG_FILTER.$proc$rtl/img_filter.v:617$2719'.
  created $dff cell `$procdff$5202' with positive edge clock.
Creating register for signal `\IMG_FILTER.\pair_q[251]' using process `\IMG_FILTER.$proc$rtl/img_filter.v:617$2714'.
  created $dff cell `$procdff$5203' with positive edge clock.
Creating register for signal `\IMG_FILTER.\pair_q[250]' using process `\IMG_FILTER.$proc$rtl/img_filter.v:617$2709'.
  created $dff cell `$procdff$5204' with positive edge clock.
Creating register for signal `\IMG_FILTER.\part_q[49]' using process `\IMG_FILTER.$proc$rtl/img_filter.v:627$2701'.
  created $dff cell `$procdff$5205' with positive edge clock.
Creating register for signal `\IMG_FILTER.\part_q[48]' using process `\IMG_FILTER.$proc$rtl/img_filter.v:627$2695'.
  created $dff cell `$procdff$5206' with positive edge clock.
Creating register for signal `\IMG_FILTER.\part_q[47]' using process `\IMG_FILTER.$proc$rtl/img_filter.v:627$2689'.
  created $dff cell `$procdff$5207' with positive edge clock.
Creating register for signal `\IMG_FILTER.\part_q[46]' using process `\IMG_FILTER.$proc$rtl/img_filter.v:627$2683'.
  created $dff cell `$procdff$5208' with positive edge clock.
Creating register for signal `\IMG_FILTER.\part_q[45]' using process `\IMG_FILTER.$proc$rtl/img_filter.v:627$2677'.
  created $dff cell `$procdff$5209' with positive edge clock.
Creating register for signal `\IMG_FILTER.\pair_q[249]' using process `\IMG_FILTER.$proc$rtl/img_filter.v:617$2671'.
  created $dff cell `$procdff$5210' with positive edge clock.
Creating register for signal `\IMG_FILTER.\pair_q[248]' using process `\IMG_FILTER.$proc$rtl/img_filter.v:617$2666'.
  created $dff cell `$procdff$5211' with positive edge clock.
Creating register for signal `\IMG_FILTER.\pair_q[247]' using process `\IMG_FILTER.$proc$rtl/img_filter.v:617$2661'.
  created $dff cell `$procdff$5212' with positive edge clock.
Creating register for signal `\IMG_FILTER.\pair_q[246]' using process `\IMG_FILTER.$proc$rtl/img_filter.v:617$2656'.
  created $dff cell `$procdff$5213' with positive edge clock.
Creating register for signal `\IMG_FILTER.\pair_q[245]' using process `\IMG_FILTER.$proc$rtl/img_filter.v:617$2651'.
  created $dff cell `$procdff$5214' with positive edge clock.
Creating register for signal `\IMG_FILTER.\pair_q[244]' using process `\IMG_FILTER.$proc$rtl/img_filter.v:617$2646'.
  created $dff cell `$procdff$5215' with positive edge clock.
Creating register for signal `\IMG_FILTER.\pair_q[243]' using process `\IMG_FILTER.$proc$rtl/img_filter.v:617$2641'.
  created $dff cell `$procdff$5216' with positive edge clock.
Creating register for signal `\IMG_FILTER.\pair_q[242]' using process `\IMG_FILTER.$proc$rtl/img_filter.v:617$2636'.
  created $dff cell `$procdff$5217' with positive edge clock.
Creating register for signal `\IMG_FILTER.\pair_q[241]' using process `\IMG_FILTER.$proc$rtl/img_filter.v:617$2631'.
  created $dff cell `$procdff$5218' with positive edge clock.
Creating register for signal `\IMG_FILTER.\pair_q[240]' using process `\IMG_FILTER.$proc$rtl/img_filter.v:617$2626'.
  created $dff cell `$procdff$5219' with positive edge clock.
Creating register for signal `\IMG_FILTER.\pair_q[239]' using process `\IMG_FILTER.$proc$rtl/img_filter.v:617$2621'.
  created $dff cell `$procdff$5220' with positive edge clock.
Creating register for signal `\IMG_FILTER.\pair_q[238]' using process `\IMG_FILTER.$proc$rtl/img_filter.v:617$2616'.
  created $dff cell `$procdff$5221' with positive edge clock.
Creating register for signal `\IMG_FILTER.\pair_q[237]' using process `\IMG_FILTER.$proc$rtl/img_filter.v:617$2611'.
  created $dff cell `$procdff$5222' with positive edge clock.
Creating register for signal `\IMG_FILTER.\pair_q[236]' using process `\IMG_FILTER.$proc$rtl/img_filter.v:617$2606'.
  created $dff cell `$procdff$5223' with positive edge clock.
Creating register for signal `\IMG_FILTER.\pair_q[235]' using process `\IMG_FILTER.$proc$rtl/img_filter.v:617$2601'.
  created $dff cell `$procdff$5224' with positive edge clock.
Creating register for signal `\IMG_FILTER.\pair_q[234]' using process `\IMG_FILTER.$proc$rtl/img_filter.v:617$2596'.
  created $dff cell `$procdff$5225' with positive edge clock.
Creating register for signal `\IMG_FILTER.\pair_q[233]' using process `\IMG_FILTER.$proc$rtl/img_filter.v:617$2591'.
  created $dff cell `$procdff$5226' with positive edge clock.
Creating register for signal `\IMG_FILTER.\pair_q[232]' using process `\IMG_FILTER.$proc$rtl/img_filter.v:617$2586'.
  created $dff cell `$procdff$5227' with positive edge clock.
Creating register for signal `\IMG_FILTER.\pair_q[231]' using process `\IMG_FILTER.$proc$rtl/img_filter.v:617$2581'.
  created $dff cell `$procdff$5228' with positive edge clock.
Creating register for signal `\IMG_FILTER.\pair_q[230]' using process `\IMG_FILTER.$proc$rtl/img_filter.v:617$2576'.
  created $dff cell `$procdff$5229' with positive edge clock.
Creating register for signal `\IMG_FILTER.\pair_q[229]' using process `\IMG_FILTER.$proc$rtl/img_filter.v:617$2571'.
  created $dff cell `$procdff$5230' with positive edge clock.
Creating register for signal `\IMG_FILTER.\pair_q[228]' using process `\IMG_FILTER.$proc$rtl/img_filter.v:617$2566'.
  created $dff cell `$procdff$5231' with positive edge clock.
Creating register for signal `\IMG_FILTER.\pair_q[227]' using process `\IMG_FILTER.$proc$rtl/img_filter.v:617$2561'.
  created $dff cell `$procdff$5232' with positive edge clock.
Creating register for signal `\IMG_FILTER.\pair_q[226]' using process `\IMG_FILTER.$proc$rtl/img_filter.v:617$2556'.
  created $dff cell `$procdff$5233' with positive edge clock.
Creating register for signal `\IMG_FILTER.\pair_q[225]' using process `\IMG_FILTER.$proc$rtl/img_filter.v:617$2551'.
  created $dff cell `$procdff$5234' with positive edge clock.
Creating register for signal `\IMG_FILTER.\part_q[44]' using process `\IMG_FILTER.$proc$rtl/img_filter.v:627$2543'.
  created $dff cell `$procdff$5235' with positive edge clock.
Creating register for signal `\IMG_FILTER.\part_q[43]' using process `\IMG_FILTER.$proc$rtl/img_filter.v:627$2537'.
  created $dff cell `$procdff$5236' with positive edge clock.
Creating register for signal `\IMG_FILTER.\part_q[42]' using process `\IMG_FILTER.$proc$rtl/img_filter.v:627$2531'.
  created $dff cell `$procdff$5237' with positive edge clock.
Creating register for signal `\IMG_FILTER.\part_q[41]' using process `\IMG_FILTER.$proc$rtl/img_filter.v:627$2525'.
  created $dff cell `$procdff$5238' with positive edge clock.
Creating register for signal `\IMG_FILTER.\part_q[40]' using process `\IMG_FILTER.$proc$rtl/img_filter.v:627$2519'.
  created $dff cell `$procdff$5239' with positive edge clock.
Creating register for signal `\IMG_FILTER.\pair_q[224]' using process `\IMG_FILTER.$proc$rtl/img_filter.v:617$2513'.
  created $dff cell `$procdff$5240' with positive edge clock.
Creating register for signal `\IMG_FILTER.\pair_q[223]' using process `\IMG_FILTER.$proc$rtl/img_filter.v:617$2508'.
  created $dff cell `$procdff$5241' with positive edge clock.
Creating register for signal `\IMG_FILTER.\pair_q[222]' using process `\IMG_FILTER.$proc$rtl/img_filter.v:617$2503'.
  created $dff cell `$procdff$5242' with positive edge clock.
Creating register for signal `\IMG_FILTER.\pair_q[221]' using process `\IMG_FILTER.$proc$rtl/img_filter.v:617$2498'.
  created $dff cell `$procdff$5243' with positive edge clock.
Creating register for signal `\IMG_FILTER.\pair_q[220]' using process `\IMG_FILTER.$proc$rtl/img_filter.v:617$2493'.
  created $dff cell `$procdff$5244' with positive edge clock.
Creating register for signal `\IMG_FILTER.\pair_q[219]' using process `\IMG_FILTER.$proc$rtl/img_filter.v:617$2488'.
  created $dff cell `$procdff$5245' with positive edge clock.
Creating register for signal `\IMG_FILTER.\pair_q[218]' using process `\IMG_FILTER.$proc$rtl/img_filter.v:617$2483'.
  created $dff cell `$procdff$5246' with positive edge clock.
Creating register for signal `\IMG_FILTER.\pair_q[217]' using process `\IMG_FILTER.$proc$rtl/img_filter.v:617$2478'.
  created $dff cell `$procdff$5247' with positive edge clock.
Creating register for signal `\IMG_FILTER.\pair_q[216]' using process `\IMG_FILTER.$proc$rtl/img_filter.v:617$2473'.
  created $dff cell `$procdff$5248' with positive edge clock.
Creating register for signal `\IMG_FILTER.\pair_q[215]' using process `\IMG_FILTER.$proc$rtl/img_filter.v:617$2468'.
  created $dff cell `$procdff$5249' with positive edge clock.
Creating register for signal `\IMG_FILTER.\pair_q[214]' using process `\IMG_FILTER.$proc$rtl/img_filter.v:617$2463'.
  created $dff cell `$procdff$5250' with positive edge clock.
Creating register for signal `\IMG_FILTER.\pair_q[213]' using process `\IMG_FILTER.$proc$rtl/img_filter.v:617$2458'.
  created $dff cell `$procdff$5251' with positive edge clock.
Creating register for signal `\IMG_FILTER.\pair_q[212]' using process `\IMG_FILTER.$proc$rtl/img_filter.v:617$2453'.
  created $dff cell `$procdff$5252' with positive edge clock.
Creating register for signal `\IMG_FILTER.\pair_q[211]' using process `\IMG_FILTER.$proc$rtl/img_filter.v:617$2448'.
  created $dff cell `$procdff$5253' with positive edge clock.
Creating register for signal `\IMG_FILTER.\pair_q[210]' using process `\IMG_FILTER.$proc$rtl/img_filter.v:617$2443'.
  created $dff cell `$procdff$5254' with positive edge clock.
Creating register for signal `\IMG_FILTER.\pair_q[209]' using process `\IMG_FILTER.$proc$rtl/img_filter.v:617$2438'.
  created $dff cell `$procdff$5255' with positive edge clock.
Creating register for signal `\IMG_FILTER.\pair_q[208]' using process `\IMG_FILTER.$proc$rtl/img_filter.v:617$2433'.
  created $dff cell `$procdff$5256' with positive edge clock.
Creating register for signal `\IMG_FILTER.\pair_q[207]' using process `\IMG_FILTER.$proc$rtl/img_filter.v:617$2428'.
  created $dff cell `$procdff$5257' with positive edge clock.
Creating register for signal `\IMG_FILTER.\pair_q[206]' using process `\IMG_FILTER.$proc$rtl/img_filter.v:617$2423'.
  created $dff cell `$procdff$5258' with positive edge clock.
Creating register for signal `\IMG_FILTER.\pair_q[205]' using process `\IMG_FILTER.$proc$rtl/img_filter.v:617$2418'.
  created $dff cell `$procdff$5259' with positive edge clock.
Creating register for signal `\IMG_FILTER.\pair_q[204]' using process `\IMG_FILTER.$proc$rtl/img_filter.v:617$2413'.
  created $dff cell `$procdff$5260' with positive edge clock.
Creating register for signal `\IMG_FILTER.\pair_q[203]' using process `\IMG_FILTER.$proc$rtl/img_filter.v:617$2408'.
  created $dff cell `$procdff$5261' with positive edge clock.
Creating register for signal `\IMG_FILTER.\pair_q[202]' using process `\IMG_FILTER.$proc$rtl/img_filter.v:617$2403'.
  created $dff cell `$procdff$5262' with positive edge clock.
Creating register for signal `\IMG_FILTER.\pair_q[201]' using process `\IMG_FILTER.$proc$rtl/img_filter.v:617$2398'.
  created $dff cell `$procdff$5263' with positive edge clock.
Creating register for signal `\IMG_FILTER.\pair_q[200]' using process `\IMG_FILTER.$proc$rtl/img_filter.v:617$2393'.
  created $dff cell `$procdff$5264' with positive edge clock.
Creating register for signal `\IMG_FILTER.\part_q[39]' using process `\IMG_FILTER.$proc$rtl/img_filter.v:627$2385'.
  created $dff cell `$procdff$5265' with positive edge clock.
Creating register for signal `\IMG_FILTER.\part_q[38]' using process `\IMG_FILTER.$proc$rtl/img_filter.v:627$2379'.
  created $dff cell `$procdff$5266' with positive edge clock.
Creating register for signal `\IMG_FILTER.\part_q[37]' using process `\IMG_FILTER.$proc$rtl/img_filter.v:627$2373'.
  created $dff cell `$procdff$5267' with positive edge clock.
Creating register for signal `\IMG_FILTER.\part_q[36]' using process `\IMG_FILTER.$proc$rtl/img_filter.v:627$2367'.
  created $dff cell `$procdff$5268' with positive edge clock.
Creating register for signal `\IMG_FILTER.\part_q[35]' using process `\IMG_FILTER.$proc$rtl/img_filter.v:627$2361'.
  created $dff cell `$procdff$5269' with positive edge clock.
Creating register for signal `\IMG_FILTER.\pair_q[199]' using process `\IMG_FILTER.$proc$rtl/img_filter.v:617$2355'.
  created $dff cell `$procdff$5270' with positive edge clock.
Creating register for signal `\IMG_FILTER.\pair_q[198]' using process `\IMG_FILTER.$proc$rtl/img_filter.v:617$2350'.
  created $dff cell `$procdff$5271' with positive edge clock.
Creating register for signal `\IMG_FILTER.\pair_q[197]' using process `\IMG_FILTER.$proc$rtl/img_filter.v:617$2345'.
  created $dff cell `$procdff$5272' with positive edge clock.
Creating register for signal `\IMG_FILTER.\pair_q[196]' using process `\IMG_FILTER.$proc$rtl/img_filter.v:617$2340'.
  created $dff cell `$procdff$5273' with positive edge clock.
Creating register for signal `\IMG_FILTER.\pair_q[195]' using process `\IMG_FILTER.$proc$rtl/img_filter.v:617$2335'.
  created $dff cell `$procdff$5274' with positive edge clock.
Creating register for signal `\IMG_FILTER.\pair_q[194]' using process `\IMG_FILTER.$proc$rtl/img_filter.v:617$2330'.
  created $dff cell `$procdff$5275' with positive edge clock.
Creating register for signal `\IMG_FILTER.\pair_q[193]' using process `\IMG_FILTER.$proc$rtl/img_filter.v:617$2325'.
  created $dff cell `$procdff$5276' with positive edge clock.
Creating register for signal `\IMG_FILTER.\pair_q[192]' using process `\IMG_FILTER.$proc$rtl/img_filter.v:617$2320'.
  created $dff cell `$procdff$5277' with positive edge clock.
Creating register for signal `\IMG_FILTER.\pair_q[191]' using process `\IMG_FILTER.$proc$rtl/img_filter.v:617$2315'.
  created $dff cell `$procdff$5278' with positive edge clock.
Creating register for signal `\IMG_FILTER.\pair_q[190]' using process `\IMG_FILTER.$proc$rtl/img_filter.v:617$2310'.
  created $dff cell `$procdff$5279' with positive edge clock.
Creating register for signal `\IMG_FILTER.\pair_q[189]' using process `\IMG_FILTER.$proc$rtl/img_filter.v:617$2305'.
  created $dff cell `$procdff$5280' with positive edge clock.
Creating register for signal `\IMG_FILTER.\pair_q[188]' using process `\IMG_FILTER.$proc$rtl/img_filter.v:617$2300'.
  created $dff cell `$procdff$5281' with positive edge clock.
Creating register for signal `\IMG_FILTER.\pair_q[187]' using process `\IMG_FILTER.$proc$rtl/img_filter.v:617$2295'.
  created $dff cell `$procdff$5282' with positive edge clock.
Creating register for signal `\IMG_FILTER.\pair_q[186]' using process `\IMG_FILTER.$proc$rtl/img_filter.v:617$2290'.
  created $dff cell `$procdff$5283' with positive edge clock.
Creating register for signal `\IMG_FILTER.\pair_q[185]' using process `\IMG_FILTER.$proc$rtl/img_filter.v:617$2285'.
  created $dff cell `$procdff$5284' with positive edge clock.
Creating register for signal `\IMG_FILTER.\pair_q[184]' using process `\IMG_FILTER.$proc$rtl/img_filter.v:617$2280'.
  created $dff cell `$procdff$5285' with positive edge clock.
Creating register for signal `\IMG_FILTER.\pair_q[183]' using process `\IMG_FILTER.$proc$rtl/img_filter.v:617$2275'.
  created $dff cell `$procdff$5286' with positive edge clock.
Creating register for signal `\IMG_FILTER.\pair_q[182]' using process `\IMG_FILTER.$proc$rtl/img_filter.v:617$2270'.
  created $dff cell `$procdff$5287' with positive edge clock.
Creating register for signal `\IMG_FILTER.\pair_q[181]' using process `\IMG_FILTER.$proc$rtl/img_filter.v:617$2265'.
  created $dff cell `$procdff$5288' with positive edge clock.
Creating register for signal `\IMG_FILTER.\pair_q[180]' using process `\IMG_FILTER.$proc$rtl/img_filter.v:617$2260'.
  created $dff cell `$procdff$5289' with positive edge clock.
Creating register for signal `\IMG_FILTER.\pair_q[179]' using process `\IMG_FILTER.$proc$rtl/img_filter.v:617$2255'.
  created $dff cell `$procdff$5290' with positive edge clock.
Creating register for signal `\IMG_FILTER.\pair_q[178]' using process `\IMG_FILTER.$proc$rtl/img_filter.v:617$2250'.
  created $dff cell `$procdff$5291' with positive edge clock.
Creating register for signal `\IMG_FILTER.\pair_q[177]' using process `\IMG_FILTER.$proc$rtl/img_filter.v:617$2245'.
  created $dff cell `$procdff$5292' with positive edge clock.
Creating register for signal `\IMG_FILTER.\pair_q[176]' using process `\IMG_FILTER.$proc$rtl/img_filter.v:617$2240'.
  created $dff cell `$procdff$5293' with positive edge clock.
Creating register for signal `\IMG_FILTER.\pair_q[175]' using process `\IMG_FILTER.$proc$rtl/img_filter.v:617$2235'.
  created $dff cell `$procdff$5294' with positive edge clock.
Creating register for signal `\IMG_FILTER.\part_q[34]' using process `\IMG_FILTER.$proc$rtl/img_filter.v:627$2227'.
  created $dff cell `$procdff$5295' with positive edge clock.
Creating register for signal `\IMG_FILTER.\part_q[33]' using process `\IMG_FILTER.$proc$rtl/img_filter.v:627$2221'.
  created $dff cell `$procdff$5296' with positive edge clock.
Creating register for signal `\IMG_FILTER.\part_q[32]' using process `\IMG_FILTER.$proc$rtl/img_filter.v:627$2215'.
  created $dff cell `$procdff$5297' with positive edge clock.
Creating register for signal `\IMG_FILTER.\part_q[31]' using process `\IMG_FILTER.$proc$rtl/img_filter.v:627$2209'.
  created $dff cell `$procdff$5298' with positive edge clock.
Creating register for signal `\IMG_FILTER.\part_q[30]' using process `\IMG_FILTER.$proc$rtl/img_filter.v:627$2203'.
  created $dff cell `$procdff$5299' with positive edge clock.
Creating register for signal `\IMG_FILTER.\pair_q[174]' using process `\IMG_FILTER.$proc$rtl/img_filter.v:617$2197'.
  created $dff cell `$procdff$5300' with positive edge clock.
Creating register for signal `\IMG_FILTER.\pair_q[173]' using process `\IMG_FILTER.$proc$rtl/img_filter.v:617$2192'.
  created $dff cell `$procdff$5301' with positive edge clock.
Creating register for signal `\IMG_FILTER.\pair_q[172]' using process `\IMG_FILTER.$proc$rtl/img_filter.v:617$2187'.
  created $dff cell `$procdff$5302' with positive edge clock.
Creating register for signal `\IMG_FILTER.\pair_q[171]' using process `\IMG_FILTER.$proc$rtl/img_filter.v:617$2182'.
  created $dff cell `$procdff$5303' with positive edge clock.
Creating register for signal `\IMG_FILTER.\pair_q[170]' using process `\IMG_FILTER.$proc$rtl/img_filter.v:617$2177'.
  created $dff cell `$procdff$5304' with positive edge clock.
Creating register for signal `\IMG_FILTER.\pair_q[169]' using process `\IMG_FILTER.$proc$rtl/img_filter.v:617$2172'.
  created $dff cell `$procdff$5305' with positive edge clock.
Creating register for signal `\IMG_FILTER.\pair_q[168]' using process `\IMG_FILTER.$proc$rtl/img_filter.v:617$2167'.
  created $dff cell `$procdff$5306' with positive edge clock.
Creating register for signal `\IMG_FILTER.\pair_q[167]' using process `\IMG_FILTER.$proc$rtl/img_filter.v:617$2162'.
  created $dff cell `$procdff$5307' with positive edge clock.
Creating register for signal `\IMG_FILTER.\pair_q[166]' using process `\IMG_FILTER.$proc$rtl/img_filter.v:617$2157'.
  created $dff cell `$procdff$5308' with positive edge clock.
Creating register for signal `\IMG_FILTER.\pair_q[165]' using process `\IMG_FILTER.$proc$rtl/img_filter.v:617$2152'.
  created $dff cell `$procdff$5309' with positive edge clock.
Creating register for signal `\IMG_FILTER.\pair_q[164]' using process `\IMG_FILTER.$proc$rtl/img_filter.v:617$2147'.
  created $dff cell `$procdff$5310' with positive edge clock.
Creating register for signal `\IMG_FILTER.\pair_q[163]' using process `\IMG_FILTER.$proc$rtl/img_filter.v:617$2142'.
  created $dff cell `$procdff$5311' with positive edge clock.
Creating register for signal `\IMG_FILTER.\pair_q[162]' using process `\IMG_FILTER.$proc$rtl/img_filter.v:617$2137'.
  created $dff cell `$procdff$5312' with positive edge clock.
Creating register for signal `\IMG_FILTER.\pair_q[161]' using process `\IMG_FILTER.$proc$rtl/img_filter.v:617$2132'.
  created $dff cell `$procdff$5313' with positive edge clock.
Creating register for signal `\IMG_FILTER.\pair_q[160]' using process `\IMG_FILTER.$proc$rtl/img_filter.v:617$2127'.
  created $dff cell `$procdff$5314' with positive edge clock.
Creating register for signal `\IMG_FILTER.\pair_q[159]' using process `\IMG_FILTER.$proc$rtl/img_filter.v:617$2122'.
  created $dff cell `$procdff$5315' with positive edge clock.
Creating register for signal `\IMG_FILTER.\pair_q[158]' using process `\IMG_FILTER.$proc$rtl/img_filter.v:617$2117'.
  created $dff cell `$procdff$5316' with positive edge clock.
Creating register for signal `\IMG_FILTER.\pair_q[157]' using process `\IMG_FILTER.$proc$rtl/img_filter.v:617$2112'.
  created $dff cell `$procdff$5317' with positive edge clock.
Creating register for signal `\IMG_FILTER.\pair_q[156]' using process `\IMG_FILTER.$proc$rtl/img_filter.v:617$2107'.
  created $dff cell `$procdff$5318' with positive edge clock.
Creating register for signal `\IMG_FILTER.\pair_q[155]' using process `\IMG_FILTER.$proc$rtl/img_filter.v:617$2102'.
  created $dff cell `$procdff$5319' with positive edge clock.
Creating register for signal `\IMG_FILTER.\pair_q[154]' using process `\IMG_FILTER.$proc$rtl/img_filter.v:617$2097'.
  created $dff cell `$procdff$5320' with positive edge clock.
Creating register for signal `\IMG_FILTER.\pair_q[153]' using process `\IMG_FILTER.$proc$rtl/img_filter.v:617$2092'.
  created $dff cell `$procdff$5321' with positive edge clock.
Creating register for signal `\IMG_FILTER.\pair_q[152]' using process `\IMG_FILTER.$proc$rtl/img_filter.v:617$2087'.
  created $dff cell `$procdff$5322' with positive edge clock.
Creating register for signal `\IMG_FILTER.\pair_q[151]' using process `\IMG_FILTER.$proc$rtl/img_filter.v:617$2082'.
  created $dff cell `$procdff$5323' with positive edge clock.
Creating register for signal `\IMG_FILTER.\pair_q[150]' using process `\IMG_FILTER.$proc$rtl/img_filter.v:617$2077'.
  created $dff cell `$procdff$5324' with positive edge clock.
Creating register for signal `\IMG_FILTER.\part_q[29]' using process `\IMG_FILTER.$proc$rtl/img_filter.v:627$2069'.
  created $dff cell `$procdff$5325' with positive edge clock.
Creating register for signal `\IMG_FILTER.\part_q[28]' using process `\IMG_FILTER.$proc$rtl/img_filter.v:627$2063'.
  created $dff cell `$procdff$5326' with positive edge clock.
Creating register for signal `\IMG_FILTER.\part_q[27]' using process `\IMG_FILTER.$proc$rtl/img_filter.v:627$2057'.
  created $dff cell `$procdff$5327' with positive edge clock.
Creating register for signal `\IMG_FILTER.\part_q[26]' using process `\IMG_FILTER.$proc$rtl/img_filter.v:627$2051'.
  created $dff cell `$procdff$5328' with positive edge clock.
Creating register for signal `\IMG_FILTER.\part_q[25]' using process `\IMG_FILTER.$proc$rtl/img_filter.v:627$2045'.
  created $dff cell `$procdff$5329' with positive edge clock.
Creating register for signal `\IMG_FILTER.\pair_q[149]' using process `\IMG_FILTER.$proc$rtl/img_filter.v:617$2039'.
  created $dff cell `$procdff$5330' with positive edge clock.
Creating register for signal `\IMG_FILTER.\pair_q[148]' using process `\IMG_FILTER.$proc$rtl/img_filter.v:617$2034'.
  created $dff cell `$procdff$5331' with positive edge clock.
Creating register for signal `\IMG_FILTER.\pair_q[147]' using process `\IMG_FILTER.$proc$rtl/img_filter.v:617$2029'.
  created $dff cell `$procdff$5332' with positive edge clock.
Creating register for signal `\IMG_FILTER.\pair_q[146]' using process `\IMG_FILTER.$proc$rtl/img_filter.v:617$2024'.
  created $dff cell `$procdff$5333' with positive edge clock.
Creating register for signal `\IMG_FILTER.\pair_q[145]' using process `\IMG_FILTER.$proc$rtl/img_filter.v:617$2019'.
  created $dff cell `$procdff$5334' with positive edge clock.
Creating register for signal `\IMG_FILTER.\pair_q[144]' using process `\IMG_FILTER.$proc$rtl/img_filter.v:617$2014'.
  created $dff cell `$procdff$5335' with positive edge clock.
Creating register for signal `\IMG_FILTER.\pair_q[143]' using process `\IMG_FILTER.$proc$rtl/img_filter.v:617$2009'.
  created $dff cell `$procdff$5336' with positive edge clock.
Creating register for signal `\IMG_FILTER.\pair_q[142]' using process `\IMG_FILTER.$proc$rtl/img_filter.v:617$2004'.
  created $dff cell `$procdff$5337' with positive edge clock.
Creating register for signal `\IMG_FILTER.\pair_q[141]' using process `\IMG_FILTER.$proc$rtl/img_filter.v:617$1999'.
  created $dff cell `$procdff$5338' with positive edge clock.
Creating register for signal `\IMG_FILTER.\pair_q[140]' using process `\IMG_FILTER.$proc$rtl/img_filter.v:617$1994'.
  created $dff cell `$procdff$5339' with positive edge clock.
Creating register for signal `\IMG_FILTER.\pair_q[139]' using process `\IMG_FILTER.$proc$rtl/img_filter.v:617$1989'.
  created $dff cell `$procdff$5340' with positive edge clock.
Creating register for signal `\IMG_FILTER.\pair_q[138]' using process `\IMG_FILTER.$proc$rtl/img_filter.v:617$1984'.
  created $dff cell `$procdff$5341' with positive edge clock.
Creating register for signal `\IMG_FILTER.\pair_q[137]' using process `\IMG_FILTER.$proc$rtl/img_filter.v:617$1979'.
  created $dff cell `$procdff$5342' with positive edge clock.
Creating register for signal `\IMG_FILTER.\pair_q[136]' using process `\IMG_FILTER.$proc$rtl/img_filter.v:617$1974'.
  created $dff cell `$procdff$5343' with positive edge clock.
Creating register for signal `\IMG_FILTER.\pair_q[135]' using process `\IMG_FILTER.$proc$rtl/img_filter.v:617$1969'.
  created $dff cell `$procdff$5344' with positive edge clock.
Creating register for signal `\IMG_FILTER.\pair_q[134]' using process `\IMG_FILTER.$proc$rtl/img_filter.v:617$1964'.
  created $dff cell `$procdff$5345' with positive edge clock.
Creating register for signal `\IMG_FILTER.\pair_q[133]' using process `\IMG_FILTER.$proc$rtl/img_filter.v:617$1959'.
  created $dff cell `$procdff$5346' with positive edge clock.
Creating register for signal `\IMG_FILTER.\pair_q[132]' using process `\IMG_FILTER.$proc$rtl/img_filter.v:617$1954'.
  created $dff cell `$procdff$5347' with positive edge clock.
Creating register for signal `\IMG_FILTER.\pair_q[131]' using process `\IMG_FILTER.$proc$rtl/img_filter.v:617$1949'.
  created $dff cell `$procdff$5348' with positive edge clock.
Creating register for signal `\IMG_FILTER.\pair_q[130]' using process `\IMG_FILTER.$proc$rtl/img_filter.v:617$1944'.
  created $dff cell `$procdff$5349' with positive edge clock.
Creating register for signal `\IMG_FILTER.\pair_q[129]' using process `\IMG_FILTER.$proc$rtl/img_filter.v:617$1939'.
  created $dff cell `$procdff$5350' with positive edge clock.
Creating register for signal `\IMG_FILTER.\pair_q[128]' using process `\IMG_FILTER.$proc$rtl/img_filter.v:617$1934'.
  created $dff cell `$procdff$5351' with positive edge clock.
Creating register for signal `\IMG_FILTER.\pair_q[127]' using process `\IMG_FILTER.$proc$rtl/img_filter.v:617$1929'.
  created $dff cell `$procdff$5352' with positive edge clock.
Creating register for signal `\IMG_FILTER.\pair_q[126]' using process `\IMG_FILTER.$proc$rtl/img_filter.v:617$1924'.
  created $dff cell `$procdff$5353' with positive edge clock.
Creating register for signal `\IMG_FILTER.\pair_q[125]' using process `\IMG_FILTER.$proc$rtl/img_filter.v:617$1919'.
  created $dff cell `$procdff$5354' with positive edge clock.
Creating register for signal `\IMG_FILTER.\part_q[24]' using process `\IMG_FILTER.$proc$rtl/img_filter.v:627$1911'.
  created $dff cell `$procdff$5355' with positive edge clock.
Creating register for signal `\IMG_FILTER.\part_q[23]' using process `\IMG_FILTER.$proc$rtl/img_filter.v:627$1905'.
  created $dff cell `$procdff$5356' with positive edge clock.
Creating register for signal `\IMG_FILTER.\part_q[22]' using process `\IMG_FILTER.$proc$rtl/img_filter.v:627$1899'.
  created $dff cell `$procdff$5357' with positive edge clock.
Creating register for signal `\IMG_FILTER.\part_q[21]' using process `\IMG_FILTER.$proc$rtl/img_filter.v:627$1893'.
  created $dff cell `$procdff$5358' with positive edge clock.
Creating register for signal `\IMG_FILTER.\part_q[20]' using process `\IMG_FILTER.$proc$rtl/img_filter.v:627$1887'.
  created $dff cell `$procdff$5359' with positive edge clock.
Creating register for signal `\IMG_FILTER.\pair_q[124]' using process `\IMG_FILTER.$proc$rtl/img_filter.v:617$1881'.
  created $dff cell `$procdff$5360' with positive edge clock.
Creating register for signal `\IMG_FILTER.\pair_q[123]' using process `\IMG_FILTER.$proc$rtl/img_filter.v:617$1876'.
  created $dff cell `$procdff$5361' with positive edge clock.
Creating register for signal `\IMG_FILTER.\pair_q[122]' using process `\IMG_FILTER.$proc$rtl/img_filter.v:617$1871'.
  created $dff cell `$procdff$5362' with positive edge clock.
Creating register for signal `\IMG_FILTER.\pair_q[121]' using process `\IMG_FILTER.$proc$rtl/img_filter.v:617$1866'.
  created $dff cell `$procdff$5363' with positive edge clock.
Creating register for signal `\IMG_FILTER.\pair_q[120]' using process `\IMG_FILTER.$proc$rtl/img_filter.v:617$1861'.
  created $dff cell `$procdff$5364' with positive edge clock.
Creating register for signal `\IMG_FILTER.\pair_q[119]' using process `\IMG_FILTER.$proc$rtl/img_filter.v:617$1856'.
  created $dff cell `$procdff$5365' with positive edge clock.
Creating register for signal `\IMG_FILTER.\pair_q[118]' using process `\IMG_FILTER.$proc$rtl/img_filter.v:617$1851'.
  created $dff cell `$procdff$5366' with positive edge clock.
Creating register for signal `\IMG_FILTER.\pair_q[117]' using process `\IMG_FILTER.$proc$rtl/img_filter.v:617$1846'.
  created $dff cell `$procdff$5367' with positive edge clock.
Creating register for signal `\IMG_FILTER.\pair_q[116]' using process `\IMG_FILTER.$proc$rtl/img_filter.v:617$1841'.
  created $dff cell `$procdff$5368' with positive edge clock.
Creating register for signal `\IMG_FILTER.\pair_q[115]' using process `\IMG_FILTER.$proc$rtl/img_filter.v:617$1836'.
  created $dff cell `$procdff$5369' with positive edge clock.
Creating register for signal `\IMG_FILTER.\pair_q[114]' using process `\IMG_FILTER.$proc$rtl/img_filter.v:617$1831'.
  created $dff cell `$procdff$5370' with positive edge clock.
Creating register for signal `\IMG_FILTER.\pair_q[113]' using process `\IMG_FILTER.$proc$rtl/img_filter.v:617$1826'.
  created $dff cell `$procdff$5371' with positive edge clock.
Creating register for signal `\IMG_FILTER.\pair_q[112]' using process `\IMG_FILTER.$proc$rtl/img_filter.v:617$1821'.
  created $dff cell `$procdff$5372' with positive edge clock.
Creating register for signal `\IMG_FILTER.\pair_q[111]' using process `\IMG_FILTER.$proc$rtl/img_filter.v:617$1816'.
  created $dff cell `$procdff$5373' with positive edge clock.
Creating register for signal `\IMG_FILTER.\pair_q[110]' using process `\IMG_FILTER.$proc$rtl/img_filter.v:617$1811'.
  created $dff cell `$procdff$5374' with positive edge clock.
Creating register for signal `\IMG_FILTER.\pair_q[109]' using process `\IMG_FILTER.$proc$rtl/img_filter.v:617$1806'.
  created $dff cell `$procdff$5375' with positive edge clock.
Creating register for signal `\IMG_FILTER.\pair_q[108]' using process `\IMG_FILTER.$proc$rtl/img_filter.v:617$1801'.
  created $dff cell `$procdff$5376' with positive edge clock.
Creating register for signal `\IMG_FILTER.\pair_q[107]' using process `\IMG_FILTER.$proc$rtl/img_filter.v:617$1796'.
  created $dff cell `$procdff$5377' with positive edge clock.
Creating register for signal `\IMG_FILTER.\pair_q[106]' using process `\IMG_FILTER.$proc$rtl/img_filter.v:617$1791'.
  created $dff cell `$procdff$5378' with positive edge clock.
Creating register for signal `\IMG_FILTER.\pair_q[105]' using process `\IMG_FILTER.$proc$rtl/img_filter.v:617$1786'.
  created $dff cell `$procdff$5379' with positive edge clock.
Creating register for signal `\IMG_FILTER.\pair_q[104]' using process `\IMG_FILTER.$proc$rtl/img_filter.v:617$1781'.
  created $dff cell `$procdff$5380' with positive edge clock.
Creating register for signal `\IMG_FILTER.\pair_q[103]' using process `\IMG_FILTER.$proc$rtl/img_filter.v:617$1776'.
  created $dff cell `$procdff$5381' with positive edge clock.
Creating register for signal `\IMG_FILTER.\pair_q[102]' using process `\IMG_FILTER.$proc$rtl/img_filter.v:617$1771'.
  created $dff cell `$procdff$5382' with positive edge clock.
Creating register for signal `\IMG_FILTER.\pair_q[101]' using process `\IMG_FILTER.$proc$rtl/img_filter.v:617$1766'.
  created $dff cell `$procdff$5383' with positive edge clock.
Creating register for signal `\IMG_FILTER.\pair_q[100]' using process `\IMG_FILTER.$proc$rtl/img_filter.v:617$1761'.
  created $dff cell `$procdff$5384' with positive edge clock.
Creating register for signal `\IMG_FILTER.\part_q[19]' using process `\IMG_FILTER.$proc$rtl/img_filter.v:627$1753'.
  created $dff cell `$procdff$5385' with positive edge clock.
Creating register for signal `\IMG_FILTER.\part_q[18]' using process `\IMG_FILTER.$proc$rtl/img_filter.v:627$1747'.
  created $dff cell `$procdff$5386' with positive edge clock.
Creating register for signal `\IMG_FILTER.\part_q[17]' using process `\IMG_FILTER.$proc$rtl/img_filter.v:627$1741'.
  created $dff cell `$procdff$5387' with positive edge clock.
Creating register for signal `\IMG_FILTER.\part_q[16]' using process `\IMG_FILTER.$proc$rtl/img_filter.v:627$1735'.
  created $dff cell `$procdff$5388' with positive edge clock.
Creating register for signal `\IMG_FILTER.\part_q[15]' using process `\IMG_FILTER.$proc$rtl/img_filter.v:627$1729'.
  created $dff cell `$procdff$5389' with positive edge clock.
Creating register for signal `\IMG_FILTER.\pair_q[99]' using process `\IMG_FILTER.$proc$rtl/img_filter.v:617$1723'.
  created $dff cell `$procdff$5390' with positive edge clock.
Creating register for signal `\IMG_FILTER.\pair_q[98]' using process `\IMG_FILTER.$proc$rtl/img_filter.v:617$1718'.
  created $dff cell `$procdff$5391' with positive edge clock.
Creating register for signal `\IMG_FILTER.\pair_q[97]' using process `\IMG_FILTER.$proc$rtl/img_filter.v:617$1713'.
  created $dff cell `$procdff$5392' with positive edge clock.
Creating register for signal `\IMG_FILTER.\pair_q[96]' using process `\IMG_FILTER.$proc$rtl/img_filter.v:617$1708'.
  created $dff cell `$procdff$5393' with positive edge clock.
Creating register for signal `\IMG_FILTER.\pair_q[95]' using process `\IMG_FILTER.$proc$rtl/img_filter.v:617$1703'.
  created $dff cell `$procdff$5394' with positive edge clock.
Creating register for signal `\IMG_FILTER.\pair_q[94]' using process `\IMG_FILTER.$proc$rtl/img_filter.v:617$1698'.
  created $dff cell `$procdff$5395' with positive edge clock.
Creating register for signal `\IMG_FILTER.\pair_q[93]' using process `\IMG_FILTER.$proc$rtl/img_filter.v:617$1693'.
  created $dff cell `$procdff$5396' with positive edge clock.
Creating register for signal `\IMG_FILTER.\pair_q[92]' using process `\IMG_FILTER.$proc$rtl/img_filter.v:617$1688'.
  created $dff cell `$procdff$5397' with positive edge clock.
Creating register for signal `\IMG_FILTER.\pair_q[91]' using process `\IMG_FILTER.$proc$rtl/img_filter.v:617$1683'.
  created $dff cell `$procdff$5398' with positive edge clock.
Creating register for signal `\IMG_FILTER.\pair_q[90]' using process `\IMG_FILTER.$proc$rtl/img_filter.v:617$1678'.
  created $dff cell `$procdff$5399' with positive edge clock.
Creating register for signal `\IMG_FILTER.\pair_q[89]' using process `\IMG_FILTER.$proc$rtl/img_filter.v:617$1673'.
  created $dff cell `$procdff$5400' with positive edge clock.
Creating register for signal `\IMG_FILTER.\pair_q[88]' using process `\IMG_FILTER.$proc$rtl/img_filter.v:617$1668'.
  created $dff cell `$procdff$5401' with positive edge clock.
Creating register for signal `\IMG_FILTER.\pair_q[87]' using process `\IMG_FILTER.$proc$rtl/img_filter.v:617$1663'.
  created $dff cell `$procdff$5402' with positive edge clock.
Creating register for signal `\IMG_FILTER.\pair_q[86]' using process `\IMG_FILTER.$proc$rtl/img_filter.v:617$1658'.
  created $dff cell `$procdff$5403' with positive edge clock.
Creating register for signal `\IMG_FILTER.\pair_q[85]' using process `\IMG_FILTER.$proc$rtl/img_filter.v:617$1653'.
  created $dff cell `$procdff$5404' with positive edge clock.
Creating register for signal `\IMG_FILTER.\pair_q[84]' using process `\IMG_FILTER.$proc$rtl/img_filter.v:617$1648'.
  created $dff cell `$procdff$5405' with positive edge clock.
Creating register for signal `\IMG_FILTER.\pair_q[83]' using process `\IMG_FILTER.$proc$rtl/img_filter.v:617$1643'.
  created $dff cell `$procdff$5406' with positive edge clock.
Creating register for signal `\IMG_FILTER.\pair_q[82]' using process `\IMG_FILTER.$proc$rtl/img_filter.v:617$1638'.
  created $dff cell `$procdff$5407' with positive edge clock.
Creating register for signal `\IMG_FILTER.\pair_q[81]' using process `\IMG_FILTER.$proc$rtl/img_filter.v:617$1633'.
  created $dff cell `$procdff$5408' with positive edge clock.
Creating register for signal `\IMG_FILTER.\pair_q[80]' using process `\IMG_FILTER.$proc$rtl/img_filter.v:617$1628'.
  created $dff cell `$procdff$5409' with positive edge clock.
Creating register for signal `\IMG_FILTER.\pair_q[79]' using process `\IMG_FILTER.$proc$rtl/img_filter.v:617$1623'.
  created $dff cell `$procdff$5410' with positive edge clock.
Creating register for signal `\IMG_FILTER.\pair_q[78]' using process `\IMG_FILTER.$proc$rtl/img_filter.v:617$1618'.
  created $dff cell `$procdff$5411' with positive edge clock.
Creating register for signal `\IMG_FILTER.\pair_q[77]' using process `\IMG_FILTER.$proc$rtl/img_filter.v:617$1613'.
  created $dff cell `$procdff$5412' with positive edge clock.
Creating register for signal `\IMG_FILTER.\pair_q[76]' using process `\IMG_FILTER.$proc$rtl/img_filter.v:617$1608'.
  created $dff cell `$procdff$5413' with positive edge clock.
Creating register for signal `\IMG_FILTER.\pair_q[75]' using process `\IMG_FILTER.$proc$rtl/img_filter.v:617$1603'.
  created $dff cell `$procdff$5414' with positive edge clock.
Creating register for signal `\IMG_FILTER.\part_q[14]' using process `\IMG_FILTER.$proc$rtl/img_filter.v:627$1595'.
  created $dff cell `$procdff$5415' with positive edge clock.
Creating register for signal `\IMG_FILTER.\part_q[13]' using process `\IMG_FILTER.$proc$rtl/img_filter.v:627$1589'.
  created $dff cell `$procdff$5416' with positive edge clock.
Creating register for signal `\IMG_FILTER.\part_q[12]' using process `\IMG_FILTER.$proc$rtl/img_filter.v:627$1583'.
  created $dff cell `$procdff$5417' with positive edge clock.
Creating register for signal `\IMG_FILTER.\part_q[11]' using process `\IMG_FILTER.$proc$rtl/img_filter.v:627$1577'.
  created $dff cell `$procdff$5418' with positive edge clock.
Creating register for signal `\IMG_FILTER.\part_q[10]' using process `\IMG_FILTER.$proc$rtl/img_filter.v:627$1571'.
  created $dff cell `$procdff$5419' with positive edge clock.
Creating register for signal `\IMG_FILTER.\pair_q[74]' using process `\IMG_FILTER.$proc$rtl/img_filter.v:617$1565'.
  created $dff cell `$procdff$5420' with positive edge clock.
Creating register for signal `\IMG_FILTER.\pair_q[73]' using process `\IMG_FILTER.$proc$rtl/img_filter.v:617$1560'.
  created $dff cell `$procdff$5421' with positive edge clock.
Creating register for signal `\IMG_FILTER.\pair_q[72]' using process `\IMG_FILTER.$proc$rtl/img_filter.v:617$1555'.
  created $dff cell `$procdff$5422' with positive edge clock.
Creating register for signal `\IMG_FILTER.\pair_q[71]' using process `\IMG_FILTER.$proc$rtl/img_filter.v:617$1550'.
  created $dff cell `$procdff$5423' with positive edge clock.
Creating register for signal `\IMG_FILTER.\pair_q[70]' using process `\IMG_FILTER.$proc$rtl/img_filter.v:617$1545'.
  created $dff cell `$procdff$5424' with positive edge clock.
Creating register for signal `\IMG_FILTER.\pair_q[69]' using process `\IMG_FILTER.$proc$rtl/img_filter.v:617$1540'.
  created $dff cell `$procdff$5425' with positive edge clock.
Creating register for signal `\IMG_FILTER.\pair_q[68]' using process `\IMG_FILTER.$proc$rtl/img_filter.v:617$1535'.
  created $dff cell `$procdff$5426' with positive edge clock.
Creating register for signal `\IMG_FILTER.\pair_q[67]' using process `\IMG_FILTER.$proc$rtl/img_filter.v:617$1530'.
  created $dff cell `$procdff$5427' with positive edge clock.
Creating register for signal `\IMG_FILTER.\pair_q[66]' using process `\IMG_FILTER.$proc$rtl/img_filter.v:617$1525'.
  created $dff cell `$procdff$5428' with positive edge clock.
Creating register for signal `\IMG_FILTER.\pair_q[65]' using process `\IMG_FILTER.$proc$rtl/img_filter.v:617$1520'.
  created $dff cell `$procdff$5429' with positive edge clock.
Creating register for signal `\IMG_FILTER.\pair_q[64]' using process `\IMG_FILTER.$proc$rtl/img_filter.v:617$1515'.
  created $dff cell `$procdff$5430' with positive edge clock.
Creating register for signal `\IMG_FILTER.\pair_q[63]' using process `\IMG_FILTER.$proc$rtl/img_filter.v:617$1510'.
  created $dff cell `$procdff$5431' with positive edge clock.
Creating register for signal `\IMG_FILTER.\pair_q[62]' using process `\IMG_FILTER.$proc$rtl/img_filter.v:617$1505'.
  created $dff cell `$procdff$5432' with positive edge clock.
Creating register for signal `\IMG_FILTER.\pair_q[61]' using process `\IMG_FILTER.$proc$rtl/img_filter.v:617$1500'.
  created $dff cell `$procdff$5433' with positive edge clock.
Creating register for signal `\IMG_FILTER.\pair_q[60]' using process `\IMG_FILTER.$proc$rtl/img_filter.v:617$1495'.
  created $dff cell `$procdff$5434' with positive edge clock.
Creating register for signal `\IMG_FILTER.\pair_q[59]' using process `\IMG_FILTER.$proc$rtl/img_filter.v:617$1490'.
  created $dff cell `$procdff$5435' with positive edge clock.
Creating register for signal `\IMG_FILTER.\pair_q[58]' using process `\IMG_FILTER.$proc$rtl/img_filter.v:617$1485'.
  created $dff cell `$procdff$5436' with positive edge clock.
Creating register for signal `\IMG_FILTER.\pair_q[57]' using process `\IMG_FILTER.$proc$rtl/img_filter.v:617$1480'.
  created $dff cell `$procdff$5437' with positive edge clock.
Creating register for signal `\IMG_FILTER.\pair_q[56]' using process `\IMG_FILTER.$proc$rtl/img_filter.v:617$1475'.
  created $dff cell `$procdff$5438' with positive edge clock.
Creating register for signal `\IMG_FILTER.\pair_q[55]' using process `\IMG_FILTER.$proc$rtl/img_filter.v:617$1470'.
  created $dff cell `$procdff$5439' with positive edge clock.
Creating register for signal `\IMG_FILTER.\pair_q[54]' using process `\IMG_FILTER.$proc$rtl/img_filter.v:617$1465'.
  created $dff cell `$procdff$5440' with positive edge clock.
Creating register for signal `\IMG_FILTER.\pair_q[53]' using process `\IMG_FILTER.$proc$rtl/img_filter.v:617$1460'.
  created $dff cell `$procdff$5441' with positive edge clock.
Creating register for signal `\IMG_FILTER.\pair_q[52]' using process `\IMG_FILTER.$proc$rtl/img_filter.v:617$1455'.
  created $dff cell `$procdff$5442' with positive edge clock.
Creating register for signal `\IMG_FILTER.\pair_q[51]' using process `\IMG_FILTER.$proc$rtl/img_filter.v:617$1450'.
  created $dff cell `$procdff$5443' with positive edge clock.
Creating register for signal `\IMG_FILTER.\pair_q[50]' using process `\IMG_FILTER.$proc$rtl/img_filter.v:617$1445'.
  created $dff cell `$procdff$5444' with positive edge clock.
Creating register for signal `\IMG_FILTER.\part_q[9]' using process `\IMG_FILTER.$proc$rtl/img_filter.v:627$1437'.
  created $dff cell `$procdff$5445' with positive edge clock.
Creating register for signal `\IMG_FILTER.\part_q[8]' using process `\IMG_FILTER.$proc$rtl/img_filter.v:627$1431'.
  created $dff cell `$procdff$5446' with positive edge clock.
Creating register for signal `\IMG_FILTER.\part_q[7]' using process `\IMG_FILTER.$proc$rtl/img_filter.v:627$1425'.
  created $dff cell `$procdff$5447' with positive edge clock.
Creating register for signal `\IMG_FILTER.\part_q[6]' using process `\IMG_FILTER.$proc$rtl/img_filter.v:627$1419'.
  created $dff cell `$procdff$5448' with positive edge clock.
Creating register for signal `\IMG_FILTER.\part_q[5]' using process `\IMG_FILTER.$proc$rtl/img_filter.v:627$1413'.
  created $dff cell `$procdff$5449' with positive edge clock.
Creating register for signal `\IMG_FILTER.\pair_q[49]' using process `\IMG_FILTER.$proc$rtl/img_filter.v:617$1407'.
  created $dff cell `$procdff$5450' with positive edge clock.
Creating register for signal `\IMG_FILTER.\pair_q[48]' using process `\IMG_FILTER.$proc$rtl/img_filter.v:617$1402'.
  created $dff cell `$procdff$5451' with positive edge clock.
Creating register for signal `\IMG_FILTER.\pair_q[47]' using process `\IMG_FILTER.$proc$rtl/img_filter.v:617$1397'.
  created $dff cell `$procdff$5452' with positive edge clock.
Creating register for signal `\IMG_FILTER.\pair_q[46]' using process `\IMG_FILTER.$proc$rtl/img_filter.v:617$1392'.
  created $dff cell `$procdff$5453' with positive edge clock.
Creating register for signal `\IMG_FILTER.\pair_q[45]' using process `\IMG_FILTER.$proc$rtl/img_filter.v:617$1387'.
  created $dff cell `$procdff$5454' with positive edge clock.
Creating register for signal `\IMG_FILTER.\pair_q[44]' using process `\IMG_FILTER.$proc$rtl/img_filter.v:617$1382'.
  created $dff cell `$procdff$5455' with positive edge clock.
Creating register for signal `\IMG_FILTER.\pair_q[43]' using process `\IMG_FILTER.$proc$rtl/img_filter.v:617$1377'.
  created $dff cell `$procdff$5456' with positive edge clock.
Creating register for signal `\IMG_FILTER.\pair_q[42]' using process `\IMG_FILTER.$proc$rtl/img_filter.v:617$1372'.
  created $dff cell `$procdff$5457' with positive edge clock.
Creating register for signal `\IMG_FILTER.\pair_q[41]' using process `\IMG_FILTER.$proc$rtl/img_filter.v:617$1367'.
  created $dff cell `$procdff$5458' with positive edge clock.
Creating register for signal `\IMG_FILTER.\pair_q[40]' using process `\IMG_FILTER.$proc$rtl/img_filter.v:617$1362'.
  created $dff cell `$procdff$5459' with positive edge clock.
Creating register for signal `\IMG_FILTER.\pair_q[39]' using process `\IMG_FILTER.$proc$rtl/img_filter.v:617$1357'.
  created $dff cell `$procdff$5460' with positive edge clock.
Creating register for signal `\IMG_FILTER.\pair_q[38]' using process `\IMG_FILTER.$proc$rtl/img_filter.v:617$1352'.
  created $dff cell `$procdff$5461' with positive edge clock.
Creating register for signal `\IMG_FILTER.\pair_q[37]' using process `\IMG_FILTER.$proc$rtl/img_filter.v:617$1347'.
  created $dff cell `$procdff$5462' with positive edge clock.
Creating register for signal `\IMG_FILTER.\pair_q[36]' using process `\IMG_FILTER.$proc$rtl/img_filter.v:617$1342'.
  created $dff cell `$procdff$5463' with positive edge clock.
Creating register for signal `\IMG_FILTER.\pair_q[35]' using process `\IMG_FILTER.$proc$rtl/img_filter.v:617$1337'.
  created $dff cell `$procdff$5464' with positive edge clock.
Creating register for signal `\IMG_FILTER.\pair_q[34]' using process `\IMG_FILTER.$proc$rtl/img_filter.v:617$1332'.
  created $dff cell `$procdff$5465' with positive edge clock.
Creating register for signal `\IMG_FILTER.\pair_q[33]' using process `\IMG_FILTER.$proc$rtl/img_filter.v:617$1327'.
  created $dff cell `$procdff$5466' with positive edge clock.
Creating register for signal `\IMG_FILTER.\pair_q[32]' using process `\IMG_FILTER.$proc$rtl/img_filter.v:617$1322'.
  created $dff cell `$procdff$5467' with positive edge clock.
Creating register for signal `\IMG_FILTER.\pair_q[31]' using process `\IMG_FILTER.$proc$rtl/img_filter.v:617$1317'.
  created $dff cell `$procdff$5468' with positive edge clock.
Creating register for signal `\IMG_FILTER.\pair_q[30]' using process `\IMG_FILTER.$proc$rtl/img_filter.v:617$1312'.
  created $dff cell `$procdff$5469' with positive edge clock.
Creating register for signal `\IMG_FILTER.\pair_q[29]' using process `\IMG_FILTER.$proc$rtl/img_filter.v:617$1307'.
  created $dff cell `$procdff$5470' with positive edge clock.
Creating register for signal `\IMG_FILTER.\pair_q[28]' using process `\IMG_FILTER.$proc$rtl/img_filter.v:617$1302'.
  created $dff cell `$procdff$5471' with positive edge clock.
Creating register for signal `\IMG_FILTER.\pair_q[27]' using process `\IMG_FILTER.$proc$rtl/img_filter.v:617$1297'.
  created $dff cell `$procdff$5472' with positive edge clock.
Creating register for signal `\IMG_FILTER.\pair_q[26]' using process `\IMG_FILTER.$proc$rtl/img_filter.v:617$1292'.
  created $dff cell `$procdff$5473' with positive edge clock.
Creating register for signal `\IMG_FILTER.\pair_q[25]' using process `\IMG_FILTER.$proc$rtl/img_filter.v:617$1287'.
  created $dff cell `$procdff$5474' with positive edge clock.
Creating register for signal `\IMG_FILTER.\part_q[4]' using process `\IMG_FILTER.$proc$rtl/img_filter.v:627$1279'.
  created $dff cell `$procdff$5475' with positive edge clock.
Creating register for signal `\IMG_FILTER.\part_q[3]' using process `\IMG_FILTER.$proc$rtl/img_filter.v:627$1273'.
  created $dff cell `$procdff$5476' with positive edge clock.
Creating register for signal `\IMG_FILTER.\part_q[2]' using process `\IMG_FILTER.$proc$rtl/img_filter.v:627$1267'.
  created $dff cell `$procdff$5477' with positive edge clock.
Creating register for signal `\IMG_FILTER.\part_q[1]' using process `\IMG_FILTER.$proc$rtl/img_filter.v:627$1261'.
  created $dff cell `$procdff$5478' with positive edge clock.
Creating register for signal `\IMG_FILTER.\part_q[0]' using process `\IMG_FILTER.$proc$rtl/img_filter.v:627$1255'.
  created $dff cell `$procdff$5479' with positive edge clock.
Creating register for signal `\IMG_FILTER.\pair_q[24]' using process `\IMG_FILTER.$proc$rtl/img_filter.v:617$1249'.
  created $dff cell `$procdff$5480' with positive edge clock.
Creating register for signal `\IMG_FILTER.\pair_q[23]' using process `\IMG_FILTER.$proc$rtl/img_filter.v:617$1244'.
  created $dff cell `$procdff$5481' with positive edge clock.
Creating register for signal `\IMG_FILTER.\pair_q[22]' using process `\IMG_FILTER.$proc$rtl/img_filter.v:617$1239'.
  created $dff cell `$procdff$5482' with positive edge clock.
Creating register for signal `\IMG_FILTER.\pair_q[21]' using process `\IMG_FILTER.$proc$rtl/img_filter.v:617$1234'.
  created $dff cell `$procdff$5483' with positive edge clock.
Creating register for signal `\IMG_FILTER.\pair_q[20]' using process `\IMG_FILTER.$proc$rtl/img_filter.v:617$1229'.
  created $dff cell `$procdff$5484' with positive edge clock.
Creating register for signal `\IMG_FILTER.\pair_q[19]' using process `\IMG_FILTER.$proc$rtl/img_filter.v:617$1224'.
  created $dff cell `$procdff$5485' with positive edge clock.
Creating register for signal `\IMG_FILTER.\pair_q[18]' using process `\IMG_FILTER.$proc$rtl/img_filter.v:617$1219'.
  created $dff cell `$procdff$5486' with positive edge clock.
Creating register for signal `\IMG_FILTER.\pair_q[17]' using process `\IMG_FILTER.$proc$rtl/img_filter.v:617$1214'.
  created $dff cell `$procdff$5487' with positive edge clock.
Creating register for signal `\IMG_FILTER.\pair_q[16]' using process `\IMG_FILTER.$proc$rtl/img_filter.v:617$1209'.
  created $dff cell `$procdff$5488' with positive edge clock.
Creating register for signal `\IMG_FILTER.\pair_q[15]' using process `\IMG_FILTER.$proc$rtl/img_filter.v:617$1204'.
  created $dff cell `$procdff$5489' with positive edge clock.
Creating register for signal `\IMG_FILTER.\pair_q[14]' using process `\IMG_FILTER.$proc$rtl/img_filter.v:617$1199'.
  created $dff cell `$procdff$5490' with positive edge clock.
Creating register for signal `\IMG_FILTER.\pair_q[13]' using process `\IMG_FILTER.$proc$rtl/img_filter.v:617$1194'.
  created $dff cell `$procdff$5491' with positive edge clock.
Creating register for signal `\IMG_FILTER.\pair_q[12]' using process `\IMG_FILTER.$proc$rtl/img_filter.v:617$1189'.
  created $dff cell `$procdff$5492' with positive edge clock.
Creating register for signal `\IMG_FILTER.\pair_q[11]' using process `\IMG_FILTER.$proc$rtl/img_filter.v:617$1184'.
  created $dff cell `$procdff$5493' with positive edge clock.
Creating register for signal `\IMG_FILTER.\pair_q[10]' using process `\IMG_FILTER.$proc$rtl/img_filter.v:617$1179'.
  created $dff cell `$procdff$5494' with positive edge clock.
Creating register for signal `\IMG_FILTER.\pair_q[9]' using process `\IMG_FILTER.$proc$rtl/img_filter.v:617$1174'.
  created $dff cell `$procdff$5495' with positive edge clock.
Creating register for signal `\IMG_FILTER.\pair_q[8]' using process `\IMG_FILTER.$proc$rtl/img_filter.v:617$1169'.
  created $dff cell `$procdff$5496' with positive edge clock.
Creating register for signal `\IMG_FILTER.\pair_q[7]' using process `\IMG_FILTER.$proc$rtl/img_filter.v:617$1164'.
  created $dff cell `$procdff$5497' with positive edge clock.
Creating register for signal `\IMG_FILTER.\pair_q[6]' using process `\IMG_FILTER.$proc$rtl/img_filter.v:617$1159'.
  created $dff cell `$procdff$5498' with positive edge clock.
Creating register for signal `\IMG_FILTER.\pair_q[5]' using process `\IMG_FILTER.$proc$rtl/img_filter.v:617$1154'.
  created $dff cell `$procdff$5499' with positive edge clock.
Creating register for signal `\IMG_FILTER.\pair_q[4]' using process `\IMG_FILTER.$proc$rtl/img_filter.v:617$1149'.
  created $dff cell `$procdff$5500' with positive edge clock.
Creating register for signal `\IMG_FILTER.\pair_q[3]' using process `\IMG_FILTER.$proc$rtl/img_filter.v:617$1144'.
  created $dff cell `$procdff$5501' with positive edge clock.
Creating register for signal `\IMG_FILTER.\pair_q[2]' using process `\IMG_FILTER.$proc$rtl/img_filter.v:617$1139'.
  created $dff cell `$procdff$5502' with positive edge clock.
Creating register for signal `\IMG_FILTER.\pair_q[1]' using process `\IMG_FILTER.$proc$rtl/img_filter.v:617$1134'.
  created $dff cell `$procdff$5503' with positive edge clock.
Creating register for signal `\IMG_FILTER.\pair_q[0]' using process `\IMG_FILTER.$proc$rtl/img_filter.v:617$1129'.
  created $dff cell `$procdff$5504' with positive edge clock.
Creating register for signal `\IMG_FILTER.\out_pix_data' using process `\IMG_FILTER.$proc$rtl/img_filter.v:669$313'.
  created $adff cell `$procdff$5509' with positive edge clock and positive level reset.
Creating register for signal `\IMG_FILTER.\oskid_d' using process `\IMG_FILTER.$proc$rtl/img_filter.v:669$313'.
  created $adff cell `$procdff$5514' with positive edge clock and positive level reset.
Creating register for signal `\IMG_FILTER.\out_v_q' using process `\IMG_FILTER.$proc$rtl/img_filter.v:652$307'.
  created $adff cell `$procdff$5519' with positive edge clock and positive level reset.
Creating register for signal `\IMG_FILTER.\oskid_v' using process `\IMG_FILTER.$proc$rtl/img_filter.v:652$307'.
  created $adff cell `$procdff$5524' with positive edge clock and positive level reset.
Creating register for signal `\IMG_FILTER.\rdata_q' using process `\IMG_FILTER.$proc$rtl/img_filter.v:567$302'.
  created $dff cell `$procdff$5525' with positive edge clock.
Creating register for signal `\IMG_FILTER.\c_d1' using process `\IMG_FILTER.$proc$rtl/img_filter.v:567$302'.
  created $dff cell `$procdff$5526' with positive edge clock.
Creating register for signal `\IMG_FILTER.\c_d2' using process `\IMG_FILTER.$proc$rtl/img_filter.v:567$302'.
  created $dff cell `$procdff$5527' with positive edge clock.
Creating register for signal `\IMG_FILTER.\cbp_d1' using process `\IMG_FILTER.$proc$rtl/img_filter.v:567$302'.
  created $dff cell `$procdff$5528' with positive edge clock.
Creating register for signal `\IMG_FILTER.\cbp_d2' using process `\IMG_FILTER.$proc$rtl/img_filter.v:567$302'.
  created $dff cell `$procdff$5529' with positive edge clock.
Creating register for signal `\IMG_FILTER.\byp_d1' using process `\IMG_FILTER.$proc$rtl/img_filter.v:567$302'.
  created $dff cell `$procdff$5530' with positive edge clock.
Creating register for signal `\IMG_FILTER.\byp_d2' using process `\IMG_FILTER.$proc$rtl/img_filter.v:567$302'.
  created $dff cell `$procdff$5531' with positive edge clock.
Creating register for signal `\IMG_FILTER.\ce_d1' using process `\IMG_FILTER.$proc$rtl/img_filter.v:549$300'.
  created $adff cell `$procdff$5536' with positive edge clock and positive level reset.
Creating register for signal `\IMG_FILTER.\ce_d2' using process `\IMG_FILTER.$proc$rtl/img_filter.v:549$300'.
  created $adff cell `$procdff$5541' with positive edge clock and positive level reset.
Creating register for signal `\IMG_FILTER.\out_d1' using process `\IMG_FILTER.$proc$rtl/img_filter.v:549$300'.
  created $adff cell `$procdff$5546' with positive edge clock and positive level reset.
Creating register for signal `\IMG_FILTER.\out_d2' using process `\IMG_FILTER.$proc$rtl/img_filter.v:549$300'.
  created $adff cell `$procdff$5551' with positive edge clock and positive level reset.
Creating register for signal `\IMG_FILTER.\out_d3' using process `\IMG_FILTER.$proc$rtl/img_filter.v:549$300'.
  created $adff cell `$procdff$5556' with positive edge clock and positive level reset.
Creating register for signal `\IMG_FILTER.\out_d4' using process `\IMG_FILTER.$proc$rtl/img_filter.v:549$300'.
  created $adff cell `$procdff$5561' with positive edge clock and positive level reset.
Creating register for signal `\IMG_FILTER.\m_c' using process `\IMG_FILTER.$proc$rtl/img_filter.v:521$294'.
  created $dff cell `$procdff$5562' with positive edge clock.
Creating register for signal `\IMG_FILTER.\m_cbp' using process `\IMG_FILTER.$proc$rtl/img_filter.v:521$294'.
  created $dff cell `$procdff$5563' with positive edge clock.
Creating register for signal `\IMG_FILTER.\m_ce' using process `\IMG_FILTER.$proc$rtl/img_filter.v:508$287'.
  created $adff cell `$procdff$5568' with positive edge clock and positive level reset.
Creating register for signal `\IMG_FILTER.\m_1h' using process `\IMG_FILTER.$proc$rtl/img_filter.v:508$287'.
  created $adff cell `$procdff$5573' with positive edge clock and positive level reset.
Creating register for signal `\IMG_FILTER.\m_addr' using process `\IMG_FILTER.$proc$rtl/img_filter.v:508$287'.
  created $adff cell `$procdff$5578' with positive edge clock and positive level reset.
Creating register for signal `\IMG_FILTER.\m_out' using process `\IMG_FILTER.$proc$rtl/img_filter.v:508$287'.
  created $adff cell `$procdff$5583' with positive edge clock and positive level reset.
Creating register for signal `\IMG_FILTER.\in_data_q' using process `\IMG_FILTER.$proc$rtl/img_filter.v:494$283'.
  created $adff cell `$procdff$5588' with positive edge clock and positive level reset.
Creating register for signal `\IMG_FILTER.\ibuf0' using process `\IMG_FILTER.$proc$rtl/img_filter.v:487$282'.
  created $dff cell `$procdff$5589' with positive edge clock.
Creating register for signal `\IMG_FILTER.\ibuf1' using process `\IMG_FILTER.$proc$rtl/img_filter.v:487$282'.
  created $dff cell `$procdff$5590' with positive edge clock.
Creating register for signal `\IMG_FILTER.\icnt' using process `\IMG_FILTER.$proc$rtl/img_filter.v:474$276'.
  created $adff cell `$procdff$5595' with positive edge clock and positive level reset.
Creating register for signal `\IMG_FILTER.\in_need_q' using process `\IMG_FILTER.$proc$rtl/img_filter.v:474$276'.
  created $adff cell `$procdff$5600' with positive edge clock and positive level reset.
Creating register for signal `\IMG_FILTER.\iwr' using process `\IMG_FILTER.$proc$rtl/img_filter.v:474$276'.
  created $adff cell `$procdff$5605' with positive edge clock and positive level reset.
Creating register for signal `\IMG_FILTER.\ird' using process `\IMG_FILTER.$proc$rtl/img_filter.v:474$276'.
  created $adff cell `$procdff$5610' with positive edge clock and positive level reset.
Creating register for signal `\IMG_FILTER.\rem_f' using process `\IMG_FILTER.$proc$rtl/img_filter.v:439$264'.
  created $adff cell `$procdff$5615' with positive edge clock and positive level reset.
Creating register for signal `\IMG_FILTER.\ymod_f' using process `\IMG_FILTER.$proc$rtl/img_filter.v:439$264'.
  created $adff cell `$procdff$5620' with positive edge clock and positive level reset.
Creating register for signal `\IMG_FILTER.\tlo_f' using process `\IMG_FILTER.$proc$rtl/img_filter.v:439$264'.
  created $adff cell `$procdff$5625' with positive edge clock and positive level reset.
Creating register for signal `\IMG_FILTER.\c_cur' using process `\IMG_FILTER.$proc$rtl/img_filter.v:431$263'.
  created $dff cell `$procdff$5626' with positive edge clock.
Creating register for signal `\IMG_FILTER.\ce_cur' using process `\IMG_FILTER.$proc$rtl/img_filter.v:431$263'.
  created $dff cell `$procdff$5627' with positive edge clock.
Creating register for signal `\IMG_FILTER.\cbp_cur' using process `\IMG_FILTER.$proc$rtl/img_filter.v:431$263'.
  created $dff cell `$procdff$5628' with positive edge clock.
Creating register for signal `\IMG_FILTER.\c_fut' using process `\IMG_FILTER.$proc$rtl/img_filter.v:418$259'.
  created $dff cell `$procdff$5629' with positive edge clock.
Creating register for signal `\IMG_FILTER.\ce_fut' using process `\IMG_FILTER.$proc$rtl/img_filter.v:418$259'.
  created $dff cell `$procdff$5630' with positive edge clock.
Creating register for signal `\IMG_FILTER.\cbp_fut' using process `\IMG_FILTER.$proc$rtl/img_filter.v:418$259'.
  created $dff cell `$procdff$5631' with positive edge clock.
Creating register for signal `\IMG_FILTER.\cvlo1_q' using process `\IMG_FILTER.$proc$rtl/img_filter.v:383$258'.
  created $dff cell `$procdff$5632' with positive edge clock.
Creating register for signal `\IMG_FILTER.\cvlo2_q' using process `\IMG_FILTER.$proc$rtl/img_filter.v:383$258'.
  created $dff cell `$procdff$5633' with positive edge clock.
Creating register for signal `\IMG_FILTER.\cvlo3_q' using process `\IMG_FILTER.$proc$rtl/img_filter.v:383$258'.
  created $dff cell `$procdff$5634' with positive edge clock.
Creating register for signal `\IMG_FILTER.\shi1_q' using process `\IMG_FILTER.$proc$rtl/img_filter.v:383$258'.
  created $dff cell `$procdff$5635' with positive edge clock.
Creating register for signal `\IMG_FILTER.\shi2_q' using process `\IMG_FILTER.$proc$rtl/img_filter.v:383$258'.
  created $dff cell `$procdff$5636' with positive edge clock.
Creating register for signal `\IMG_FILTER.\shi3_q' using process `\IMG_FILTER.$proc$rtl/img_filter.v:383$258'.
  created $dff cell `$procdff$5637' with positive edge clock.
Creating register for signal `\IMG_FILTER.\cbp_mid_q' using process `\IMG_FILTER.$proc$rtl/img_filter.v:383$258'.
  created $dff cell `$procdff$5638' with positive edge clock.
Creating register for signal `\IMG_FILTER.\prep_cnt' using process `\IMG_FILTER.$proc$rtl/img_filter.v:267$222'.
  created $adff cell `$procdff$5643' with positive edge clock and positive level reset.
Creating register for signal `\IMG_FILTER.\state' using process `\IMG_FILTER.$proc$rtl/img_filter.v:267$222'.
  created $adff cell `$procdff$5648' with positive edge clock and positive level reset.
Creating register for signal `\IMG_FILTER.\c_cnt' using process `\IMG_FILTER.$proc$rtl/img_filter.v:267$222'.
  created $adff cell `$procdff$5653' with positive edge clock and positive level reset.
Creating register for signal `\IMG_FILTER.\r_cnt' using process `\IMG_FILTER.$proc$rtl/img_filter.v:267$222'.
  created $adff cell `$procdff$5658' with positive edge clock and positive level reset.
Creating register for signal `\IMG_FILTER.\wbank' using process `\IMG_FILTER.$proc$rtl/img_filter.v:267$222'.
  created $adff cell `$procdff$5663' with positive edge clock and positive level reset.
Creating register for signal `\IMG_FILTER.\rem_q' using process `\IMG_FILTER.$proc$rtl/img_filter.v:267$222'.
  created $adff cell `$procdff$5668' with positive edge clock and positive level reset.
Creating register for signal `\IMG_FILTER.\mod_x' using process `\IMG_FILTER.$proc$rtl/img_filter.v:197$177'.
  created $adff cell `$procdff$5673' with positive edge clock and positive level reset.
Creating register for signal `\IMG_FILTER.\i' using process `\IMG_FILTER.$proc$rtl/img_filter.v:186$24'.
  created $adff cell `$procdff$5678' with positive edge clock and positive level reset.
Creating register for signal `\IMG_FILTER.\a_sym[0]' using process `\IMG_FILTER.$proc$rtl/img_filter.v:186$24'.
  created $adff cell `$procdff$5683' with positive edge clock and positive level reset.
Creating register for signal `\IMG_FILTER.\a_sym[1]' using process `\IMG_FILTER.$proc$rtl/img_filter.v:186$24'.
  created $adff cell `$procdff$5688' with positive edge clock and positive level reset.
Creating register for signal `\IMG_FILTER.\a_sym[2]' using process `\IMG_FILTER.$proc$rtl/img_filter.v:186$24'.
  created $adff cell `$procdff$5693' with positive edge clock and positive level reset.
Creating register for signal `\IMG_FILTER.\a_sym[3]' using process `\IMG_FILTER.$proc$rtl/img_filter.v:186$24'.
  created $adff cell `$procdff$5698' with positive edge clock and positive level reset.
Creating register for signal `\IMG_FILTER.\a_sym[4]' using process `\IMG_FILTER.$proc$rtl/img_filter.v:186$24'.
  created $adff cell `$procdff$5703' with positive edge clock and positive level reset.
Creating register for signal `\IMG_FILTER.\a_sym[5]' using process `\IMG_FILTER.$proc$rtl/img_filter.v:186$24'.
  created $adff cell `$procdff$5708' with positive edge clock and positive level reset.
Creating register for signal `\IMG_FILTER.\a_sym[6]' using process `\IMG_FILTER.$proc$rtl/img_filter.v:186$24'.
  created $adff cell `$procdff$5713' with positive edge clock and positive level reset.
Creating register for signal `\IMG_FILTER.\a_sym[7]' using process `\IMG_FILTER.$proc$rtl/img_filter.v:186$24'.
  created $adff cell `$procdff$5718' with positive edge clock and positive level reset.
Creating register for signal `\IMG_FILTER.\a_sym[8]' using process `\IMG_FILTER.$proc$rtl/img_filter.v:186$24'.
  created $adff cell `$procdff$5723' with positive edge clock and positive level reset.
Creating register for signal `\IMG_FILTER.\a_sym[9]' using process `\IMG_FILTER.$proc$rtl/img_filter.v:186$24'.
  created $adff cell `$procdff$5728' with positive edge clock and positive level reset.
Creating register for signal `\IMG_FILTER.\a_sym[10]' using process `\IMG_FILTER.$proc$rtl/img_filter.v:186$24'.
  created $adff cell `$procdff$5733' with positive edge clock and positive level reset.
Creating register for signal `\IMG_FILTER.\a_sym[11]' using process `\IMG_FILTER.$proc$rtl/img_filter.v:186$24'.
  created $adff cell `$procdff$5738' with positive edge clock and positive level reset.
Creating register for signal `\IMG_FILTER.\a_sym[12]' using process `\IMG_FILTER.$proc$rtl/img_filter.v:186$24'.
  created $adff cell `$procdff$5743' with positive edge clock and positive level reset.
Creating register for signal `\IMG_FILTER.\a_sym[13]' using process `\IMG_FILTER.$proc$rtl/img_filter.v:186$24'.
  created $adff cell `$procdff$5748' with positive edge clock and positive level reset.
Creating register for signal `\IMG_FILTER.\a_sym[14]' using process `\IMG_FILTER.$proc$rtl/img_filter.v:186$24'.
  created $adff cell `$procdff$5753' with positive edge clock and positive level reset.
Creating register for signal `\IMG_FILTER.\a_sym[15]' using process `\IMG_FILTER.$proc$rtl/img_filter.v:186$24'.
  created $adff cell `$procdff$5758' with positive edge clock and positive level reset.
Creating register for signal `\IMG_FILTER.\a_sym[16]' using process `\IMG_FILTER.$proc$rtl/img_filter.v:186$24'.
  created $adff cell `$procdff$5763' with positive edge clock and positive level reset.
Creating register for signal `\IMG_FILTER.\a_sym[17]' using process `\IMG_FILTER.$proc$rtl/img_filter.v:186$24'.
  created $adff cell `$procdff$5768' with positive edge clock and positive level reset.
Creating register for signal `\IMG_FILTER.\a_sym[18]' using process `\IMG_FILTER.$proc$rtl/img_filter.v:186$24'.
  created $adff cell `$procdff$5773' with positive edge clock and positive level reset.
Creating register for signal `\IMG_FILTER.\a_sym[19]' using process `\IMG_FILTER.$proc$rtl/img_filter.v:186$24'.
  created $adff cell `$procdff$5778' with positive edge clock and positive level reset.
Creating register for signal `\IMG_FILTER.\a_sym[20]' using process `\IMG_FILTER.$proc$rtl/img_filter.v:186$24'.
  created $adff cell `$procdff$5783' with positive edge clock and positive level reset.
Creating register for signal `\IMG_FILTER.\a_sym[21]' using process `\IMG_FILTER.$proc$rtl/img_filter.v:186$24'.
  created $adff cell `$procdff$5788' with positive edge clock and positive level reset.
Creating register for signal `\IMG_FILTER.\a_sym[22]' using process `\IMG_FILTER.$proc$rtl/img_filter.v:186$24'.
  created $adff cell `$procdff$5793' with positive edge clock and positive level reset.
Creating register for signal `\IMG_FILTER.\a_sym[23]' using process `\IMG_FILTER.$proc$rtl/img_filter.v:186$24'.
  created $adff cell `$procdff$5798' with positive edge clock and positive level reset.
Creating register for signal `\IMG_FILTER.\a_sym[24]' using process `\IMG_FILTER.$proc$rtl/img_filter.v:186$24'.
  created $adff cell `$procdff$5803' with positive edge clock and positive level reset.
Creating register for signal `\IMG_FILTER.\h_m1_q' using process `\IMG_FILTER.$proc$rtl/img_filter.v:157$20'.
  created $adff cell `$procdff$5808' with positive edge clock and positive level reset.
Creating register for signal `\IMG_FILTER.\nbm1_q' using process `\IMG_FILTER.$proc$rtl/img_filter.v:157$20'.
  created $adff cell `$procdff$5813' with positive edge clock and positive level reset.
Creating register for signal `\IMG_FILTER.\hv_q' using process `\IMG_FILTER.$proc$rtl/img_filter.v:157$20'.
  created $adff cell `$procdff$5818' with positive edge clock and positive level reset.
Creating register for signal `\IMG_FILTER.\coef_q' using process `\IMG_FILTER.$proc$rtl/img_filter.v:157$20'.
  created $adff cell `$procdff$5823' with positive edge clock and positive level reset.

4.10. Executing PROC_MEMWR pass (convert process memory writes to cells).

4.11. Executing PROC_CLEAN pass (remove empty switches from decision trees).
Removing empty process `IMG_FILTER.$proc$rtl/img_filter.v:635$3749'.
Removing empty process `IMG_FILTER.$proc$rtl/img_filter.v:631$3744'.
Removing empty process `IMG_FILTER.$proc$rtl/img_filter.v:635$3743'.
Removing empty process `IMG_FILTER.$proc$rtl/img_filter.v:631$3738'.
Removing empty process `IMG_FILTER.$proc$rtl/img_filter.v:635$3737'.
Removing empty process `IMG_FILTER.$proc$rtl/img_filter.v:631$3732'.
Removing empty process `IMG_FILTER.$proc$rtl/img_filter.v:635$3731'.
Removing empty process `IMG_FILTER.$proc$rtl/img_filter.v:631$3726'.
Removing empty process `IMG_FILTER.$proc$rtl/img_filter.v:635$3725'.
Removing empty process `IMG_FILTER.$proc$rtl/img_filter.v:631$3720'.
Removing empty process `IMG_FILTER.$proc$rtl/img_filter.v:635$3719'.
Removing empty process `IMG_FILTER.$proc$rtl/img_filter.v:631$3714'.
Removing empty process `IMG_FILTER.$proc$rtl/img_filter.v:635$3713'.
Removing empty process `IMG_FILTER.$proc$rtl/img_filter.v:631$3708'.
Removing empty process `IMG_FILTER.$proc$rtl/img_filter.v:635$3707'.
Removing empty process `IMG_FILTER.$proc$rtl/img_filter.v:631$3702'.
Removing empty process `IMG_FILTER.$proc$rtl/img_filter.v:635$3701'.
Removing empty process `IMG_FILTER.$proc$rtl/img_filter.v:631$3696'.
Removing empty process `IMG_FILTER.$proc$rtl/img_filter.v:635$3695'.
Removing empty process `IMG_FILTER.$proc$rtl/img_filter.v:631$3690'.
Removing empty process `IMG_FILTER.$proc$rtl/img_filter.v:635$3689'.
Removing empty process `IMG_FILTER.$proc$rtl/img_filter.v:631$3684'.
Removing empty process `IMG_FILTER.$proc$rtl/img_filter.v:635$3683'.
Removing empty process `IMG_FILTER.$proc$rtl/img_filter.v:631$3678'.
Removing empty process `IMG_FILTER.$proc$rtl/img_filter.v:635$3677'.
Removing empty process `IMG_FILTER.$proc$rtl/img_filter.v:631$3672'.
Removing empty process `IMG_FILTER.$proc$rtl/img_filter.v:635$3671'.
Removing empty process `IMG_FILTER.$proc$rtl/img_filter.v:631$3666'.
Removing empty process `IMG_FILTER.$proc$rtl/img_filter.v:635$3665'.
Removing empty process `IMG_FILTER.$proc$rtl/img_filter.v:631$3660'.
Removing empty process `IMG_FILTER.$proc$rtl/img_filter.v:635$3659'.
Removing empty process `IMG_FILTER.$proc$rtl/img_filter.v:631$3654'.
Found and cleaned up 1 empty switch in `\IMG_FILTER.$proc$rtl/img_filter.v:627$3649'.
Removing empty process `IMG_FILTER.$proc$rtl/img_filter.v:627$3649'.
Found and cleaned up 1 empty switch in `\IMG_FILTER.$proc$rtl/img_filter.v:627$3643'.
Removing empty process `IMG_FILTER.$proc$rtl/img_filter.v:627$3643'.
Found and cleaned up 1 empty switch in `\IMG_FILTER.$proc$rtl/img_filter.v:627$3637'.
Removing empty process `IMG_FILTER.$proc$rtl/img_filter.v:627$3637'.
Found and cleaned up 1 empty switch in `\IMG_FILTER.$proc$rtl/img_filter.v:627$3631'.
Removing empty process `IMG_FILTER.$proc$rtl/img_filter.v:627$3631'.
Found and cleaned up 1 empty switch in `\IMG_FILTER.$proc$rtl/img_filter.v:627$3625'.
Removing empty process `IMG_FILTER.$proc$rtl/img_filter.v:627$3625'.
Found and cleaned up 1 empty switch in `\IMG_FILTER.$proc$rtl/img_filter.v:617$3619'.
Removing empty process `IMG_FILTER.$proc$rtl/img_filter.v:617$3619'.
Found and cleaned up 1 empty switch in `\IMG_FILTER.$proc$rtl/img_filter.v:617$3614'.
Removing empty process `IMG_FILTER.$proc$rtl/img_filter.v:617$3614'.
Found and cleaned up 1 empty switch in `\IMG_FILTER.$proc$rtl/img_filter.v:617$3609'.
Removing empty process `IMG_FILTER.$proc$rtl/img_filter.v:617$3609'.
Found and cleaned up 1 empty switch in `\IMG_FILTER.$proc$rtl/img_filter.v:617$3604'.
Removing empty process `IMG_FILTER.$proc$rtl/img_filter.v:617$3604'.
Found and cleaned up 1 empty switch in `\IMG_FILTER.$proc$rtl/img_filter.v:617$3599'.
Removing empty process `IMG_FILTER.$proc$rtl/img_filter.v:617$3599'.
Found and cleaned up 1 empty switch in `\IMG_FILTER.$proc$rtl/img_filter.v:617$3594'.
Removing empty process `IMG_FILTER.$proc$rtl/img_filter.v:617$3594'.
Found and cleaned up 1 empty switch in `\IMG_FILTER.$proc$rtl/img_filter.v:617$3589'.
Removing empty process `IMG_FILTER.$proc$rtl/img_filter.v:617$3589'.
Found and cleaned up 1 empty switch in `\IMG_FILTER.$proc$rtl/img_filter.v:617$3584'.
Removing empty process `IMG_FILTER.$proc$rtl/img_filter.v:617$3584'.
Found and cleaned up 1 empty switch in `\IMG_FILTER.$proc$rtl/img_filter.v:617$3579'.
Removing empty process `IMG_FILTER.$proc$rtl/img_filter.v:617$3579'.
Found and cleaned up 1 empty switch in `\IMG_FILTER.$proc$rtl/img_filter.v:617$3574'.
Removing empty process `IMG_FILTER.$proc$rtl/img_filter.v:617$3574'.
Found and cleaned up 1 empty switch in `\IMG_FILTER.$proc$rtl/img_filter.v:617$3569'.
Removing empty process `IMG_FILTER.$proc$rtl/img_filter.v:617$3569'.
Found and cleaned up 1 empty switch in `\IMG_FILTER.$proc$rtl/img_filter.v:617$3564'.
Removing empty process `IMG_FILTER.$proc$rtl/img_filter.v:617$3564'.
Found and cleaned up 1 empty switch in `\IMG_FILTER.$proc$rtl/img_filter.v:617$3559'.
Removing empty process `IMG_FILTER.$proc$rtl/img_filter.v:617$3559'.
Found and cleaned up 1 empty switch in `\IMG_FILTER.$proc$rtl/img_filter.v:617$3554'.
Removing empty process `IMG_FILTER.$proc$rtl/img_filter.v:617$3554'.
Found and cleaned up 1 empty switch in `\IMG_FILTER.$proc$rtl/img_filter.v:617$3549'.
Removing empty process `IMG_FILTER.$proc$rtl/img_filter.v:617$3549'.
Found and cleaned up 1 empty switch in `\IMG_FILTER.$proc$rtl/img_filter.v:617$3544'.
Removing empty process `IMG_FILTER.$proc$rtl/img_filter.v:617$3544'.
Found and cleaned up 1 empty switch in `\IMG_FILTER.$proc$rtl/img_filter.v:617$3539'.
Removing empty process `IMG_FILTER.$proc$rtl/img_filter.v:617$3539'.
Found and cleaned up 1 empty switch in `\IMG_FILTER.$proc$rtl/img_filter.v:617$3534'.
Removing empty process `IMG_FILTER.$proc$rtl/img_filter.v:617$3534'.
Found and cleaned up 1 empty switch in `\IMG_FILTER.$proc$rtl/img_filter.v:617$3529'.
Removing empty process `IMG_FILTER.$proc$rtl/img_filter.v:617$3529'.
Found and cleaned up 1 empty switch in `\IMG_FILTER.$proc$rtl/img_filter.v:617$3524'.
Removing empty process `IMG_FILTER.$proc$rtl/img_filter.v:617$3524'.
Found and cleaned up 1 empty switch in `\IMG_FILTER.$proc$rtl/img_filter.v:617$3519'.
Removing empty process `IMG_FILTER.$proc$rtl/img_filter.v:617$3519'.
Found and cleaned up 1 empty switch in `\IMG_FILTER.$proc$rtl/img_filter.v:617$3514'.
Removing empty process `IMG_FILTER.$proc$rtl/img_filter.v:617$3514'.
Found and cleaned up 1 empty switch in `\IMG_FILTER.$proc$rtl/img_filter.v:617$3509'.
Removing empty process `IMG_FILTER.$proc$rtl/img_filter.v:617$3509'.
Found and cleaned up 1 empty switch in `\IMG_FILTER.$proc$rtl/img_filter.v:617$3504'.
Removing empty process `IMG_FILTER.$proc$rtl/img_filter.v:617$3504'.
Found and cleaned up 1 empty switch in `\IMG_FILTER.$proc$rtl/img_filter.v:617$3499'.
Removing empty process `IMG_FILTER.$proc$rtl/img_filter.v:617$3499'.
Found and cleaned up 1 empty switch in `\IMG_FILTER.$proc$rtl/img_filter.v:627$3491'.
Removing empty process `IMG_FILTER.$proc$rtl/img_filter.v:627$3491'.
Found and cleaned up 1 empty switch in `\IMG_FILTER.$proc$rtl/img_filter.v:627$3485'.
Removing empty process `IMG_FILTER.$proc$rtl/img_filter.v:627$3485'.
Found and cleaned up 1 empty switch in `\IMG_FILTER.$proc$rtl/img_filter.v:627$3479'.
Removing empty process `IMG_FILTER.$proc$rtl/img_filter.v:627$3479'.
Found and cleaned up 1 empty switch in `\IMG_FILTER.$proc$rtl/img_filter.v:627$3473'.
Removing empty process `IMG_FILTER.$proc$rtl/img_filter.v:627$3473'.
Found and cleaned up 1 empty switch in `\IMG_FILTER.$proc$rtl/img_filter.v:627$3467'.
Removing empty process `IMG_FILTER.$proc$rtl/img_filter.v:627$3467'.
Found and cleaned up 1 empty switch in `\IMG_FILTER.$proc$rtl/img_filter.v:617$3461'.
Removing empty process `IMG_FILTER.$proc$rtl/img_filter.v:617$3461'.
Found and cleaned up 1 empty switch in `\IMG_FILTER.$proc$rtl/img_filter.v:617$3456'.
Removing empty process `IMG_FILTER.$proc$rtl/img_filter.v:617$3456'.
Found and cleaned up 1 empty switch in `\IMG_FILTER.$proc$rtl/img_filter.v:617$3451'.
Removing empty process `IMG_FILTER.$proc$rtl/img_filter.v:617$3451'.
Found and cleaned up 1 empty switch in `\IMG_FILTER.$proc$rtl/img_filter.v:617$3446'.
Removing empty process `IMG_FILTER.$proc$rtl/img_filter.v:617$3446'.
Found and cleaned up 1 empty switch in `\IMG_FILTER.$proc$rtl/img_filter.v:617$3441'.
Removing empty process `IMG_FILTER.$proc$rtl/img_filter.v:617$3441'.
Found and cleaned up 1 empty switch in `\IMG_FILTER.$proc$rtl/img_filter.v:617$3436'.
Removing empty process `IMG_FILTER.$proc$rtl/img_filter.v:617$3436'.
Found and cleaned up 1 empty switch in `\IMG_FILTER.$proc$rtl/img_filter.v:617$3431'.
Removing empty process `IMG_FILTER.$proc$rtl/img_filter.v:617$3431'.
Found and cleaned up 1 empty switch in `\IMG_FILTER.$proc$rtl/img_filter.v:617$3426'.
Removing empty process `IMG_FILTER.$proc$rtl/img_filter.v:617$3426'.
Found and cleaned up 1 empty switch in `\IMG_FILTER.$proc$rtl/img_filter.v:617$3421'.
Removing empty process `IMG_FILTER.$proc$rtl/img_filter.v:617$3421'.
Found and cleaned up 1 empty switch in `\IMG_FILTER.$proc$rtl/img_filter.v:617$3416'.
Removing empty process `IMG_FILTER.$proc$rtl/img_filter.v:617$3416'.
Found and cleaned up 1 empty switch in `\IMG_FILTER.$proc$rtl/img_filter.v:617$3411'.
Removing empty process `IMG_FILTER.$proc$rtl/img_filter.v:617$3411'.
Found and cleaned up 1 empty switch in `\IMG_FILTER.$proc$rtl/img_filter.v:617$3406'.
Removing empty process `IMG_FILTER.$proc$rtl/img_filter.v:617$3406'.
Found and cleaned up 1 empty switch in `\IMG_FILTER.$proc$rtl/img_filter.v:617$3401'.
Removing empty process `IMG_FILTER.$proc$rtl/img_filter.v:617$3401'.
Found and cleaned up 1 empty switch in `\IMG_FILTER.$proc$rtl/img_filter.v:617$3396'.
Removing empty process `IMG_FILTER.$proc$rtl/img_filter.v:617$3396'.
Found and cleaned up 1 empty switch in `\IMG_FILTER.$proc$rtl/img_filter.v:617$3391'.
Removing empty process `IMG_FILTER.$proc$rtl/img_filter.v:617$3391'.
Found and cleaned up 1 empty switch in `\IMG_FILTER.$proc$rtl/img_filter.v:617$3386'.
Removing empty process `IMG_FILTER.$proc$rtl/img_filter.v:617$3386'.
Found and cleaned up 1 empty switch in `\IMG_FILTER.$proc$rtl/img_filter.v:617$3381'.
Removing empty process `IMG_FILTER.$proc$rtl/img_filter.v:617$3381'.
Found and cleaned up 1 empty switch in `\IMG_FILTER.$proc$rtl/img_filter.v:617$3376'.
Removing empty process `IMG_FILTER.$proc$rtl/img_filter.v:617$3376'.
Found and cleaned up 1 empty switch in `\IMG_FILTER.$proc$rtl/img_filter.v:617$3371'.
Removing empty process `IMG_FILTER.$proc$rtl/img_filter.v:617$3371'.
Found and cleaned up 1 empty switch in `\IMG_FILTER.$proc$rtl/img_filter.v:617$3366'.
Removing empty process `IMG_FILTER.$proc$rtl/img_filter.v:617$3366'.
Found and cleaned up 1 empty switch in `\IMG_FILTER.$proc$rtl/img_filter.v:617$3361'.
Removing empty process `IMG_FILTER.$proc$rtl/img_filter.v:617$3361'.
Found and cleaned up 1 empty switch in `\IMG_FILTER.$proc$rtl/img_filter.v:617$3356'.
Removing empty process `IMG_FILTER.$proc$rtl/img_filter.v:617$3356'.
Found and cleaned up 1 empty switch in `\IMG_FILTER.$proc$rtl/img_filter.v:617$3351'.
Removing empty process `IMG_FILTER.$proc$rtl/img_filter.v:617$3351'.
Found and cleaned up 1 empty switch in `\IMG_FILTER.$proc$rtl/img_filter.v:617$3346'.
Removing empty process `IMG_FILTER.$proc$rtl/img_filter.v:617$3346'.
Found and cleaned up 1 empty switch in `\IMG_FILTER.$proc$rtl/img_filter.v:617$3341'.
Removing empty process `IMG_FILTER.$proc$rtl/img_filter.v:617$3341'.
Found and cleaned up 1 empty switch in `\IMG_FILTER.$proc$rtl/img_filter.v:627$3333'.
Removing empty process `IMG_FILTER.$proc$rtl/img_filter.v:627$3333'.
Found and cleaned up 1 empty switch in `\IMG_FILTER.$proc$rtl/img_filter.v:627$3327'.
Removing empty process `IMG_FILTER.$proc$rtl/img_filter.v:627$3327'.
Found and cleaned up 1 empty switch in `\IMG_FILTER.$proc$rtl/img_filter.v:627$3321'.
Removing empty process `IMG_FILTER.$proc$rtl/img_filter.v:627$3321'.
Found and cleaned up 1 empty switch in `\IMG_FILTER.$proc$rtl/img_filter.v:627$3315'.
Removing empty process `IMG_FILTER.$proc$rtl/img_filter.v:627$3315'.
Found and cleaned up 1 empty switch in `\IMG_FILTER.$proc$rtl/img_filter.v:627$3309'.
Removing empty process `IMG_FILTER.$proc$rtl/img_filter.v:627$3309'.
Found and cleaned up 1 empty switch in `\IMG_FILTER.$proc$rtl/img_filter.v:617$3303'.
Removing empty process `IMG_FILTER.$proc$rtl/img_filter.v:617$3303'.
Found and cleaned up 1 empty switch in `\IMG_FILTER.$proc$rtl/img_filter.v:617$3298'.
Removing empty process `IMG_FILTER.$proc$rtl/img_filter.v:617$3298'.
Found and cleaned up 1 empty switch in `\IMG_FILTER.$proc$rtl/img_filter.v:617$3293'.
Removing empty process `IMG_FILTER.$proc$rtl/img_filter.v:617$3293'.
Found and cleaned up 1 empty switch in `\IMG_FILTER.$proc$rtl/img_filter.v:617$3288'.
Removing empty process `IMG_FILTER.$proc$rtl/img_filter.v:617$3288'.
Found and cleaned up 1 empty switch in `\IMG_FILTER.$proc$rtl/img_filter.v:617$3283'.
Removing empty process `IMG_FILTER.$proc$rtl/img_filter.v:617$3283'.
Found and cleaned up 1 empty switch in `\IMG_FILTER.$proc$rtl/img_filter.v:617$3278'.
Removing empty process `IMG_FILTER.$proc$rtl/img_filter.v:617$3278'.
Found and cleaned up 1 empty switch in `\IMG_FILTER.$proc$rtl/img_filter.v:617$3273'.
Removing empty process `IMG_FILTER.$proc$rtl/img_filter.v:617$3273'.
Found and cleaned up 1 empty switch in `\IMG_FILTER.$proc$rtl/img_filter.v:617$3268'.
Removing empty process `IMG_FILTER.$proc$rtl/img_filter.v:617$3268'.
Found and cleaned up 1 empty switch in `\IMG_FILTER.$proc$rtl/img_filter.v:617$3263'.
Removing empty process `IMG_FILTER.$proc$rtl/img_filter.v:617$3263'.
Found and cleaned up 1 empty switch in `\IMG_FILTER.$proc$rtl/img_filter.v:617$3258'.
Removing empty process `IMG_FILTER.$proc$rtl/img_filter.v:617$3258'.
Found and cleaned up 1 empty switch in `\IMG_FILTER.$proc$rtl/img_filter.v:617$3253'.
Removing empty process `IMG_FILTER.$proc$rtl/img_filter.v:617$3253'.
Found and cleaned up 1 empty switch in `\IMG_FILTER.$proc$rtl/img_filter.v:617$3248'.
Removing empty process `IMG_FILTER.$proc$rtl/img_filter.v:617$3248'.
Found and cleaned up 1 empty switch in `\IMG_FILTER.$proc$rtl/img_filter.v:617$3243'.
Removing empty process `IMG_FILTER.$proc$rtl/img_filter.v:617$3243'.
Found and cleaned up 1 empty switch in `\IMG_FILTER.$proc$rtl/img_filter.v:617$3238'.
Removing empty process `IMG_FILTER.$proc$rtl/img_filter.v:617$3238'.
Found and cleaned up 1 empty switch in `\IMG_FILTER.$proc$rtl/img_filter.v:617$3233'.
Removing empty process `IMG_FILTER.$proc$rtl/img_filter.v:617$3233'.
Found and cleaned up 1 empty switch in `\IMG_FILTER.$proc$rtl/img_filter.v:617$3228'.
Removing empty process `IMG_FILTER.$proc$rtl/img_filter.v:617$3228'.
Found and cleaned up 1 empty switch in `\IMG_FILTER.$proc$rtl/img_filter.v:617$3223'.
Removing empty process `IMG_FILTER.$proc$rtl/img_filter.v:617$3223'.
Found and cleaned up 1 empty switch in `\IMG_FILTER.$proc$rtl/img_filter.v:617$3218'.
Removing empty process `IMG_FILTER.$proc$rtl/img_filter.v:617$3218'.
Found and cleaned up 1 empty switch in `\IMG_FILTER.$proc$rtl/img_filter.v:617$3213'.
Removing empty process `IMG_FILTER.$proc$rtl/img_filter.v:617$3213'.
Found and cleaned up 1 empty switch in `\IMG_FILTER.$proc$rtl/img_filter.v:617$3208'.
Removing empty process `IMG_FILTER.$proc$rtl/img_filter.v:617$3208'.
Found and cleaned up 1 empty switch in `\IMG_FILTER.$proc$rtl/img_filter.v:617$3203'.
Removing empty process `IMG_FILTER.$proc$rtl/img_filter.v:617$3203'.
Found and cleaned up 1 empty switch in `\IMG_FILTER.$proc$rtl/img_filter.v:617$3198'.
Removing empty process `IMG_FILTER.$proc$rtl/img_filter.v:617$3198'.
Found and cleaned up 1 empty switch in `\IMG_FILTER.$proc$rtl/img_filter.v:617$3193'.
Removing empty process `IMG_FILTER.$proc$rtl/img_filter.v:617$3193'.
Found and cleaned up 1 empty switch in `\IMG_FILTER.$proc$rtl/img_filter.v:617$3188'.
Removing empty process `IMG_FILTER.$proc$rtl/img_filter.v:617$3188'.
Found and cleaned up 1 empty switch in `\IMG_FILTER.$proc$rtl/img_filter.v:617$3183'.
Removing empty process `IMG_FILTER.$proc$rtl/img_filter.v:617$3183'.
Found and cleaned up 1 empty switch in `\IMG_FILTER.$proc$rtl/img_filter.v:627$3175'.
Removing empty process `IMG_FILTER.$proc$rtl/img_filter.v:627$3175'.
Found and cleaned up 1 empty switch in `\IMG_FILTER.$proc$rtl/img_filter.v:627$3169'.
Removing empty process `IMG_FILTER.$proc$rtl/img_filter.v:627$3169'.
Found and cleaned up 1 empty switch in `\IMG_FILTER.$proc$rtl/img_filter.v:627$3163'.
Removing empty process `IMG_FILTER.$proc$rtl/img_filter.v:627$3163'.
Found and cleaned up 1 empty switch in `\IMG_FILTER.$proc$rtl/img_filter.v:627$3157'.
Removing empty process `IMG_FILTER.$proc$rtl/img_filter.v:627$3157'.
Found and cleaned up 1 empty switch in `\IMG_FILTER.$proc$rtl/img_filter.v:627$3151'.
Removing empty process `IMG_FILTER.$proc$rtl/img_filter.v:627$3151'.
Found and cleaned up 1 empty switch in `\IMG_FILTER.$proc$rtl/img_filter.v:617$3145'.
Removing empty process `IMG_FILTER.$proc$rtl/img_filter.v:617$3145'.
Found and cleaned up 1 empty switch in `\IMG_FILTER.$proc$rtl/img_filter.v:617$3140'.
Removing empty process `IMG_FILTER.$proc$rtl/img_filter.v:617$3140'.
Found and cleaned up 1 empty switch in `\IMG_FILTER.$proc$rtl/img_filter.v:617$3135'.
Removing empty process `IMG_FILTER.$proc$rtl/img_filter.v:617$3135'.
Found and cleaned up 1 empty switch in `\IMG_FILTER.$proc$rtl/img_filter.v:617$3130'.
Removing empty process `IMG_FILTER.$proc$rtl/img_filter.v:617$3130'.
Found and cleaned up 1 empty switch in `\IMG_FILTER.$proc$rtl/img_filter.v:617$3125'.
Removing empty process `IMG_FILTER.$proc$rtl/img_filter.v:617$3125'.
Found and cleaned up 1 empty switch in `\IMG_FILTER.$proc$rtl/img_filter.v:617$3120'.
Removing empty process `IMG_FILTER.$proc$rtl/img_filter.v:617$3120'.
Found and cleaned up 1 empty switch in `\IMG_FILTER.$proc$rtl/img_filter.v:617$3115'.
Removing empty process `IMG_FILTER.$proc$rtl/img_filter.v:617$3115'.
Found and cleaned up 1 empty switch in `\IMG_FILTER.$proc$rtl/img_filter.v:617$3110'.
Removing empty process `IMG_FILTER.$proc$rtl/img_filter.v:617$3110'.
Found and cleaned up 1 empty switch in `\IMG_FILTER.$proc$rtl/img_filter.v:617$3105'.
Removing empty process `IMG_FILTER.$proc$rtl/img_filter.v:617$3105'.
Found and cleaned up 1 empty switch in `\IMG_FILTER.$proc$rtl/img_filter.v:617$3100'.
Removing empty process `IMG_FILTER.$proc$rtl/img_filter.v:617$3100'.
Found and cleaned up 1 empty switch in `\IMG_FILTER.$proc$rtl/img_filter.v:617$3095'.
Removing empty process `IMG_FILTER.$proc$rtl/img_filter.v:617$3095'.
Found and cleaned up 1 empty switch in `\IMG_FILTER.$proc$rtl/img_filter.v:617$3090'.
Removing empty process `IMG_FILTER.$proc$rtl/img_filter.v:617$3090'.
Found and cleaned up 1 empty switch in `\IMG_FILTER.$proc$rtl/img_filter.v:617$3085'.
Removing empty process `IMG_FILTER.$proc$rtl/img_filter.v:617$3085'.
Found and cleaned up 1 empty switch in `\IMG_FILTER.$proc$rtl/img_filter.v:617$3080'.
Removing empty process `IMG_FILTER.$proc$rtl/img_filter.v:617$3080'.
Found and cleaned up 1 empty switch in `\IMG_FILTER.$proc$rtl/img_filter.v:617$3075'.
Removing empty process `IMG_FILTER.$proc$rtl/img_filter.v:617$3075'.
Found and cleaned up 1 empty switch in `\IMG_FILTER.$proc$rtl/img_filter.v:617$3070'.
Removing empty process `IMG_FILTER.$proc$rtl/img_filter.v:617$3070'.
Found and cleaned up 1 empty switch in `\IMG_FILTER.$proc$rtl/img_filter.v:617$3065'.
Removing empty process `IMG_FILTER.$proc$rtl/img_filter.v:617$3065'.
Found and cleaned up 1 empty switch in `\IMG_FILTER.$proc$rtl/img_filter.v:617$3060'.
Removing empty process `IMG_FILTER.$proc$rtl/img_filter.v:617$3060'.
Found and cleaned up 1 empty switch in `\IMG_FILTER.$proc$rtl/img_filter.v:617$3055'.
Removing empty process `IMG_FILTER.$proc$rtl/img_filter.v:617$3055'.
Found and cleaned up 1 empty switch in `\IMG_FILTER.$proc$rtl/img_filter.v:617$3050'.
Removing empty process `IMG_FILTER.$proc$rtl/img_filter.v:617$3050'.
Found and cleaned up 1 empty switch in `\IMG_FILTER.$proc$rtl/img_filter.v:617$3045'.
Removing empty process `IMG_FILTER.$proc$rtl/img_filter.v:617$3045'.
Found and cleaned up 1 empty switch in `\IMG_FILTER.$proc$rtl/img_filter.v:617$3040'.
Removing empty process `IMG_FILTER.$proc$rtl/img_filter.v:617$3040'.
Found and cleaned up 1 empty switch in `\IMG_FILTER.$proc$rtl/img_filter.v:617$3035'.
Removing empty process `IMG_FILTER.$proc$rtl/img_filter.v:617$3035'.
Found and cleaned up 1 empty switch in `\IMG_FILTER.$proc$rtl/img_filter.v:617$3030'.
Removing empty process `IMG_FILTER.$proc$rtl/img_filter.v:617$3030'.
Found and cleaned up 1 empty switch in `\IMG_FILTER.$proc$rtl/img_filter.v:617$3025'.
Removing empty process `IMG_FILTER.$proc$rtl/img_filter.v:617$3025'.
Found and cleaned up 1 empty switch in `\IMG_FILTER.$proc$rtl/img_filter.v:627$3017'.
Removing empty process `IMG_FILTER.$proc$rtl/img_filter.v:627$3017'.
Found and cleaned up 1 empty switch in `\IMG_FILTER.$proc$rtl/img_filter.v:627$3011'.
Removing empty process `IMG_FILTER.$proc$rtl/img_filter.v:627$3011'.
Found and cleaned up 1 empty switch in `\IMG_FILTER.$proc$rtl/img_filter.v:627$3005'.
Removing empty process `IMG_FILTER.$proc$rtl/img_filter.v:627$3005'.
Found and cleaned up 1 empty switch in `\IMG_FILTER.$proc$rtl/img_filter.v:627$2999'.
Removing empty process `IMG_FILTER.$proc$rtl/img_filter.v:627$2999'.
Found and cleaned up 1 empty switch in `\IMG_FILTER.$proc$rtl/img_filter.v:627$2993'.
Removing empty process `IMG_FILTER.$proc$rtl/img_filter.v:627$2993'.
Found and cleaned up 1 empty switch in `\IMG_FILTER.$proc$rtl/img_filter.v:617$2987'.
Removing empty process `IMG_FILTER.$proc$rtl/img_filter.v:617$2987'.
Found and cleaned up 1 empty switch in `\IMG_FILTER.$proc$rtl/img_filter.v:617$2982'.
Removing empty process `IMG_FILTER.$proc$rtl/img_filter.v:617$2982'.
Found and cleaned up 1 empty switch in `\IMG_FILTER.$proc$rtl/img_filter.v:617$2977'.
Removing empty process `IMG_FILTER.$proc$rtl/img_filter.v:617$2977'.
Found and cleaned up 1 empty switch in `\IMG_FILTER.$proc$rtl/img_filter.v:617$2972'.
Removing empty process `IMG_FILTER.$proc$rtl/img_filter.v:617$2972'.
Found and cleaned up 1 empty switch in `\IMG_FILTER.$proc$rtl/img_filter.v:617$2967'.
Removing empty process `IMG_FILTER.$proc$rtl/img_filter.v:617$2967'.
Found and cleaned up 1 empty switch in `\IMG_FILTER.$proc$rtl/img_filter.v:617$2962'.
Removing empty process `IMG_FILTER.$proc$rtl/img_filter.v:617$2962'.
Found and cleaned up 1 empty switch in `\IMG_FILTER.$proc$rtl/img_filter.v:617$2957'.
Removing empty process `IMG_FILTER.$proc$rtl/img_filter.v:617$2957'.
Found and cleaned up 1 empty switch in `\IMG_FILTER.$proc$rtl/img_filter.v:617$2952'.
Removing empty process `IMG_FILTER.$proc$rtl/img_filter.v:617$2952'.
Found and cleaned up 1 empty switch in `\IMG_FILTER.$proc$rtl/img_filter.v:617$2947'.
Removing empty process `IMG_FILTER.$proc$rtl/img_filter.v:617$2947'.
Found and cleaned up 1 empty switch in `\IMG_FILTER.$proc$rtl/img_filter.v:617$2942'.
Removing empty process `IMG_FILTER.$proc$rtl/img_filter.v:617$2942'.
Found and cleaned up 1 empty switch in `\IMG_FILTER.$proc$rtl/img_filter.v:617$2937'.
Removing empty process `IMG_FILTER.$proc$rtl/img_filter.v:617$2937'.
Found and cleaned up 1 empty switch in `\IMG_FILTER.$proc$rtl/img_filter.v:617$2932'.
Removing empty process `IMG_FILTER.$proc$rtl/img_filter.v:617$2932'.
Found and cleaned up 1 empty switch in `\IMG_FILTER.$proc$rtl/img_filter.v:617$2927'.
Removing empty process `IMG_FILTER.$proc$rtl/img_filter.v:617$2927'.
Found and cleaned up 1 empty switch in `\IMG_FILTER.$proc$rtl/img_filter.v:617$2922'.
Removing empty process `IMG_FILTER.$proc$rtl/img_filter.v:617$2922'.
Found and cleaned up 1 empty switch in `\IMG_FILTER.$proc$rtl/img_filter.v:617$2917'.
Removing empty process `IMG_FILTER.$proc$rtl/img_filter.v:617$2917'.
Found and cleaned up 1 empty switch in `\IMG_FILTER.$proc$rtl/img_filter.v:617$2912'.
Removing empty process `IMG_FILTER.$proc$rtl/img_filter.v:617$2912'.
Found and cleaned up 1 empty switch in `\IMG_FILTER.$proc$rtl/img_filter.v:617$2907'.
Removing empty process `IMG_FILTER.$proc$rtl/img_filter.v:617$2907'.
Found and cleaned up 1 empty switch in `\IMG_FILTER.$proc$rtl/img_filter.v:617$2902'.
Removing empty process `IMG_FILTER.$proc$rtl/img_filter.v:617$2902'.
Found and cleaned up 1 empty switch in `\IMG_FILTER.$proc$rtl/img_filter.v:617$2897'.
Removing empty process `IMG_FILTER.$proc$rtl/img_filter.v:617$2897'.
Found and cleaned up 1 empty switch in `\IMG_FILTER.$proc$rtl/img_filter.v:617$2892'.
Removing empty process `IMG_FILTER.$proc$rtl/img_filter.v:617$2892'.
Found and cleaned up 1 empty switch in `\IMG_FILTER.$proc$rtl/img_filter.v:617$2887'.
Removing empty process `IMG_FILTER.$proc$rtl/img_filter.v:617$2887'.
Found and cleaned up 1 empty switch in `\IMG_FILTER.$proc$rtl/img_filter.v:617$2882'.
Removing empty process `IMG_FILTER.$proc$rtl/img_filter.v:617$2882'.
Found and cleaned up 1 empty switch in `\IMG_FILTER.$proc$rtl/img_filter.v:617$2877'.
Removing empty process `IMG_FILTER.$proc$rtl/img_filter.v:617$2877'.
Found and cleaned up 1 empty switch in `\IMG_FILTER.$proc$rtl/img_filter.v:617$2872'.
Removing empty process `IMG_FILTER.$proc$rtl/img_filter.v:617$2872'.
Found and cleaned up 1 empty switch in `\IMG_FILTER.$proc$rtl/img_filter.v:617$2867'.
Removing empty process `IMG_FILTER.$proc$rtl/img_filter.v:617$2867'.
Found and cleaned up 1 empty switch in `\IMG_FILTER.$proc$rtl/img_filter.v:627$2859'.
Removing empty process `IMG_FILTER.$proc$rtl/img_filter.v:627$2859'.
Found and cleaned up 1 empty switch in `\IMG_FILTER.$proc$rtl/img_filter.v:627$2853'.
Removing empty process `IMG_FILTER.$proc$rtl/img_filter.v:627$2853'.
Found and cleaned up 1 empty switch in `\IMG_FILTER.$proc$rtl/img_filter.v:627$2847'.
Removing empty process `IMG_FILTER.$proc$rtl/img_filter.v:627$2847'.
Found and cleaned up 1 empty switch in `\IMG_FILTER.$proc$rtl/img_filter.v:627$2841'.
Removing empty process `IMG_FILTER.$proc$rtl/img_filter.v:627$2841'.
Found and cleaned up 1 empty switch in `\IMG_FILTER.$proc$rtl/img_filter.v:627$2835'.
Removing empty process `IMG_FILTER.$proc$rtl/img_filter.v:627$2835'.
Found and cleaned up 1 empty switch in `\IMG_FILTER.$proc$rtl/img_filter.v:617$2829'.
Removing empty process `IMG_FILTER.$proc$rtl/img_filter.v:617$2829'.
Found and cleaned up 1 empty switch in `\IMG_FILTER.$proc$rtl/img_filter.v:617$2824'.
Removing empty process `IMG_FILTER.$proc$rtl/img_filter.v:617$2824'.
Found and cleaned up 1 empty switch in `\IMG_FILTER.$proc$rtl/img_filter.v:617$2819'.
Removing empty process `IMG_FILTER.$proc$rtl/img_filter.v:617$2819'.
Found and cleaned up 1 empty switch in `\IMG_FILTER.$proc$rtl/img_filter.v:617$2814'.
Removing empty process `IMG_FILTER.$proc$rtl/img_filter.v:617$2814'.
Found and cleaned up 1 empty switch in `\IMG_FILTER.$proc$rtl/img_filter.v:617$2809'.
Removing empty process `IMG_FILTER.$proc$rtl/img_filter.v:617$2809'.
Found and cleaned up 1 empty switch in `\IMG_FILTER.$proc$rtl/img_filter.v:617$2804'.
Removing empty process `IMG_FILTER.$proc$rtl/img_filter.v:617$2804'.
Found and cleaned up 1 empty switch in `\IMG_FILTER.$proc$rtl/img_filter.v:617$2799'.
Removing empty process `IMG_FILTER.$proc$rtl/img_filter.v:617$2799'.
Found and cleaned up 1 empty switch in `\IMG_FILTER.$proc$rtl/img_filter.v:617$2794'.
Removing empty process `IMG_FILTER.$proc$rtl/img_filter.v:617$2794'.
Found and cleaned up 1 empty switch in `\IMG_FILTER.$proc$rtl/img_filter.v:617$2789'.
Removing empty process `IMG_FILTER.$proc$rtl/img_filter.v:617$2789'.
Found and cleaned up 1 empty switch in `\IMG_FILTER.$proc$rtl/img_filter.v:617$2784'.
Removing empty process `IMG_FILTER.$proc$rtl/img_filter.v:617$2784'.
Found and cleaned up 1 empty switch in `\IMG_FILTER.$proc$rtl/img_filter.v:617$2779'.
Removing empty process `IMG_FILTER.$proc$rtl/img_filter.v:617$2779'.
Found and cleaned up 1 empty switch in `\IMG_FILTER.$proc$rtl/img_filter.v:617$2774'.
Removing empty process `IMG_FILTER.$proc$rtl/img_filter.v:617$2774'.
Found and cleaned up 1 empty switch in `\IMG_FILTER.$proc$rtl/img_filter.v:617$2769'.
Removing empty process `IMG_FILTER.$proc$rtl/img_filter.v:617$2769'.
Found and cleaned up 1 empty switch in `\IMG_FILTER.$proc$rtl/img_filter.v:617$2764'.
Removing empty process `IMG_FILTER.$proc$rtl/img_filter.v:617$2764'.
Found and cleaned up 1 empty switch in `\IMG_FILTER.$proc$rtl/img_filter.v:617$2759'.
Removing empty process `IMG_FILTER.$proc$rtl/img_filter.v:617$2759'.
Found and cleaned up 1 empty switch in `\IMG_FILTER.$proc$rtl/img_filter.v:617$2754'.
Removing empty process `IMG_FILTER.$proc$rtl/img_filter.v:617$2754'.
Found and cleaned up 1 empty switch in `\IMG_FILTER.$proc$rtl/img_filter.v:617$2749'.
Removing empty process `IMG_FILTER.$proc$rtl/img_filter.v:617$2749'.
Found and cleaned up 1 empty switch in `\IMG_FILTER.$proc$rtl/img_filter.v:617$2744'.
Removing empty process `IMG_FILTER.$proc$rtl/img_filter.v:617$2744'.
Found and cleaned up 1 empty switch in `\IMG_FILTER.$proc$rtl/img_filter.v:617$2739'.
Removing empty process `IMG_FILTER.$proc$rtl/img_filter.v:617$2739'.
Found and cleaned up 1 empty switch in `\IMG_FILTER.$proc$rtl/img_filter.v:617$2734'.
Removing empty process `IMG_FILTER.$proc$rtl/img_filter.v:617$2734'.
Found and cleaned up 1 empty switch in `\IMG_FILTER.$proc$rtl/img_filter.v:617$2729'.
Removing empty process `IMG_FILTER.$proc$rtl/img_filter.v:617$2729'.
Found and cleaned up 1 empty switch in `\IMG_FILTER.$proc$rtl/img_filter.v:617$2724'.
Removing empty process `IMG_FILTER.$proc$rtl/img_filter.v:617$2724'.
Found and cleaned up 1 empty switch in `\IMG_FILTER.$proc$rtl/img_filter.v:617$2719'.
Removing empty process `IMG_FILTER.$proc$rtl/img_filter.v:617$2719'.
Found and cleaned up 1 empty switch in `\IMG_FILTER.$proc$rtl/img_filter.v:617$2714'.
Removing empty process `IMG_FILTER.$proc$rtl/img_filter.v:617$2714'.
Found and cleaned up 1 empty switch in `\IMG_FILTER.$proc$rtl/img_filter.v:617$2709'.
Removing empty process `IMG_FILTER.$proc$rtl/img_filter.v:617$2709'.
Found and cleaned up 1 empty switch in `\IMG_FILTER.$proc$rtl/img_filter.v:627$2701'.
Removing empty process `IMG_FILTER.$proc$rtl/img_filter.v:627$2701'.
Found and cleaned up 1 empty switch in `\IMG_FILTER.$proc$rtl/img_filter.v:627$2695'.
Removing empty process `IMG_FILTER.$proc$rtl/img_filter.v:627$2695'.
Found and cleaned up 1 empty switch in `\IMG_FILTER.$proc$rtl/img_filter.v:627$2689'.
Removing empty process `IMG_FILTER.$proc$rtl/img_filter.v:627$2689'.
Found and cleaned up 1 empty switch in `\IMG_FILTER.$proc$rtl/img_filter.v:627$2683'.
Removing empty process `IMG_FILTER.$proc$rtl/img_filter.v:627$2683'.
Found and cleaned up 1 empty switch in `\IMG_FILTER.$proc$rtl/img_filter.v:627$2677'.
Removing empty process `IMG_FILTER.$proc$rtl/img_filter.v:627$2677'.
Found and cleaned up 1 empty switch in `\IMG_FILTER.$proc$rtl/img_filter.v:617$2671'.
Removing empty process `IMG_FILTER.$proc$rtl/img_filter.v:617$2671'.
Found and cleaned up 1 empty switch in `\IMG_FILTER.$proc$rtl/img_filter.v:617$2666'.
Removing empty process `IMG_FILTER.$proc$rtl/img_filter.v:617$2666'.
Found and cleaned up 1 empty switch in `\IMG_FILTER.$proc$rtl/img_filter.v:617$2661'.
Removing empty process `IMG_FILTER.$proc$rtl/img_filter.v:617$2661'.
Found and cleaned up 1 empty switch in `\IMG_FILTER.$proc$rtl/img_filter.v:617$2656'.
Removing empty process `IMG_FILTER.$proc$rtl/img_filter.v:617$2656'.
Found and cleaned up 1 empty switch in `\IMG_FILTER.$proc$rtl/img_filter.v:617$2651'.
Removing empty process `IMG_FILTER.$proc$rtl/img_filter.v:617$2651'.
Found and cleaned up 1 empty switch in `\IMG_FILTER.$proc$rtl/img_filter.v:617$2646'.
Removing empty process `IMG_FILTER.$proc$rtl/img_filter.v:617$2646'.
Found and cleaned up 1 empty switch in `\IMG_FILTER.$proc$rtl/img_filter.v:617$2641'.
Removing empty process `IMG_FILTER.$proc$rtl/img_filter.v:617$2641'.
Found and cleaned up 1 empty switch in `\IMG_FILTER.$proc$rtl/img_filter.v:617$2636'.
Removing empty process `IMG_FILTER.$proc$rtl/img_filter.v:617$2636'.
Found and cleaned up 1 empty switch in `\IMG_FILTER.$proc$rtl/img_filter.v:617$2631'.
Removing empty process `IMG_FILTER.$proc$rtl/img_filter.v:617$2631'.
Found and cleaned up 1 empty switch in `\IMG_FILTER.$proc$rtl/img_filter.v:617$2626'.
Removing empty process `IMG_FILTER.$proc$rtl/img_filter.v:617$2626'.
Found and cleaned up 1 empty switch in `\IMG_FILTER.$proc$rtl/img_filter.v:617$2621'.
Removing empty process `IMG_FILTER.$proc$rtl/img_filter.v:617$2621'.
Found and cleaned up 1 empty switch in `\IMG_FILTER.$proc$rtl/img_filter.v:617$2616'.
Removing empty process `IMG_FILTER.$proc$rtl/img_filter.v:617$2616'.
Found and cleaned up 1 empty switch in `\IMG_FILTER.$proc$rtl/img_filter.v:617$2611'.
Removing empty process `IMG_FILTER.$proc$rtl/img_filter.v:617$2611'.
Found and cleaned up 1 empty switch in `\IMG_FILTER.$proc$rtl/img_filter.v:617$2606'.
Removing empty process `IMG_FILTER.$proc$rtl/img_filter.v:617$2606'.
Found and cleaned up 1 empty switch in `\IMG_FILTER.$proc$rtl/img_filter.v:617$2601'.
Removing empty process `IMG_FILTER.$proc$rtl/img_filter.v:617$2601'.
Found and cleaned up 1 empty switch in `\IMG_FILTER.$proc$rtl/img_filter.v:617$2596'.
Removing empty process `IMG_FILTER.$proc$rtl/img_filter.v:617$2596'.
Found and cleaned up 1 empty switch in `\IMG_FILTER.$proc$rtl/img_filter.v:617$2591'.
Removing empty process `IMG_FILTER.$proc$rtl/img_filter.v:617$2591'.
Found and cleaned up 1 empty switch in `\IMG_FILTER.$proc$rtl/img_filter.v:617$2586'.
Removing empty process `IMG_FILTER.$proc$rtl/img_filter.v:617$2586'.
Found and cleaned up 1 empty switch in `\IMG_FILTER.$proc$rtl/img_filter.v:617$2581'.
Removing empty process `IMG_FILTER.$proc$rtl/img_filter.v:617$2581'.
Found and cleaned up 1 empty switch in `\IMG_FILTER.$proc$rtl/img_filter.v:617$2576'.
Removing empty process `IMG_FILTER.$proc$rtl/img_filter.v:617$2576'.
Found and cleaned up 1 empty switch in `\IMG_FILTER.$proc$rtl/img_filter.v:617$2571'.
Removing empty process `IMG_FILTER.$proc$rtl/img_filter.v:617$2571'.
Found and cleaned up 1 empty switch in `\IMG_FILTER.$proc$rtl/img_filter.v:617$2566'.
Removing empty process `IMG_FILTER.$proc$rtl/img_filter.v:617$2566'.
Found and cleaned up 1 empty switch in `\IMG_FILTER.$proc$rtl/img_filter.v:617$2561'.
Removing empty process `IMG_FILTER.$proc$rtl/img_filter.v:617$2561'.
Found and cleaned up 1 empty switch in `\IMG_FILTER.$proc$rtl/img_filter.v:617$2556'.
Removing empty process `IMG_FILTER.$proc$rtl/img_filter.v:617$2556'.
Found and cleaned up 1 empty switch in `\IMG_FILTER.$proc$rtl/img_filter.v:617$2551'.
Removing empty process `IMG_FILTER.$proc$rtl/img_filter.v:617$2551'.
Found and cleaned up 1 empty switch in `\IMG_FILTER.$proc$rtl/img_filter.v:627$2543'.
Removing empty process `IMG_FILTER.$proc$rtl/img_filter.v:627$2543'.
Found and cleaned up 1 empty switch in `\IMG_FILTER.$proc$rtl/img_filter.v:627$2537'.
Removing empty process `IMG_FILTER.$proc$rtl/img_filter.v:627$2537'.
Found and cleaned up 1 empty switch in `\IMG_FILTER.$proc$rtl/img_filter.v:627$2531'.
Removing empty process `IMG_FILTER.$proc$rtl/img_filter.v:627$2531'.
Found and cleaned up 1 empty switch in `\IMG_FILTER.$proc$rtl/img_filter.v:627$2525'.
Removing empty process `IMG_FILTER.$proc$rtl/img_filter.v:627$2525'.
Found and cleaned up 1 empty switch in `\IMG_FILTER.$proc$rtl/img_filter.v:627$2519'.
Removing empty process `IMG_FILTER.$proc$rtl/img_filter.v:627$2519'.
Found and cleaned up 1 empty switch in `\IMG_FILTER.$proc$rtl/img_filter.v:617$2513'.
Removing empty process `IMG_FILTER.$proc$rtl/img_filter.v:617$2513'.
Found and cleaned up 1 empty switch in `\IMG_FILTER.$proc$rtl/img_filter.v:617$2508'.
Removing empty process `IMG_FILTER.$proc$rtl/img_filter.v:617$2508'.
Found and cleaned up 1 empty switch in `\IMG_FILTER.$proc$rtl/img_filter.v:617$2503'.
Removing empty process `IMG_FILTER.$proc$rtl/img_filter.v:617$2503'.
Found and cleaned up 1 empty switch in `\IMG_FILTER.$proc$rtl/img_filter.v:617$2498'.
Removing empty process `IMG_FILTER.$proc$rtl/img_filter.v:617$2498'.
Found and cleaned up 1 empty switch in `\IMG_FILTER.$proc$rtl/img_filter.v:617$2493'.
Removing empty process `IMG_FILTER.$proc$rtl/img_filter.v:617$2493'.
Found and cleaned up 1 empty switch in `\IMG_FILTER.$proc$rtl/img_filter.v:617$2488'.
Removing empty process `IMG_FILTER.$proc$rtl/img_filter.v:617$2488'.
Found and cleaned up 1 empty switch in `\IMG_FILTER.$proc$rtl/img_filter.v:617$2483'.
Removing empty process `IMG_FILTER.$proc$rtl/img_filter.v:617$2483'.
Found and cleaned up 1 empty switch in `\IMG_FILTER.$proc$rtl/img_filter.v:617$2478'.
Removing empty process `IMG_FILTER.$proc$rtl/img_filter.v:617$2478'.
Found and cleaned up 1 empty switch in `\IMG_FILTER.$proc$rtl/img_filter.v:617$2473'.
Removing empty process `IMG_FILTER.$proc$rtl/img_filter.v:617$2473'.
Found and cleaned up 1 empty switch in `\IMG_FILTER.$proc$rtl/img_filter.v:617$2468'.
Removing empty process `IMG_FILTER.$proc$rtl/img_filter.v:617$2468'.
Found and cleaned up 1 empty switch in `\IMG_FILTER.$proc$rtl/img_filter.v:617$2463'.
Removing empty process `IMG_FILTER.$proc$rtl/img_filter.v:617$2463'.
Found and cleaned up 1 empty switch in `\IMG_FILTER.$proc$rtl/img_filter.v:617$2458'.
Removing empty process `IMG_FILTER.$proc$rtl/img_filter.v:617$2458'.
Found and cleaned up 1 empty switch in `\IMG_FILTER.$proc$rtl/img_filter.v:617$2453'.
Removing empty process `IMG_FILTER.$proc$rtl/img_filter.v:617$2453'.
Found and cleaned up 1 empty switch in `\IMG_FILTER.$proc$rtl/img_filter.v:617$2448'.
Removing empty process `IMG_FILTER.$proc$rtl/img_filter.v:617$2448'.
Found and cleaned up 1 empty switch in `\IMG_FILTER.$proc$rtl/img_filter.v:617$2443'.
Removing empty process `IMG_FILTER.$proc$rtl/img_filter.v:617$2443'.
Found and cleaned up 1 empty switch in `\IMG_FILTER.$proc$rtl/img_filter.v:617$2438'.
Removing empty process `IMG_FILTER.$proc$rtl/img_filter.v:617$2438'.
Found and cleaned up 1 empty switch in `\IMG_FILTER.$proc$rtl/img_filter.v:617$2433'.
Removing empty process `IMG_FILTER.$proc$rtl/img_filter.v:617$2433'.
Found and cleaned up 1 empty switch in `\IMG_FILTER.$proc$rtl/img_filter.v:617$2428'.
Removing empty process `IMG_FILTER.$proc$rtl/img_filter.v:617$2428'.
Found and cleaned up 1 empty switch in `\IMG_FILTER.$proc$rtl/img_filter.v:617$2423'.
Removing empty process `IMG_FILTER.$proc$rtl/img_filter.v:617$2423'.
Found and cleaned up 1 empty switch in `\IMG_FILTER.$proc$rtl/img_filter.v:617$2418'.
Removing empty process `IMG_FILTER.$proc$rtl/img_filter.v:617$2418'.
Found and cleaned up 1 empty switch in `\IMG_FILTER.$proc$rtl/img_filter.v:617$2413'.
Removing empty process `IMG_FILTER.$proc$rtl/img_filter.v:617$2413'.
Found and cleaned up 1 empty switch in `\IMG_FILTER.$proc$rtl/img_filter.v:617$2408'.
Removing empty process `IMG_FILTER.$proc$rtl/img_filter.v:617$2408'.
Found and cleaned up 1 empty switch in `\IMG_FILTER.$proc$rtl/img_filter.v:617$2403'.
Removing empty process `IMG_FILTER.$proc$rtl/img_filter.v:617$2403'.
Found and cleaned up 1 empty switch in `\IMG_FILTER.$proc$rtl/img_filter.v:617$2398'.
Removing empty process `IMG_FILTER.$proc$rtl/img_filter.v:617$2398'.
Found and cleaned up 1 empty switch in `\IMG_FILTER.$proc$rtl/img_filter.v:617$2393'.
Removing empty process `IMG_FILTER.$proc$rtl/img_filter.v:617$2393'.
Found and cleaned up 1 empty switch in `\IMG_FILTER.$proc$rtl/img_filter.v:627$2385'.
Removing empty process `IMG_FILTER.$proc$rtl/img_filter.v:627$2385'.
Found and cleaned up 1 empty switch in `\IMG_FILTER.$proc$rtl/img_filter.v:627$2379'.
Removing empty process `IMG_FILTER.$proc$rtl/img_filter.v:627$2379'.
Found and cleaned up 1 empty switch in `\IMG_FILTER.$proc$rtl/img_filter.v:627$2373'.
Removing empty process `IMG_FILTER.$proc$rtl/img_filter.v:627$2373'.
Found and cleaned up 1 empty switch in `\IMG_FILTER.$proc$rtl/img_filter.v:627$2367'.
Removing empty process `IMG_FILTER.$proc$rtl/img_filter.v:627$2367'.
Found and cleaned up 1 empty switch in `\IMG_FILTER.$proc$rtl/img_filter.v:627$2361'.
Removing empty process `IMG_FILTER.$proc$rtl/img_filter.v:627$2361'.
Found and cleaned up 1 empty switch in `\IMG_FILTER.$proc$rtl/img_filter.v:617$2355'.
Removing empty process `IMG_FILTER.$proc$rtl/img_filter.v:617$2355'.
Found and cleaned up 1 empty switch in `\IMG_FILTER.$proc$rtl/img_filter.v:617$2350'.
Removing empty process `IMG_FILTER.$proc$rtl/img_filter.v:617$2350'.
Found and cleaned up 1 empty switch in `\IMG_FILTER.$proc$rtl/img_filter.v:617$2345'.
Removing empty process `IMG_FILTER.$proc$rtl/img_filter.v:617$2345'.
Found and cleaned up 1 empty switch in `\IMG_FILTER.$proc$rtl/img_filter.v:617$2340'.
Removing empty process `IMG_FILTER.$proc$rtl/img_filter.v:617$2340'.
Found and cleaned up 1 empty switch in `\IMG_FILTER.$proc$rtl/img_filter.v:617$2335'.
Removing empty process `IMG_FILTER.$proc$rtl/img_filter.v:617$2335'.
Found and cleaned up 1 empty switch in `\IMG_FILTER.$proc$rtl/img_filter.v:617$2330'.
Removing empty process `IMG_FILTER.$proc$rtl/img_filter.v:617$2330'.
Found and cleaned up 1 empty switch in `\IMG_FILTER.$proc$rtl/img_filter.v:617$2325'.
Removing empty process `IMG_FILTER.$proc$rtl/img_filter.v:617$2325'.
Found and cleaned up 1 empty switch in `\IMG_FILTER.$proc$rtl/img_filter.v:617$2320'.
Removing empty process `IMG_FILTER.$proc$rtl/img_filter.v:617$2320'.
Found and cleaned up 1 empty switch in `\IMG_FILTER.$proc$rtl/img_filter.v:617$2315'.
Removing empty process `IMG_FILTER.$proc$rtl/img_filter.v:617$2315'.
Found and cleaned up 1 empty switch in `\IMG_FILTER.$proc$rtl/img_filter.v:617$2310'.
Removing empty process `IMG_FILTER.$proc$rtl/img_filter.v:617$2310'.
Found and cleaned up 1 empty switch in `\IMG_FILTER.$proc$rtl/img_filter.v:617$2305'.
Removing empty process `IMG_FILTER.$proc$rtl/img_filter.v:617$2305'.
Found and cleaned up 1 empty switch in `\IMG_FILTER.$proc$rtl/img_filter.v:617$2300'.
Removing empty process `IMG_FILTER.$proc$rtl/img_filter.v:617$2300'.
Found and cleaned up 1 empty switch in `\IMG_FILTER.$proc$rtl/img_filter.v:617$2295'.
Removing empty process `IMG_FILTER.$proc$rtl/img_filter.v:617$2295'.
Found and cleaned up 1 empty switch in `\IMG_FILTER.$proc$rtl/img_filter.v:617$2290'.
Removing empty process `IMG_FILTER.$proc$rtl/img_filter.v:617$2290'.
Found and cleaned up 1 empty switch in `\IMG_FILTER.$proc$rtl/img_filter.v:617$2285'.
Removing empty process `IMG_FILTER.$proc$rtl/img_filter.v:617$2285'.
Found and cleaned up 1 empty switch in `\IMG_FILTER.$proc$rtl/img_filter.v:617$2280'.
Removing empty process `IMG_FILTER.$proc$rtl/img_filter.v:617$2280'.
Found and cleaned up 1 empty switch in `\IMG_FILTER.$proc$rtl/img_filter.v:617$2275'.
Removing empty process `IMG_FILTER.$proc$rtl/img_filter.v:617$2275'.
Found and cleaned up 1 empty switch in `\IMG_FILTER.$proc$rtl/img_filter.v:617$2270'.
Removing empty process `IMG_FILTER.$proc$rtl/img_filter.v:617$2270'.
Found and cleaned up 1 empty switch in `\IMG_FILTER.$proc$rtl/img_filter.v:617$2265'.
Removing empty process `IMG_FILTER.$proc$rtl/img_filter.v:617$2265'.
Found and cleaned up 1 empty switch in `\IMG_FILTER.$proc$rtl/img_filter.v:617$2260'.
Removing empty process `IMG_FILTER.$proc$rtl/img_filter.v:617$2260'.
Found and cleaned up 1 empty switch in `\IMG_FILTER.$proc$rtl/img_filter.v:617$2255'.
Removing empty process `IMG_FILTER.$proc$rtl/img_filter.v:617$2255'.
Found and cleaned up 1 empty switch in `\IMG_FILTER.$proc$rtl/img_filter.v:617$2250'.
Removing empty process `IMG_FILTER.$proc$rtl/img_filter.v:617$2250'.
Found and cleaned up 1 empty switch in `\IMG_FILTER.$proc$rtl/img_filter.v:617$2245'.
Removing empty process `IMG_FILTER.$proc$rtl/img_filter.v:617$2245'.
Found and cleaned up 1 empty switch in `\IMG_FILTER.$proc$rtl/img_filter.v:617$2240'.
Removing empty process `IMG_FILTER.$proc$rtl/img_filter.v:617$2240'.
Found and cleaned up 1 empty switch in `\IMG_FILTER.$proc$rtl/img_filter.v:617$2235'.
Removing empty process `IMG_FILTER.$proc$rtl/img_filter.v:617$2235'.
Found and cleaned up 1 empty switch in `\IMG_FILTER.$proc$rtl/img_filter.v:627$2227'.
Removing empty process `IMG_FILTER.$proc$rtl/img_filter.v:627$2227'.
Found and cleaned up 1 empty switch in `\IMG_FILTER.$proc$rtl/img_filter.v:627$2221'.
Removing empty process `IMG_FILTER.$proc$rtl/img_filter.v:627$2221'.
Found and cleaned up 1 empty switch in `\IMG_FILTER.$proc$rtl/img_filter.v:627$2215'.
Removing empty process `IMG_FILTER.$proc$rtl/img_filter.v:627$2215'.
Found and cleaned up 1 empty switch in `\IMG_FILTER.$proc$rtl/img_filter.v:627$2209'.
Removing empty process `IMG_FILTER.$proc$rtl/img_filter.v:627$2209'.
Found and cleaned up 1 empty switch in `\IMG_FILTER.$proc$rtl/img_filter.v:627$2203'.
Removing empty process `IMG_FILTER.$proc$rtl/img_filter.v:627$2203'.
Found and cleaned up 1 empty switch in `\IMG_FILTER.$proc$rtl/img_filter.v:617$2197'.
Removing empty process `IMG_FILTER.$proc$rtl/img_filter.v:617$2197'.
Found and cleaned up 1 empty switch in `\IMG_FILTER.$proc$rtl/img_filter.v:617$2192'.
Removing empty process `IMG_FILTER.$proc$rtl/img_filter.v:617$2192'.
Found and cleaned up 1 empty switch in `\IMG_FILTER.$proc$rtl/img_filter.v:617$2187'.
Removing empty process `IMG_FILTER.$proc$rtl/img_filter.v:617$2187'.
Found and cleaned up 1 empty switch in `\IMG_FILTER.$proc$rtl/img_filter.v:617$2182'.
Removing empty process `IMG_FILTER.$proc$rtl/img_filter.v:617$2182'.
Found and cleaned up 1 empty switch in `\IMG_FILTER.$proc$rtl/img_filter.v:617$2177'.
Removing empty process `IMG_FILTER.$proc$rtl/img_filter.v:617$2177'.
Found and cleaned up 1 empty switch in `\IMG_FILTER.$proc$rtl/img_filter.v:617$2172'.
Removing empty process `IMG_FILTER.$proc$rtl/img_filter.v:617$2172'.
Found and cleaned up 1 empty switch in `\IMG_FILTER.$proc$rtl/img_filter.v:617$2167'.
Removing empty process `IMG_FILTER.$proc$rtl/img_filter.v:617$2167'.
Found and cleaned up 1 empty switch in `\IMG_FILTER.$proc$rtl/img_filter.v:617$2162'.
Removing empty process `IMG_FILTER.$proc$rtl/img_filter.v:617$2162'.
Found and cleaned up 1 empty switch in `\IMG_FILTER.$proc$rtl/img_filter.v:617$2157'.
Removing empty process `IMG_FILTER.$proc$rtl/img_filter.v:617$2157'.
Found and cleaned up 1 empty switch in `\IMG_FILTER.$proc$rtl/img_filter.v:617$2152'.
Removing empty process `IMG_FILTER.$proc$rtl/img_filter.v:617$2152'.
Found and cleaned up 1 empty switch in `\IMG_FILTER.$proc$rtl/img_filter.v:617$2147'.
Removing empty process `IMG_FILTER.$proc$rtl/img_filter.v:617$2147'.
Found and cleaned up 1 empty switch in `\IMG_FILTER.$proc$rtl/img_filter.v:617$2142'.
Removing empty process `IMG_FILTER.$proc$rtl/img_filter.v:617$2142'.
Found and cleaned up 1 empty switch in `\IMG_FILTER.$proc$rtl/img_filter.v:617$2137'.
Removing empty process `IMG_FILTER.$proc$rtl/img_filter.v:617$2137'.
Found and cleaned up 1 empty switch in `\IMG_FILTER.$proc$rtl/img_filter.v:617$2132'.
Removing empty process `IMG_FILTER.$proc$rtl/img_filter.v:617$2132'.
Found and cleaned up 1 empty switch in `\IMG_FILTER.$proc$rtl/img_filter.v:617$2127'.
Removing empty process `IMG_FILTER.$proc$rtl/img_filter.v:617$2127'.
Found and cleaned up 1 empty switch in `\IMG_FILTER.$proc$rtl/img_filter.v:617$2122'.
Removing empty process `IMG_FILTER.$proc$rtl/img_filter.v:617$2122'.
Found and cleaned up 1 empty switch in `\IMG_FILTER.$proc$rtl/img_filter.v:617$2117'.
Removing empty process `IMG_FILTER.$proc$rtl/img_filter.v:617$2117'.
Found and cleaned up 1 empty switch in `\IMG_FILTER.$proc$rtl/img_filter.v:617$2112'.
Removing empty process `IMG_FILTER.$proc$rtl/img_filter.v:617$2112'.
Found and cleaned up 1 empty switch in `\IMG_FILTER.$proc$rtl/img_filter.v:617$2107'.
Removing empty process `IMG_FILTER.$proc$rtl/img_filter.v:617$2107'.
Found and cleaned up 1 empty switch in `\IMG_FILTER.$proc$rtl/img_filter.v:617$2102'.
Removing empty process `IMG_FILTER.$proc$rtl/img_filter.v:617$2102'.
Found and cleaned up 1 empty switch in `\IMG_FILTER.$proc$rtl/img_filter.v:617$2097'.
Removing empty process `IMG_FILTER.$proc$rtl/img_filter.v:617$2097'.
Found and cleaned up 1 empty switch in `\IMG_FILTER.$proc$rtl/img_filter.v:617$2092'.
Removing empty process `IMG_FILTER.$proc$rtl/img_filter.v:617$2092'.
Found and cleaned up 1 empty switch in `\IMG_FILTER.$proc$rtl/img_filter.v:617$2087'.
Removing empty process `IMG_FILTER.$proc$rtl/img_filter.v:617$2087'.
Found and cleaned up 1 empty switch in `\IMG_FILTER.$proc$rtl/img_filter.v:617$2082'.
Removing empty process `IMG_FILTER.$proc$rtl/img_filter.v:617$2082'.
Found and cleaned up 1 empty switch in `\IMG_FILTER.$proc$rtl/img_filter.v:617$2077'.
Removing empty process `IMG_FILTER.$proc$rtl/img_filter.v:617$2077'.
Found and cleaned up 1 empty switch in `\IMG_FILTER.$proc$rtl/img_filter.v:627$2069'.
Removing empty process `IMG_FILTER.$proc$rtl/img_filter.v:627$2069'.
Found and cleaned up 1 empty switch in `\IMG_FILTER.$proc$rtl/img_filter.v:627$2063'.
Removing empty process `IMG_FILTER.$proc$rtl/img_filter.v:627$2063'.
Found and cleaned up 1 empty switch in `\IMG_FILTER.$proc$rtl/img_filter.v:627$2057'.
Removing empty process `IMG_FILTER.$proc$rtl/img_filter.v:627$2057'.
Found and cleaned up 1 empty switch in `\IMG_FILTER.$proc$rtl/img_filter.v:627$2051'.
Removing empty process `IMG_FILTER.$proc$rtl/img_filter.v:627$2051'.
Found and cleaned up 1 empty switch in `\IMG_FILTER.$proc$rtl/img_filter.v:627$2045'.
Removing empty process `IMG_FILTER.$proc$rtl/img_filter.v:627$2045'.
Found and cleaned up 1 empty switch in `\IMG_FILTER.$proc$rtl/img_filter.v:617$2039'.
Removing empty process `IMG_FILTER.$proc$rtl/img_filter.v:617$2039'.
Found and cleaned up 1 empty switch in `\IMG_FILTER.$proc$rtl/img_filter.v:617$2034'.
Removing empty process `IMG_FILTER.$proc$rtl/img_filter.v:617$2034'.
Found and cleaned up 1 empty switch in `\IMG_FILTER.$proc$rtl/img_filter.v:617$2029'.
Removing empty process `IMG_FILTER.$proc$rtl/img_filter.v:617$2029'.
Found and cleaned up 1 empty switch in `\IMG_FILTER.$proc$rtl/img_filter.v:617$2024'.
Removing empty process `IMG_FILTER.$proc$rtl/img_filter.v:617$2024'.
Found and cleaned up 1 empty switch in `\IMG_FILTER.$proc$rtl/img_filter.v:617$2019'.
Removing empty process `IMG_FILTER.$proc$rtl/img_filter.v:617$2019'.
Found and cleaned up 1 empty switch in `\IMG_FILTER.$proc$rtl/img_filter.v:617$2014'.
Removing empty process `IMG_FILTER.$proc$rtl/img_filter.v:617$2014'.
Found and cleaned up 1 empty switch in `\IMG_FILTER.$proc$rtl/img_filter.v:617$2009'.
Removing empty process `IMG_FILTER.$proc$rtl/img_filter.v:617$2009'.
Found and cleaned up 1 empty switch in `\IMG_FILTER.$proc$rtl/img_filter.v:617$2004'.
Removing empty process `IMG_FILTER.$proc$rtl/img_filter.v:617$2004'.
Found and cleaned up 1 empty switch in `\IMG_FILTER.$proc$rtl/img_filter.v:617$1999'.
Removing empty process `IMG_FILTER.$proc$rtl/img_filter.v:617$1999'.
Found and cleaned up 1 empty switch in `\IMG_FILTER.$proc$rtl/img_filter.v:617$1994'.
Removing empty process `IMG_FILTER.$proc$rtl/img_filter.v:617$1994'.
Found and cleaned up 1 empty switch in `\IMG_FILTER.$proc$rtl/img_filter.v:617$1989'.
Removing empty process `IMG_FILTER.$proc$rtl/img_filter.v:617$1989'.
Found and cleaned up 1 empty switch in `\IMG_FILTER.$proc$rtl/img_filter.v:617$1984'.
Removing empty process `IMG_FILTER.$proc$rtl/img_filter.v:617$1984'.
Found and cleaned up 1 empty switch in `\IMG_FILTER.$proc$rtl/img_filter.v:617$1979'.
Removing empty process `IMG_FILTER.$proc$rtl/img_filter.v:617$1979'.
Found and cleaned up 1 empty switch in `\IMG_FILTER.$proc$rtl/img_filter.v:617$1974'.
Removing empty process `IMG_FILTER.$proc$rtl/img_filter.v:617$1974'.
Found and cleaned up 1 empty switch in `\IMG_FILTER.$proc$rtl/img_filter.v:617$1969'.
Removing empty process `IMG_FILTER.$proc$rtl/img_filter.v:617$1969'.
Found and cleaned up 1 empty switch in `\IMG_FILTER.$proc$rtl/img_filter.v:617$1964'.
Removing empty process `IMG_FILTER.$proc$rtl/img_filter.v:617$1964'.
Found and cleaned up 1 empty switch in `\IMG_FILTER.$proc$rtl/img_filter.v:617$1959'.
Removing empty process `IMG_FILTER.$proc$rtl/img_filter.v:617$1959'.
Found and cleaned up 1 empty switch in `\IMG_FILTER.$proc$rtl/img_filter.v:617$1954'.
Removing empty process `IMG_FILTER.$proc$rtl/img_filter.v:617$1954'.
Found and cleaned up 1 empty switch in `\IMG_FILTER.$proc$rtl/img_filter.v:617$1949'.
Removing empty process `IMG_FILTER.$proc$rtl/img_filter.v:617$1949'.
Found and cleaned up 1 empty switch in `\IMG_FILTER.$proc$rtl/img_filter.v:617$1944'.
Removing empty process `IMG_FILTER.$proc$rtl/img_filter.v:617$1944'.
Found and cleaned up 1 empty switch in `\IMG_FILTER.$proc$rtl/img_filter.v:617$1939'.
Removing empty process `IMG_FILTER.$proc$rtl/img_filter.v:617$1939'.
Found and cleaned up 1 empty switch in `\IMG_FILTER.$proc$rtl/img_filter.v:617$1934'.
Removing empty process `IMG_FILTER.$proc$rtl/img_filter.v:617$1934'.
Found and cleaned up 1 empty switch in `\IMG_FILTER.$proc$rtl/img_filter.v:617$1929'.
Removing empty process `IMG_FILTER.$proc$rtl/img_filter.v:617$1929'.
Found and cleaned up 1 empty switch in `\IMG_FILTER.$proc$rtl/img_filter.v:617$1924'.
Removing empty process `IMG_FILTER.$proc$rtl/img_filter.v:617$1924'.
Found and cleaned up 1 empty switch in `\IMG_FILTER.$proc$rtl/img_filter.v:617$1919'.
Removing empty process `IMG_FILTER.$proc$rtl/img_filter.v:617$1919'.
Found and cleaned up 1 empty switch in `\IMG_FILTER.$proc$rtl/img_filter.v:627$1911'.
Removing empty process `IMG_FILTER.$proc$rtl/img_filter.v:627$1911'.
Found and cleaned up 1 empty switch in `\IMG_FILTER.$proc$rtl/img_filter.v:627$1905'.
Removing empty process `IMG_FILTER.$proc$rtl/img_filter.v:627$1905'.
Found and cleaned up 1 empty switch in `\IMG_FILTER.$proc$rtl/img_filter.v:627$1899'.
Removing empty process `IMG_FILTER.$proc$rtl/img_filter.v:627$1899'.
Found and cleaned up 1 empty switch in `\IMG_FILTER.$proc$rtl/img_filter.v:627$1893'.
Removing empty process `IMG_FILTER.$proc$rtl/img_filter.v:627$1893'.
Found and cleaned up 1 empty switch in `\IMG_FILTER.$proc$rtl/img_filter.v:627$1887'.
Removing empty process `IMG_FILTER.$proc$rtl/img_filter.v:627$1887'.
Found and cleaned up 1 empty switch in `\IMG_FILTER.$proc$rtl/img_filter.v:617$1881'.
Removing empty process `IMG_FILTER.$proc$rtl/img_filter.v:617$1881'.
Found and cleaned up 1 empty switch in `\IMG_FILTER.$proc$rtl/img_filter.v:617$1876'.
Removing empty process `IMG_FILTER.$proc$rtl/img_filter.v:617$1876'.
Found and cleaned up 1 empty switch in `\IMG_FILTER.$proc$rtl/img_filter.v:617$1871'.
Removing empty process `IMG_FILTER.$proc$rtl/img_filter.v:617$1871'.
Found and cleaned up 1 empty switch in `\IMG_FILTER.$proc$rtl/img_filter.v:617$1866'.
Removing empty process `IMG_FILTER.$proc$rtl/img_filter.v:617$1866'.
Found and cleaned up 1 empty switch in `\IMG_FILTER.$proc$rtl/img_filter.v:617$1861'.
Removing empty process `IMG_FILTER.$proc$rtl/img_filter.v:617$1861'.
Found and cleaned up 1 empty switch in `\IMG_FILTER.$proc$rtl/img_filter.v:617$1856'.
Removing empty process `IMG_FILTER.$proc$rtl/img_filter.v:617$1856'.
Found and cleaned up 1 empty switch in `\IMG_FILTER.$proc$rtl/img_filter.v:617$1851'.
Removing empty process `IMG_FILTER.$proc$rtl/img_filter.v:617$1851'.
Found and cleaned up 1 empty switch in `\IMG_FILTER.$proc$rtl/img_filter.v:617$1846'.
Removing empty process `IMG_FILTER.$proc$rtl/img_filter.v:617$1846'.
Found and cleaned up 1 empty switch in `\IMG_FILTER.$proc$rtl/img_filter.v:617$1841'.
Removing empty process `IMG_FILTER.$proc$rtl/img_filter.v:617$1841'.
Found and cleaned up 1 empty switch in `\IMG_FILTER.$proc$rtl/img_filter.v:617$1836'.
Removing empty process `IMG_FILTER.$proc$rtl/img_filter.v:617$1836'.
Found and cleaned up 1 empty switch in `\IMG_FILTER.$proc$rtl/img_filter.v:617$1831'.
Removing empty process `IMG_FILTER.$proc$rtl/img_filter.v:617$1831'.
Found and cleaned up 1 empty switch in `\IMG_FILTER.$proc$rtl/img_filter.v:617$1826'.
Removing empty process `IMG_FILTER.$proc$rtl/img_filter.v:617$1826'.
Found and cleaned up 1 empty switch in `\IMG_FILTER.$proc$rtl/img_filter.v:617$1821'.
Removing empty process `IMG_FILTER.$proc$rtl/img_filter.v:617$1821'.
Found and cleaned up 1 empty switch in `\IMG_FILTER.$proc$rtl/img_filter.v:617$1816'.
Removing empty process `IMG_FILTER.$proc$rtl/img_filter.v:617$1816'.
Found and cleaned up 1 empty switch in `\IMG_FILTER.$proc$rtl/img_filter.v:617$1811'.
Removing empty process `IMG_FILTER.$proc$rtl/img_filter.v:617$1811'.
Found and cleaned up 1 empty switch in `\IMG_FILTER.$proc$rtl/img_filter.v:617$1806'.
Removing empty process `IMG_FILTER.$proc$rtl/img_filter.v:617$1806'.
Found and cleaned up 1 empty switch in `\IMG_FILTER.$proc$rtl/img_filter.v:617$1801'.
Removing empty process `IMG_FILTER.$proc$rtl/img_filter.v:617$1801'.
Found and cleaned up 1 empty switch in `\IMG_FILTER.$proc$rtl/img_filter.v:617$1796'.
Removing empty process `IMG_FILTER.$proc$rtl/img_filter.v:617$1796'.
Found and cleaned up 1 empty switch in `\IMG_FILTER.$proc$rtl/img_filter.v:617$1791'.
Removing empty process `IMG_FILTER.$proc$rtl/img_filter.v:617$1791'.
Found and cleaned up 1 empty switch in `\IMG_FILTER.$proc$rtl/img_filter.v:617$1786'.
Removing empty process `IMG_FILTER.$proc$rtl/img_filter.v:617$1786'.
Found and cleaned up 1 empty switch in `\IMG_FILTER.$proc$rtl/img_filter.v:617$1781'.
Removing empty process `IMG_FILTER.$proc$rtl/img_filter.v:617$1781'.
Found and cleaned up 1 empty switch in `\IMG_FILTER.$proc$rtl/img_filter.v:617$1776'.
Removing empty process `IMG_FILTER.$proc$rtl/img_filter.v:617$1776'.
Found and cleaned up 1 empty switch in `\IMG_FILTER.$proc$rtl/img_filter.v:617$1771'.
Removing empty process `IMG_FILTER.$proc$rtl/img_filter.v:617$1771'.
Found and cleaned up 1 empty switch in `\IMG_FILTER.$proc$rtl/img_filter.v:617$1766'.
Removing empty process `IMG_FILTER.$proc$rtl/img_filter.v:617$1766'.
Found and cleaned up 1 empty switch in `\IMG_FILTER.$proc$rtl/img_filter.v:617$1761'.
Removing empty process `IMG_FILTER.$proc$rtl/img_filter.v:617$1761'.
Found and cleaned up 1 empty switch in `\IMG_FILTER.$proc$rtl/img_filter.v:627$1753'.
Removing empty process `IMG_FILTER.$proc$rtl/img_filter.v:627$1753'.
Found and cleaned up 1 empty switch in `\IMG_FILTER.$proc$rtl/img_filter.v:627$1747'.
Removing empty process `IMG_FILTER.$proc$rtl/img_filter.v:627$1747'.
Found and cleaned up 1 empty switch in `\IMG_FILTER.$proc$rtl/img_filter.v:627$1741'.
Removing empty process `IMG_FILTER.$proc$rtl/img_filter.v:627$1741'.
Found and cleaned up 1 empty switch in `\IMG_FILTER.$proc$rtl/img_filter.v:627$1735'.
Removing empty process `IMG_FILTER.$proc$rtl/img_filter.v:627$1735'.
Found and cleaned up 1 empty switch in `\IMG_FILTER.$proc$rtl/img_filter.v:627$1729'.
Removing empty process `IMG_FILTER.$proc$rtl/img_filter.v:627$1729'.
Found and cleaned up 1 empty switch in `\IMG_FILTER.$proc$rtl/img_filter.v:617$1723'.
Removing empty process `IMG_FILTER.$proc$rtl/img_filter.v:617$1723'.
Found and cleaned up 1 empty switch in `\IMG_FILTER.$proc$rtl/img_filter.v:617$1718'.
Removing empty process `IMG_FILTER.$proc$rtl/img_filter.v:617$1718'.
Found and cleaned up 1 empty switch in `\IMG_FILTER.$proc$rtl/img_filter.v:617$1713'.
Removing empty process `IMG_FILTER.$proc$rtl/img_filter.v:617$1713'.
Found and cleaned up 1 empty switch in `\IMG_FILTER.$proc$rtl/img_filter.v:617$1708'.
Removing empty process `IMG_FILTER.$proc$rtl/img_filter.v:617$1708'.
Found and cleaned up 1 empty switch in `\IMG_FILTER.$proc$rtl/img_filter.v:617$1703'.
Removing empty process `IMG_FILTER.$proc$rtl/img_filter.v:617$1703'.
Found and cleaned up 1 empty switch in `\IMG_FILTER.$proc$rtl/img_filter.v:617$1698'.
Removing empty process `IMG_FILTER.$proc$rtl/img_filter.v:617$1698'.
Found and cleaned up 1 empty switch in `\IMG_FILTER.$proc$rtl/img_filter.v:617$1693'.
Removing empty process `IMG_FILTER.$proc$rtl/img_filter.v:617$1693'.
Found and cleaned up 1 empty switch in `\IMG_FILTER.$proc$rtl/img_filter.v:617$1688'.
Removing empty process `IMG_FILTER.$proc$rtl/img_filter.v:617$1688'.
Found and cleaned up 1 empty switch in `\IMG_FILTER.$proc$rtl/img_filter.v:617$1683'.
Removing empty process `IMG_FILTER.$proc$rtl/img_filter.v:617$1683'.
Found and cleaned up 1 empty switch in `\IMG_FILTER.$proc$rtl/img_filter.v:617$1678'.
Removing empty process `IMG_FILTER.$proc$rtl/img_filter.v:617$1678'.
Found and cleaned up 1 empty switch in `\IMG_FILTER.$proc$rtl/img_filter.v:617$1673'.
Removing empty process `IMG_FILTER.$proc$rtl/img_filter.v:617$1673'.
Found and cleaned up 1 empty switch in `\IMG_FILTER.$proc$rtl/img_filter.v:617$1668'.
Removing empty process `IMG_FILTER.$proc$rtl/img_filter.v:617$1668'.
Found and cleaned up 1 empty switch in `\IMG_FILTER.$proc$rtl/img_filter.v:617$1663'.
Removing empty process `IMG_FILTER.$proc$rtl/img_filter.v:617$1663'.
Found and cleaned up 1 empty switch in `\IMG_FILTER.$proc$rtl/img_filter.v:617$1658'.
Removing empty process `IMG_FILTER.$proc$rtl/img_filter.v:617$1658'.
Found and cleaned up 1 empty switch in `\IMG_FILTER.$proc$rtl/img_filter.v:617$1653'.
Removing empty process `IMG_FILTER.$proc$rtl/img_filter.v:617$1653'.
Found and cleaned up 1 empty switch in `\IMG_FILTER.$proc$rtl/img_filter.v:617$1648'.
Removing empty process `IMG_FILTER.$proc$rtl/img_filter.v:617$1648'.
Found and cleaned up 1 empty switch in `\IMG_FILTER.$proc$rtl/img_filter.v:617$1643'.
Removing empty process `IMG_FILTER.$proc$rtl/img_filter.v:617$1643'.
Found and cleaned up 1 empty switch in `\IMG_FILTER.$proc$rtl/img_filter.v:617$1638'.
Removing empty process `IMG_FILTER.$proc$rtl/img_filter.v:617$1638'.
Found and cleaned up 1 empty switch in `\IMG_FILTER.$proc$rtl/img_filter.v:617$1633'.
Removing empty process `IMG_FILTER.$proc$rtl/img_filter.v:617$1633'.
Found and cleaned up 1 empty switch in `\IMG_FILTER.$proc$rtl/img_filter.v:617$1628'.
Removing empty process `IMG_FILTER.$proc$rtl/img_filter.v:617$1628'.
Found and cleaned up 1 empty switch in `\IMG_FILTER.$proc$rtl/img_filter.v:617$1623'.
Removing empty process `IMG_FILTER.$proc$rtl/img_filter.v:617$1623'.
Found and cleaned up 1 empty switch in `\IMG_FILTER.$proc$rtl/img_filter.v:617$1618'.
Removing empty process `IMG_FILTER.$proc$rtl/img_filter.v:617$1618'.
Found and cleaned up 1 empty switch in `\IMG_FILTER.$proc$rtl/img_filter.v:617$1613'.
Removing empty process `IMG_FILTER.$proc$rtl/img_filter.v:617$1613'.
Found and cleaned up 1 empty switch in `\IMG_FILTER.$proc$rtl/img_filter.v:617$1608'.
Removing empty process `IMG_FILTER.$proc$rtl/img_filter.v:617$1608'.
Found and cleaned up 1 empty switch in `\IMG_FILTER.$proc$rtl/img_filter.v:617$1603'.
Removing empty process `IMG_FILTER.$proc$rtl/img_filter.v:617$1603'.
Found and cleaned up 1 empty switch in `\IMG_FILTER.$proc$rtl/img_filter.v:627$1595'.
Removing empty process `IMG_FILTER.$proc$rtl/img_filter.v:627$1595'.
Found and cleaned up 1 empty switch in `\IMG_FILTER.$proc$rtl/img_filter.v:627$1589'.
Removing empty process `IMG_FILTER.$proc$rtl/img_filter.v:627$1589'.
Found and cleaned up 1 empty switch in `\IMG_FILTER.$proc$rtl/img_filter.v:627$1583'.
Removing empty process `IMG_FILTER.$proc$rtl/img_filter.v:627$1583'.
Found and cleaned up 1 empty switch in `\IMG_FILTER.$proc$rtl/img_filter.v:627$1577'.
Removing empty process `IMG_FILTER.$proc$rtl/img_filter.v:627$1577'.
Found and cleaned up 1 empty switch in `\IMG_FILTER.$proc$rtl/img_filter.v:627$1571'.
Removing empty process `IMG_FILTER.$proc$rtl/img_filter.v:627$1571'.
Found and cleaned up 1 empty switch in `\IMG_FILTER.$proc$rtl/img_filter.v:617$1565'.
Removing empty process `IMG_FILTER.$proc$rtl/img_filter.v:617$1565'.
Found and cleaned up 1 empty switch in `\IMG_FILTER.$proc$rtl/img_filter.v:617$1560'.
Removing empty process `IMG_FILTER.$proc$rtl/img_filter.v:617$1560'.
Found and cleaned up 1 empty switch in `\IMG_FILTER.$proc$rtl/img_filter.v:617$1555'.
Removing empty process `IMG_FILTER.$proc$rtl/img_filter.v:617$1555'.
Found and cleaned up 1 empty switch in `\IMG_FILTER.$proc$rtl/img_filter.v:617$1550'.
Removing empty process `IMG_FILTER.$proc$rtl/img_filter.v:617$1550'.
Found and cleaned up 1 empty switch in `\IMG_FILTER.$proc$rtl/img_filter.v:617$1545'.
Removing empty process `IMG_FILTER.$proc$rtl/img_filter.v:617$1545'.
Found and cleaned up 1 empty switch in `\IMG_FILTER.$proc$rtl/img_filter.v:617$1540'.
Removing empty process `IMG_FILTER.$proc$rtl/img_filter.v:617$1540'.
Found and cleaned up 1 empty switch in `\IMG_FILTER.$proc$rtl/img_filter.v:617$1535'.
Removing empty process `IMG_FILTER.$proc$rtl/img_filter.v:617$1535'.
Found and cleaned up 1 empty switch in `\IMG_FILTER.$proc$rtl/img_filter.v:617$1530'.
Removing empty process `IMG_FILTER.$proc$rtl/img_filter.v:617$1530'.
Found and cleaned up 1 empty switch in `\IMG_FILTER.$proc$rtl/img_filter.v:617$1525'.
Removing empty process `IMG_FILTER.$proc$rtl/img_filter.v:617$1525'.
Found and cleaned up 1 empty switch in `\IMG_FILTER.$proc$rtl/img_filter.v:617$1520'.
Removing empty process `IMG_FILTER.$proc$rtl/img_filter.v:617$1520'.
Found and cleaned up 1 empty switch in `\IMG_FILTER.$proc$rtl/img_filter.v:617$1515'.
Removing empty process `IMG_FILTER.$proc$rtl/img_filter.v:617$1515'.
Found and cleaned up 1 empty switch in `\IMG_FILTER.$proc$rtl/img_filter.v:617$1510'.
Removing empty process `IMG_FILTER.$proc$rtl/img_filter.v:617$1510'.
Found and cleaned up 1 empty switch in `\IMG_FILTER.$proc$rtl/img_filter.v:617$1505'.
Removing empty process `IMG_FILTER.$proc$rtl/img_filter.v:617$1505'.
Found and cleaned up 1 empty switch in `\IMG_FILTER.$proc$rtl/img_filter.v:617$1500'.
Removing empty process `IMG_FILTER.$proc$rtl/img_filter.v:617$1500'.
Found and cleaned up 1 empty switch in `\IMG_FILTER.$proc$rtl/img_filter.v:617$1495'.
Removing empty process `IMG_FILTER.$proc$rtl/img_filter.v:617$1495'.
Found and cleaned up 1 empty switch in `\IMG_FILTER.$proc$rtl/img_filter.v:617$1490'.
Removing empty process `IMG_FILTER.$proc$rtl/img_filter.v:617$1490'.
Found and cleaned up 1 empty switch in `\IMG_FILTER.$proc$rtl/img_filter.v:617$1485'.
Removing empty process `IMG_FILTER.$proc$rtl/img_filter.v:617$1485'.
Found and cleaned up 1 empty switch in `\IMG_FILTER.$proc$rtl/img_filter.v:617$1480'.
Removing empty process `IMG_FILTER.$proc$rtl/img_filter.v:617$1480'.
Found and cleaned up 1 empty switch in `\IMG_FILTER.$proc$rtl/img_filter.v:617$1475'.
Removing empty process `IMG_FILTER.$proc$rtl/img_filter.v:617$1475'.
Found and cleaned up 1 empty switch in `\IMG_FILTER.$proc$rtl/img_filter.v:617$1470'.
Removing empty process `IMG_FILTER.$proc$rtl/img_filter.v:617$1470'.
Found and cleaned up 1 empty switch in `\IMG_FILTER.$proc$rtl/img_filter.v:617$1465'.
Removing empty process `IMG_FILTER.$proc$rtl/img_filter.v:617$1465'.
Found and cleaned up 1 empty switch in `\IMG_FILTER.$proc$rtl/img_filter.v:617$1460'.
Removing empty process `IMG_FILTER.$proc$rtl/img_filter.v:617$1460'.
Found and cleaned up 1 empty switch in `\IMG_FILTER.$proc$rtl/img_filter.v:617$1455'.
Removing empty process `IMG_FILTER.$proc$rtl/img_filter.v:617$1455'.
Found and cleaned up 1 empty switch in `\IMG_FILTER.$proc$rtl/img_filter.v:617$1450'.
Removing empty process `IMG_FILTER.$proc$rtl/img_filter.v:617$1450'.
Found and cleaned up 1 empty switch in `\IMG_FILTER.$proc$rtl/img_filter.v:617$1445'.
Removing empty process `IMG_FILTER.$proc$rtl/img_filter.v:617$1445'.
Found and cleaned up 1 empty switch in `\IMG_FILTER.$proc$rtl/img_filter.v:627$1437'.
Removing empty process `IMG_FILTER.$proc$rtl/img_filter.v:627$1437'.
Found and cleaned up 1 empty switch in `\IMG_FILTER.$proc$rtl/img_filter.v:627$1431'.
Removing empty process `IMG_FILTER.$proc$rtl/img_filter.v:627$1431'.
Found and cleaned up 1 empty switch in `\IMG_FILTER.$proc$rtl/img_filter.v:627$1425'.
Removing empty process `IMG_FILTER.$proc$rtl/img_filter.v:627$1425'.
Found and cleaned up 1 empty switch in `\IMG_FILTER.$proc$rtl/img_filter.v:627$1419'.
Removing empty process `IMG_FILTER.$proc$rtl/img_filter.v:627$1419'.
Found and cleaned up 1 empty switch in `\IMG_FILTER.$proc$rtl/img_filter.v:627$1413'.
Removing empty process `IMG_FILTER.$proc$rtl/img_filter.v:627$1413'.
Found and cleaned up 1 empty switch in `\IMG_FILTER.$proc$rtl/img_filter.v:617$1407'.
Removing empty process `IMG_FILTER.$proc$rtl/img_filter.v:617$1407'.
Found and cleaned up 1 empty switch in `\IMG_FILTER.$proc$rtl/img_filter.v:617$1402'.
Removing empty process `IMG_FILTER.$proc$rtl/img_filter.v:617$1402'.
Found and cleaned up 1 empty switch in `\IMG_FILTER.$proc$rtl/img_filter.v:617$1397'.
Removing empty process `IMG_FILTER.$proc$rtl/img_filter.v:617$1397'.
Found and cleaned up 1 empty switch in `\IMG_FILTER.$proc$rtl/img_filter.v:617$1392'.
Removing empty process `IMG_FILTER.$proc$rtl/img_filter.v:617$1392'.
Found and cleaned up 1 empty switch in `\IMG_FILTER.$proc$rtl/img_filter.v:617$1387'.
Removing empty process `IMG_FILTER.$proc$rtl/img_filter.v:617$1387'.
Found and cleaned up 1 empty switch in `\IMG_FILTER.$proc$rtl/img_filter.v:617$1382'.
Removing empty process `IMG_FILTER.$proc$rtl/img_filter.v:617$1382'.
Found and cleaned up 1 empty switch in `\IMG_FILTER.$proc$rtl/img_filter.v:617$1377'.
Removing empty process `IMG_FILTER.$proc$rtl/img_filter.v:617$1377'.
Found and cleaned up 1 empty switch in `\IMG_FILTER.$proc$rtl/img_filter.v:617$1372'.
Removing empty process `IMG_FILTER.$proc$rtl/img_filter.v:617$1372'.
Found and cleaned up 1 empty switch in `\IMG_FILTER.$proc$rtl/img_filter.v:617$1367'.
Removing empty process `IMG_FILTER.$proc$rtl/img_filter.v:617$1367'.
Found and cleaned up 1 empty switch in `\IMG_FILTER.$proc$rtl/img_filter.v:617$1362'.
Removing empty process `IMG_FILTER.$proc$rtl/img_filter.v:617$1362'.
Found and cleaned up 1 empty switch in `\IMG_FILTER.$proc$rtl/img_filter.v:617$1357'.
Removing empty process `IMG_FILTER.$proc$rtl/img_filter.v:617$1357'.
Found and cleaned up 1 empty switch in `\IMG_FILTER.$proc$rtl/img_filter.v:617$1352'.
Removing empty process `IMG_FILTER.$proc$rtl/img_filter.v:617$1352'.
Found and cleaned up 1 empty switch in `\IMG_FILTER.$proc$rtl/img_filter.v:617$1347'.
Removing empty process `IMG_FILTER.$proc$rtl/img_filter.v:617$1347'.
Found and cleaned up 1 empty switch in `\IMG_FILTER.$proc$rtl/img_filter.v:617$1342'.
Removing empty process `IMG_FILTER.$proc$rtl/img_filter.v:617$1342'.
Found and cleaned up 1 empty switch in `\IMG_FILTER.$proc$rtl/img_filter.v:617$1337'.
Removing empty process `IMG_FILTER.$proc$rtl/img_filter.v:617$1337'.
Found and cleaned up 1 empty switch in `\IMG_FILTER.$proc$rtl/img_filter.v:617$1332'.
Removing empty process `IMG_FILTER.$proc$rtl/img_filter.v:617$1332'.
Found and cleaned up 1 empty switch in `\IMG_FILTER.$proc$rtl/img_filter.v:617$1327'.
Removing empty process `IMG_FILTER.$proc$rtl/img_filter.v:617$1327'.
Found and cleaned up 1 empty switch in `\IMG_FILTER.$proc$rtl/img_filter.v:617$1322'.
Removing empty process `IMG_FILTER.$proc$rtl/img_filter.v:617$1322'.
Found and cleaned up 1 empty switch in `\IMG_FILTER.$proc$rtl/img_filter.v:617$1317'.
Removing empty process `IMG_FILTER.$proc$rtl/img_filter.v:617$1317'.
Found and cleaned up 1 empty switch in `\IMG_FILTER.$proc$rtl/img_filter.v:617$1312'.
Removing empty process `IMG_FILTER.$proc$rtl/img_filter.v:617$1312'.
Found and cleaned up 1 empty switch in `\IMG_FILTER.$proc$rtl/img_filter.v:617$1307'.
Removing empty process `IMG_FILTER.$proc$rtl/img_filter.v:617$1307'.
Found and cleaned up 1 empty switch in `\IMG_FILTER.$proc$rtl/img_filter.v:617$1302'.
Removing empty process `IMG_FILTER.$proc$rtl/img_filter.v:617$1302'.
Found and cleaned up 1 empty switch in `\IMG_FILTER.$proc$rtl/img_filter.v:617$1297'.
Removing empty process `IMG_FILTER.$proc$rtl/img_filter.v:617$1297'.
Found and cleaned up 1 empty switch in `\IMG_FILTER.$proc$rtl/img_filter.v:617$1292'.
Removing empty process `IMG_FILTER.$proc$rtl/img_filter.v:617$1292'.
Found and cleaned up 1 empty switch in `\IMG_FILTER.$proc$rtl/img_filter.v:617$1287'.
Removing empty process `IMG_FILTER.$proc$rtl/img_filter.v:617$1287'.
Found and cleaned up 1 empty switch in `\IMG_FILTER.$proc$rtl/img_filter.v:627$1279'.
Removing empty process `IMG_FILTER.$proc$rtl/img_filter.v:627$1279'.
Found and cleaned up 1 empty switch in `\IMG_FILTER.$proc$rtl/img_filter.v:627$1273'.
Removing empty process `IMG_FILTER.$proc$rtl/img_filter.v:627$1273'.
Found and cleaned up 1 empty switch in `\IMG_FILTER.$proc$rtl/img_filter.v:627$1267'.
Removing empty process `IMG_FILTER.$proc$rtl/img_filter.v:627$1267'.
Found and cleaned up 1 empty switch in `\IMG_FILTER.$proc$rtl/img_filter.v:627$1261'.
Removing empty process `IMG_FILTER.$proc$rtl/img_filter.v:627$1261'.
Found and cleaned up 1 empty switch in `\IMG_FILTER.$proc$rtl/img_filter.v:627$1255'.
Removing empty process `IMG_FILTER.$proc$rtl/img_filter.v:627$1255'.
Found and cleaned up 1 empty switch in `\IMG_FILTER.$proc$rtl/img_filter.v:617$1249'.
Removing empty process `IMG_FILTER.$proc$rtl/img_filter.v:617$1249'.
Found and cleaned up 1 empty switch in `\IMG_FILTER.$proc$rtl/img_filter.v:617$1244'.
Removing empty process `IMG_FILTER.$proc$rtl/img_filter.v:617$1244'.
Found and cleaned up 1 empty switch in `\IMG_FILTER.$proc$rtl/img_filter.v:617$1239'.
Removing empty process `IMG_FILTER.$proc$rtl/img_filter.v:617$1239'.
Found and cleaned up 1 empty switch in `\IMG_FILTER.$proc$rtl/img_filter.v:617$1234'.
Removing empty process `IMG_FILTER.$proc$rtl/img_filter.v:617$1234'.
Found and cleaned up 1 empty switch in `\IMG_FILTER.$proc$rtl/img_filter.v:617$1229'.
Removing empty process `IMG_FILTER.$proc$rtl/img_filter.v:617$1229'.
Found and cleaned up 1 empty switch in `\IMG_FILTER.$proc$rtl/img_filter.v:617$1224'.
Removing empty process `IMG_FILTER.$proc$rtl/img_filter.v:617$1224'.
Found and cleaned up 1 empty switch in `\IMG_FILTER.$proc$rtl/img_filter.v:617$1219'.
Removing empty process `IMG_FILTER.$proc$rtl/img_filter.v:617$1219'.
Found and cleaned up 1 empty switch in `\IMG_FILTER.$proc$rtl/img_filter.v:617$1214'.
Removing empty process `IMG_FILTER.$proc$rtl/img_filter.v:617$1214'.
Found and cleaned up 1 empty switch in `\IMG_FILTER.$proc$rtl/img_filter.v:617$1209'.
Removing empty process `IMG_FILTER.$proc$rtl/img_filter.v:617$1209'.
Found and cleaned up 1 empty switch in `\IMG_FILTER.$proc$rtl/img_filter.v:617$1204'.
Removing empty process `IMG_FILTER.$proc$rtl/img_filter.v:617$1204'.
Found and cleaned up 1 empty switch in `\IMG_FILTER.$proc$rtl/img_filter.v:617$1199'.
Removing empty process `IMG_FILTER.$proc$rtl/img_filter.v:617$1199'.
Found and cleaned up 1 empty switch in `\IMG_FILTER.$proc$rtl/img_filter.v:617$1194'.
Removing empty process `IMG_FILTER.$proc$rtl/img_filter.v:617$1194'.
Found and cleaned up 1 empty switch in `\IMG_FILTER.$proc$rtl/img_filter.v:617$1189'.
Removing empty process `IMG_FILTER.$proc$rtl/img_filter.v:617$1189'.
Found and cleaned up 1 empty switch in `\IMG_FILTER.$proc$rtl/img_filter.v:617$1184'.
Removing empty process `IMG_FILTER.$proc$rtl/img_filter.v:617$1184'.
Found and cleaned up 1 empty switch in `\IMG_FILTER.$proc$rtl/img_filter.v:617$1179'.
Removing empty process `IMG_FILTER.$proc$rtl/img_filter.v:617$1179'.
Found and cleaned up 1 empty switch in `\IMG_FILTER.$proc$rtl/img_filter.v:617$1174'.
Removing empty process `IMG_FILTER.$proc$rtl/img_filter.v:617$1174'.
Found and cleaned up 1 empty switch in `\IMG_FILTER.$proc$rtl/img_filter.v:617$1169'.
Removing empty process `IMG_FILTER.$proc$rtl/img_filter.v:617$1169'.
Found and cleaned up 1 empty switch in `\IMG_FILTER.$proc$rtl/img_filter.v:617$1164'.
Removing empty process `IMG_FILTER.$proc$rtl/img_filter.v:617$1164'.
Found and cleaned up 1 empty switch in `\IMG_FILTER.$proc$rtl/img_filter.v:617$1159'.
Removing empty process `IMG_FILTER.$proc$rtl/img_filter.v:617$1159'.
Found and cleaned up 1 empty switch in `\IMG_FILTER.$proc$rtl/img_filter.v:617$1154'.
Removing empty process `IMG_FILTER.$proc$rtl/img_filter.v:617$1154'.
Found and cleaned up 1 empty switch in `\IMG_FILTER.$proc$rtl/img_filter.v:617$1149'.
Removing empty process `IMG_FILTER.$proc$rtl/img_filter.v:617$1149'.
Found and cleaned up 1 empty switch in `\IMG_FILTER.$proc$rtl/img_filter.v:617$1144'.
Removing empty process `IMG_FILTER.$proc$rtl/img_filter.v:617$1144'.
Found and cleaned up 1 empty switch in `\IMG_FILTER.$proc$rtl/img_filter.v:617$1139'.
Removing empty process `IMG_FILTER.$proc$rtl/img_filter.v:617$1139'.
Found and cleaned up 1 empty switch in `\IMG_FILTER.$proc$rtl/img_filter.v:617$1134'.
Removing empty process `IMG_FILTER.$proc$rtl/img_filter.v:617$1134'.
Found and cleaned up 1 empty switch in `\IMG_FILTER.$proc$rtl/img_filter.v:617$1129'.
Removing empty process `IMG_FILTER.$proc$rtl/img_filter.v:617$1129'.
Removing empty process `IMG_FILTER.$proc$rtl/img_filter.v:393$871'.
Removing empty process `IMG_FILTER.$proc$rtl/img_filter.v:392$861'.
Removing empty process `IMG_FILTER.$proc$rtl/img_filter.v:391$851'.
Removing empty process `IMG_FILTER.$proc$rtl/img_filter.v:377$841'.
Removing empty process `IMG_FILTER.$proc$rtl/img_filter.v:377$836'.
Removing empty process `IMG_FILTER.$proc$rtl/img_filter.v:376$826'.
Removing empty process `IMG_FILTER.$proc$rtl/img_filter.v:376$821'.
Removing empty process `IMG_FILTER.$proc$rtl/img_filter.v:375$811'.
Found and cleaned up 2 empty switches in `\IMG_FILTER.$proc$rtl/img_filter.v:669$313'.
Removing empty process `IMG_FILTER.$proc$rtl/img_filter.v:669$313'.
Found and cleaned up 4 empty switches in `\IMG_FILTER.$proc$rtl/img_filter.v:652$307'.
Removing empty process `IMG_FILTER.$proc$rtl/img_filter.v:652$307'.
Found and cleaned up 2 empty switches in `\IMG_FILTER.$proc$rtl/img_filter.v:567$302'.
Removing empty process `IMG_FILTER.$proc$rtl/img_filter.v:567$302'.
Found and cleaned up 1 empty switch in `\IMG_FILTER.$proc$rtl/img_filter.v:549$300'.
Removing empty process `IMG_FILTER.$proc$rtl/img_filter.v:549$300'.
Found and cleaned up 1 empty switch in `\IMG_FILTER.$proc$rtl/img_filter.v:521$294'.
Removing empty process `IMG_FILTER.$proc$rtl/img_filter.v:521$294'.
Found and cleaned up 1 empty switch in `\IMG_FILTER.$proc$rtl/img_filter.v:508$287'.
Removing empty process `IMG_FILTER.$proc$rtl/img_filter.v:508$287'.
Found and cleaned up 1 empty switch in `\IMG_FILTER.$proc$rtl/img_filter.v:494$283'.
Removing empty process `IMG_FILTER.$proc$rtl/img_filter.v:494$283'.
Found and cleaned up 2 empty switches in `\IMG_FILTER.$proc$rtl/img_filter.v:487$282'.
Removing empty process `IMG_FILTER.$proc$rtl/img_filter.v:487$282'.
Found and cleaned up 3 empty switches in `\IMG_FILTER.$proc$rtl/img_filter.v:474$276'.
Removing empty process `IMG_FILTER.$proc$rtl/img_filter.v:474$276'.
Found and cleaned up 3 empty switches in `\IMG_FILTER.$proc$rtl/img_filter.v:439$264'.
Removing empty process `IMG_FILTER.$proc$rtl/img_filter.v:439$264'.
Found and cleaned up 1 empty switch in `\IMG_FILTER.$proc$rtl/img_filter.v:431$263'.
Removing empty process `IMG_FILTER.$proc$rtl/img_filter.v:431$263'.
Removing empty process `IMG_FILTER.$proc$rtl/img_filter.v:418$259'.
Removing empty process `IMG_FILTER.$proc$rtl/img_filter.v:383$258'.
Found and cleaned up 13 empty switches in `\IMG_FILTER.$proc$rtl/img_filter.v:267$222'.
Removing empty process `IMG_FILTER.$proc$rtl/img_filter.v:267$222'.
Found and cleaned up 9 empty switches in `\IMG_FILTER.$proc$rtl/img_filter.v:197$177'.
Removing empty process `IMG_FILTER.$proc$rtl/img_filter.v:197$177'.
Found and cleaned up 1 empty switch in `\IMG_FILTER.$proc$rtl/img_filter.v:186$24'.
Removing empty process `IMG_FILTER.$proc$rtl/img_filter.v:186$24'.
Found and cleaned up 1 empty switch in `\IMG_FILTER.$proc$rtl/img_filter.v:157$20'.
Removing empty process `IMG_FILTER.$proc$rtl/img_filter.v:157$20'.
Cleaned up 525 empty switches.

4.12. Executing OPT_EXPR pass (perform const folding).
Optimizing module IMG_FILTER.
<suppressed ~130 debug messages>

5. Executing OPT_EXPR pass (perform const folding).
Optimizing module IMG_FILTER.
<suppressed ~76 debug messages>

6. Executing OPT_CLEAN pass (remove unused cells and wires).
Finding unused cells or wires in module \IMG_FILTER..
Removed 72 unused cells and 2464 unused wires.
<suppressed ~100 debug messages>

7. Executing OPT_DFF pass (perform DFF optimizations).
Adding EN signal on $procdff$5743 ($adff) from module IMG_FILTER (D = $ternary$rtl/img_filter.v:191$104_Y, Q = \a_sym[12]).
Adding EN signal on $procdff$5551 ($adff) from module IMG_FILTER (D = \out_d1, Q = \out_d2).
Adding EN signal on $procdff$5763 ($adff) from module IMG_FILTER (D = $ternary$rtl/img_filter.v:191$128_Y, Q = \a_sym[16]).
Adding EN signal on $procdff$5625 ($adff) from module IMG_FILTER (D = $0\tlo_f[4:0], Q = \tlo_f).
Adding EN signal on $procdff$5643 ($adff) from module IMG_FILTER (D = $0\prep_cnt[3:0], Q = \prep_cnt).
Adding EN signal on $procdff$5723 ($adff) from module IMG_FILTER (D = $ternary$rtl/img_filter.v:191$80_Y, Q = \a_sym[8]).
Adding EN signal on $procdff$5590 ($dff) from module IMG_FILTER (D = \in_pix_data, Q = \ibuf1).
Adding EN signal on $procdff$5628 ($dff) from module IMG_FILTER (D = \cbp_fut, Q = \cbp_cur).
Adding EN signal on $procdff$5615 ($adff) from module IMG_FILTER (D = $procmux$4818_Y, Q = \rem_f).
Adding EN signal on $procdff$5648 ($adff) from module IMG_FILTER (D = $0\state[2:0], Q = \state).
Adding EN signal on $procdff$5718 ($adff) from module IMG_FILTER (D = $ternary$rtl/img_filter.v:191$74_Y, Q = \a_sym[7]).
Adding EN signal on $procdff$5578 ($adff) from module IMG_FILTER (D = \c_cnt, Q = \m_addr).
Adding EN signal on $procdff$5788 ($adff) from module IMG_FILTER (D = $ternary$rtl/img_filter.v:191$158_Y, Q = \a_sym[21]).
Adding EN signal on $procdff$5758 ($adff) from module IMG_FILTER (D = $ternary$rtl/img_filter.v:191$122_Y, Q = \a_sym[15]).
Adding EN signal on $procdff$5653 ($adff) from module IMG_FILTER (D = $0\c_cnt[8:0], Q = \c_cnt).
Adding EN signal on $procdff$5713 ($adff) from module IMG_FILTER (D = $ternary$rtl/img_filter.v:191$68_Y, Q = \a_sym[6]).
Adding EN signal on $procdff$5589 ($dff) from module IMG_FILTER (D = \in_pix_data, Q = \ibuf0).
Adding EN signal on $procdff$5768 ($adff) from module IMG_FILTER (D = $ternary$rtl/img_filter.v:191$134_Y, Q = \a_sym[17]).
Adding EN signal on $procdff$5798 ($adff) from module IMG_FILTER (D = $ternary$rtl/img_filter.v:191$170_Y, Q = \a_sym[23]).
Adding EN signal on $procdff$5658 ($adff) from module IMG_FILTER (D = $0\r_cnt[11:0], Q = \r_cnt).
Adding EN signal on $procdff$5708 ($adff) from module IMG_FILTER (D = $ternary$rtl/img_filter.v:191$62_Y, Q = \a_sym[5]).
Adding EN signal on $procdff$5610 ($adff) from module IMG_FILTER (D = $0\ird[0:0], Q = \ird).
Adding EN signal on $procdff$5663 ($adff) from module IMG_FILTER (D = $0\wbank[5:0], Q = \wbank).
Adding EN signal on $procdff$5703 ($adff) from module IMG_FILTER (D = $ternary$rtl/img_filter.v:191$56_Y, Q = \a_sym[4]).
Adding EN signal on $procdff$5573 ($adff) from module IMG_FILTER (D = $ternary$rtl/img_filter.v:516$292_Y, Q = \m_1h).
Adding EN signal on $procdff$5783 ($adff) from module IMG_FILTER (D = $ternary$rtl/img_filter.v:191$152_Y, Q = \a_sym[20]).
Adding EN signal on $procdff$5818 ($adff) from module IMG_FILTER (D = \blk_v [5:1], Q = \hv_q).
Adding EN signal on $procdff$5823 ($adff) from module IMG_FILTER (D = \coef, Q = \coef_q).
Adding EN signal on $procdff$5668 ($adff) from module IMG_FILTER (D = $procmux$4839_Y, Q = \rem_q).
Adding EN signal on $procdff$5698 ($adff) from module IMG_FILTER (D = $ternary$rtl/img_filter.v:191$50_Y, Q = \a_sym[3]).
Adding EN signal on $procdff$5753 ($adff) from module IMG_FILTER (D = $ternary$rtl/img_filter.v:191$116_Y, Q = \a_sym[14]).
Adding EN signal on $procdff$5773 ($adff) from module IMG_FILTER (D = $ternary$rtl/img_filter.v:191$140_Y, Q = \a_sym[18]).
Adding EN signal on $procdff$5583 ($adff) from module IMG_FILTER (D = $and$rtl/img_filter.v:517$293_Y, Q = \m_out).
Adding EN signal on $procdff$5673 ($adff) from module IMG_FILTER (D = $0\mod_x[13:0], Q = \mod_x).
Adding EN signal on $procdff$5693 ($adff) from module IMG_FILTER (D = $ternary$rtl/img_filter.v:191$44_Y, Q = \a_sym[2]).
Adding EN signal on $procdff$5605 ($adff) from module IMG_FILTER (D = $0\iwr[0:0], Q = \iwr).
Adding EN signal on $procdff$5561 ($adff) from module IMG_FILTER (D = \out_d3, Q = \out_d4).
Adding EN signal on $procdff$5688 ($adff) from module IMG_FILTER (D = $ternary$rtl/img_filter.v:191$38_Y, Q = \a_sym[1]).
Adding EN signal on $procdff$5748 ($adff) from module IMG_FILTER (D = $ternary$rtl/img_filter.v:191$110_Y, Q = \a_sym[13]).
Adding EN signal on $procdff$5778 ($adff) from module IMG_FILTER (D = $ternary$rtl/img_filter.v:191$146_Y, Q = \a_sym[19]).
Adding EN signal on $procdff$5808 ($adff) from module IMG_FILTER (D = \img_height, Q = \h_m1_q).
Adding EN signal on $procdff$5626 ($dff) from module IMG_FILTER (D = \c_fut, Q = \c_cur).
Adding EN signal on $procdff$5683 ($adff) from module IMG_FILTER (D = $ternary$rtl/img_filter.v:191$32_Y, Q = \a_sym[0]).
Adding EN signal on $procdff$5738 ($adff) from module IMG_FILTER (D = $ternary$rtl/img_filter.v:191$98_Y, Q = \a_sym[11]).
Adding EN signal on $procdff$5803 ($adff) from module IMG_FILTER (D = $ternary$rtl/img_filter.v:191$176_Y, Q = \a_sym[24]).
Adding EN signal on $procdff$5546 ($adff) from module IMG_FILTER (D = \m_out, Q = \out_d1).
Adding EN signal on $procdff$5563 ($dff) from module IMG_FILTER (D = \cbp_cur, Q = \m_cbp).
Adding EN signal on $procdff$5541 ($adff) from module IMG_FILTER (D = \ce_d1, Q = \ce_d2).
Adding EN signal on $procdff$5620 ($adff) from module IMG_FILTER (D = $0\ymod_f[5:0], Q = \ymod_f).
Adding EN signal on $procdff$5562 ($dff) from module IMG_FILTER (D = \c_cur, Q = \m_c).
Adding EN signal on $procdff$5536 ($adff) from module IMG_FILTER (D = \m_ce, Q = \ce_d1).
Adding EN signal on $procdff$5733 ($adff) from module IMG_FILTER (D = $ternary$rtl/img_filter.v:191$92_Y, Q = \a_sym[10]).
Adding EN signal on $procdff$5025 ($dff) from module IMG_FILTER (D = \G_LANE[15].G_PART[4].psum5, Q = \part_q[79]).
Adding EN signal on $procdff$5026 ($dff) from module IMG_FILTER (D = \G_LANE[15].G_PART[3].psum5, Q = \part_q[78]).
Adding EN signal on $procdff$5027 ($dff) from module IMG_FILTER (D = \G_LANE[15].G_PART[2].psum5, Q = \part_q[77]).
Adding EN signal on $procdff$5028 ($dff) from module IMG_FILTER (D = \G_LANE[15].G_PART[1].psum5, Q = \part_q[76]).
Adding EN signal on $procdff$5029 ($dff) from module IMG_FILTER (D = \G_LANE[15].G_PART[0].psum5, Q = \part_q[75]).
Adding EN signal on $procdff$5030 ($dff) from module IMG_FILTER (D = \G_LANE[15].G_PAIR[24].pprod, Q = \pair_q[399]).
Adding EN signal on $procdff$5031 ($dff) from module IMG_FILTER (D = \G_LANE[15].G_PAIR[23].pprod, Q = \pair_q[398]).
Adding EN signal on $procdff$5032 ($dff) from module IMG_FILTER (D = \G_LANE[15].G_PAIR[22].pprod, Q = \pair_q[397]).
Adding EN signal on $procdff$5033 ($dff) from module IMG_FILTER (D = \G_LANE[15].G_PAIR[21].pprod, Q = \pair_q[396]).
Adding EN signal on $procdff$5034 ($dff) from module IMG_FILTER (D = \G_LANE[15].G_PAIR[20].pprod, Q = \pair_q[395]).
Adding EN signal on $procdff$5035 ($dff) from module IMG_FILTER (D = \G_LANE[15].G_PAIR[19].pprod, Q = \pair_q[394]).
Adding EN signal on $procdff$5036 ($dff) from module IMG_FILTER (D = \G_LANE[15].G_PAIR[18].pprod, Q = \pair_q[393]).
Adding EN signal on $procdff$5037 ($dff) from module IMG_FILTER (D = \G_LANE[15].G_PAIR[17].pprod, Q = \pair_q[392]).
Adding EN signal on $procdff$5038 ($dff) from module IMG_FILTER (D = \G_LANE[15].G_PAIR[16].pprod, Q = \pair_q[391]).
Adding EN signal on $procdff$5039 ($dff) from module IMG_FILTER (D = \G_LANE[15].G_PAIR[15].pprod, Q = \pair_q[390]).
Adding EN signal on $procdff$5040 ($dff) from module IMG_FILTER (D = \G_LANE[15].G_PAIR[14].pprod, Q = \pair_q[389]).
Adding EN signal on $procdff$5041 ($dff) from module IMG_FILTER (D = \G_LANE[15].G_PAIR[13].pprod, Q = \pair_q[388]).
Adding EN signal on $procdff$5042 ($dff) from module IMG_FILTER (D = \G_LANE[15].G_PAIR[12].pprod, Q = \pair_q[387]).
Adding EN signal on $procdff$5043 ($dff) from module IMG_FILTER (D = \G_LANE[15].G_PAIR[11].pprod, Q = \pair_q[386]).
Adding EN signal on $procdff$5044 ($dff) from module IMG_FILTER (D = \G_LANE[15].G_PAIR[10].pprod, Q = \pair_q[385]).
Adding EN signal on $procdff$5045 ($dff) from module IMG_FILTER (D = \G_LANE[15].G_PAIR[9].pprod, Q = \pair_q[384]).
Adding EN signal on $procdff$5046 ($dff) from module IMG_FILTER (D = \G_LANE[15].G_PAIR[8].pprod, Q = \pair_q[383]).
Adding EN signal on $procdff$5047 ($dff) from module IMG_FILTER (D = \G_LANE[15].G_PAIR[7].pprod, Q = \pair_q[382]).
Adding EN signal on $procdff$5048 ($dff) from module IMG_FILTER (D = \G_LANE[15].G_PAIR[6].pprod, Q = \pair_q[381]).
Adding EN signal on $procdff$5049 ($dff) from module IMG_FILTER (D = \G_LANE[15].G_PAIR[5].pprod, Q = \pair_q[380]).
Adding EN signal on $procdff$5050 ($dff) from module IMG_FILTER (D = \G_LANE[15].G_PAIR[4].pprod, Q = \pair_q[379]).
Adding EN signal on $procdff$5051 ($dff) from module IMG_FILTER (D = \G_LANE[15].G_PAIR[3].pprod, Q = \pair_q[378]).
Adding EN signal on $procdff$5052 ($dff) from module IMG_FILTER (D = \G_LANE[15].G_PAIR[2].pprod, Q = \pair_q[377]).
Adding EN signal on $procdff$5053 ($dff) from module IMG_FILTER (D = \G_LANE[15].G_PAIR[1].pprod, Q = \pair_q[376]).
Adding EN signal on $procdff$5054 ($dff) from module IMG_FILTER (D = \G_LANE[15].G_PAIR[0].pprod, Q = \pair_q[375]).
Adding EN signal on $procdff$5055 ($dff) from module IMG_FILTER (D = \G_LANE[14].G_PART[4].psum5, Q = \part_q[74]).
Adding EN signal on $procdff$5056 ($dff) from module IMG_FILTER (D = \G_LANE[14].G_PART[3].psum5, Q = \part_q[73]).
Adding EN signal on $procdff$5057 ($dff) from module IMG_FILTER (D = \G_LANE[14].G_PART[2].psum5, Q = \part_q[72]).
Adding EN signal on $procdff$5058 ($dff) from module IMG_FILTER (D = \G_LANE[14].G_PART[1].psum5, Q = \part_q[71]).
Adding EN signal on $procdff$5059 ($dff) from module IMG_FILTER (D = \G_LANE[14].G_PART[0].psum5, Q = \part_q[70]).
Adding EN signal on $procdff$5060 ($dff) from module IMG_FILTER (D = \G_LANE[14].G_PAIR[24].pprod, Q = \pair_q[374]).
Adding EN signal on $procdff$5061 ($dff) from module IMG_FILTER (D = \G_LANE[14].G_PAIR[23].pprod, Q = \pair_q[373]).
Adding EN signal on $procdff$5062 ($dff) from module IMG_FILTER (D = \G_LANE[14].G_PAIR[22].pprod, Q = \pair_q[372]).
Adding EN signal on $procdff$5063 ($dff) from module IMG_FILTER (D = \G_LANE[14].G_PAIR[21].pprod, Q = \pair_q[371]).
Adding EN signal on $procdff$5064 ($dff) from module IMG_FILTER (D = \G_LANE[14].G_PAIR[20].pprod, Q = \pair_q[370]).
Adding EN signal on $procdff$5065 ($dff) from module IMG_FILTER (D = \G_LANE[14].G_PAIR[19].pprod, Q = \pair_q[369]).
Adding EN signal on $procdff$5066 ($dff) from module IMG_FILTER (D = \G_LANE[14].G_PAIR[18].pprod, Q = \pair_q[368]).
Adding EN signal on $procdff$5067 ($dff) from module IMG_FILTER (D = \G_LANE[14].G_PAIR[17].pprod, Q = \pair_q[367]).
Adding EN signal on $procdff$5068 ($dff) from module IMG_FILTER (D = \G_LANE[14].G_PAIR[16].pprod, Q = \pair_q[366]).
Adding EN signal on $procdff$5069 ($dff) from module IMG_FILTER (D = \G_LANE[14].G_PAIR[15].pprod, Q = \pair_q[365]).
Adding EN signal on $procdff$5070 ($dff) from module IMG_FILTER (D = \G_LANE[14].G_PAIR[14].pprod, Q = \pair_q[364]).
Adding EN signal on $procdff$5071 ($dff) from module IMG_FILTER (D = \G_LANE[14].G_PAIR[13].pprod, Q = \pair_q[363]).
Adding EN signal on $procdff$5072 ($dff) from module IMG_FILTER (D = \G_LANE[14].G_PAIR[12].pprod, Q = \pair_q[362]).
Adding EN signal on $procdff$5073 ($dff) from module IMG_FILTER (D = \G_LANE[14].G_PAIR[11].pprod, Q = \pair_q[361]).
Adding EN signal on $procdff$5074 ($dff) from module IMG_FILTER (D = \G_LANE[14].G_PAIR[10].pprod, Q = \pair_q[360]).
Adding EN signal on $procdff$5075 ($dff) from module IMG_FILTER (D = \G_LANE[14].G_PAIR[9].pprod, Q = \pair_q[359]).
Adding EN signal on $procdff$5076 ($dff) from module IMG_FILTER (D = \G_LANE[14].G_PAIR[8].pprod, Q = \pair_q[358]).
Adding EN signal on $procdff$5077 ($dff) from module IMG_FILTER (D = \G_LANE[14].G_PAIR[7].pprod, Q = \pair_q[357]).
Adding EN signal on $procdff$5078 ($dff) from module IMG_FILTER (D = \G_LANE[14].G_PAIR[6].pprod, Q = \pair_q[356]).
Adding EN signal on $procdff$5079 ($dff) from module IMG_FILTER (D = \G_LANE[14].G_PAIR[5].pprod, Q = \pair_q[355]).
Adding EN signal on $procdff$5080 ($dff) from module IMG_FILTER (D = \G_LANE[14].G_PAIR[4].pprod, Q = \pair_q[354]).
Adding EN signal on $procdff$5081 ($dff) from module IMG_FILTER (D = \G_LANE[14].G_PAIR[3].pprod, Q = \pair_q[353]).
Adding EN signal on $procdff$5082 ($dff) from module IMG_FILTER (D = \G_LANE[14].G_PAIR[2].pprod, Q = \pair_q[352]).
Adding EN signal on $procdff$5083 ($dff) from module IMG_FILTER (D = \G_LANE[14].G_PAIR[1].pprod, Q = \pair_q[351]).
Adding EN signal on $procdff$5084 ($dff) from module IMG_FILTER (D = \G_LANE[14].G_PAIR[0].pprod, Q = \pair_q[350]).
Adding EN signal on $procdff$5085 ($dff) from module IMG_FILTER (D = \G_LANE[13].G_PART[4].psum5, Q = \part_q[69]).
Adding EN signal on $procdff$5086 ($dff) from module IMG_FILTER (D = \G_LANE[13].G_PART[3].psum5, Q = \part_q[68]).
Adding EN signal on $procdff$5087 ($dff) from module IMG_FILTER (D = \G_LANE[13].G_PART[2].psum5, Q = \part_q[67]).
Adding EN signal on $procdff$5088 ($dff) from module IMG_FILTER (D = \G_LANE[13].G_PART[1].psum5, Q = \part_q[66]).
Adding EN signal on $procdff$5089 ($dff) from module IMG_FILTER (D = \G_LANE[13].G_PART[0].psum5, Q = \part_q[65]).
Adding EN signal on $procdff$5090 ($dff) from module IMG_FILTER (D = \G_LANE[13].G_PAIR[24].pprod, Q = \pair_q[349]).
Adding EN signal on $procdff$5091 ($dff) from module IMG_FILTER (D = \G_LANE[13].G_PAIR[23].pprod, Q = \pair_q[348]).
Adding EN signal on $procdff$5092 ($dff) from module IMG_FILTER (D = \G_LANE[13].G_PAIR[22].pprod, Q = \pair_q[347]).
Adding EN signal on $procdff$5093 ($dff) from module IMG_FILTER (D = \G_LANE[13].G_PAIR[21].pprod, Q = \pair_q[346]).
Adding EN signal on $procdff$5094 ($dff) from module IMG_FILTER (D = \G_LANE[13].G_PAIR[20].pprod, Q = \pair_q[345]).
Adding EN signal on $procdff$5095 ($dff) from module IMG_FILTER (D = \G_LANE[13].G_PAIR[19].pprod, Q = \pair_q[344]).
Adding EN signal on $procdff$5096 ($dff) from module IMG_FILTER (D = \G_LANE[13].G_PAIR[18].pprod, Q = \pair_q[343]).
Adding EN signal on $procdff$5097 ($dff) from module IMG_FILTER (D = \G_LANE[13].G_PAIR[17].pprod, Q = \pair_q[342]).
Adding EN signal on $procdff$5098 ($dff) from module IMG_FILTER (D = \G_LANE[13].G_PAIR[16].pprod, Q = \pair_q[341]).
Adding EN signal on $procdff$5099 ($dff) from module IMG_FILTER (D = \G_LANE[13].G_PAIR[15].pprod, Q = \pair_q[340]).
Adding EN signal on $procdff$5100 ($dff) from module IMG_FILTER (D = \G_LANE[13].G_PAIR[14].pprod, Q = \pair_q[339]).
Adding EN signal on $procdff$5101 ($dff) from module IMG_FILTER (D = \G_LANE[13].G_PAIR[13].pprod, Q = \pair_q[338]).
Adding EN signal on $procdff$5102 ($dff) from module IMG_FILTER (D = \G_LANE[13].G_PAIR[12].pprod, Q = \pair_q[337]).
Adding EN signal on $procdff$5103 ($dff) from module IMG_FILTER (D = \G_LANE[13].G_PAIR[11].pprod, Q = \pair_q[336]).
Adding EN signal on $procdff$5104 ($dff) from module IMG_FILTER (D = \G_LANE[13].G_PAIR[10].pprod, Q = \pair_q[335]).
Adding EN signal on $procdff$5105 ($dff) from module IMG_FILTER (D = \G_LANE[13].G_PAIR[9].pprod, Q = \pair_q[334]).
Adding EN signal on $procdff$5106 ($dff) from module IMG_FILTER (D = \G_LANE[13].G_PAIR[8].pprod, Q = \pair_q[333]).
Adding EN signal on $procdff$5107 ($dff) from module IMG_FILTER (D = \G_LANE[13].G_PAIR[7].pprod, Q = \pair_q[332]).
Adding EN signal on $procdff$5108 ($dff) from module IMG_FILTER (D = \G_LANE[13].G_PAIR[6].pprod, Q = \pair_q[331]).
Adding EN signal on $procdff$5109 ($dff) from module IMG_FILTER (D = \G_LANE[13].G_PAIR[5].pprod, Q = \pair_q[330]).
Adding EN signal on $procdff$5110 ($dff) from module IMG_FILTER (D = \G_LANE[13].G_PAIR[4].pprod, Q = \pair_q[329]).
Adding EN signal on $procdff$5111 ($dff) from module IMG_FILTER (D = \G_LANE[13].G_PAIR[3].pprod, Q = \pair_q[328]).
Adding EN signal on $procdff$5112 ($dff) from module IMG_FILTER (D = \G_LANE[13].G_PAIR[2].pprod, Q = \pair_q[327]).
Adding EN signal on $procdff$5113 ($dff) from module IMG_FILTER (D = \G_LANE[13].G_PAIR[1].pprod, Q = \pair_q[326]).
Adding EN signal on $procdff$5114 ($dff) from module IMG_FILTER (D = \G_LANE[13].G_PAIR[0].pprod, Q = \pair_q[325]).
Adding EN signal on $procdff$5115 ($dff) from module IMG_FILTER (D = \G_LANE[12].G_PART[4].psum5, Q = \part_q[64]).
Adding EN signal on $procdff$5116 ($dff) from module IMG_FILTER (D = \G_LANE[12].G_PART[3].psum5, Q = \part_q[63]).
Adding EN signal on $procdff$5117 ($dff) from module IMG_FILTER (D = \G_LANE[12].G_PART[2].psum5, Q = \part_q[62]).
Adding EN signal on $procdff$5118 ($dff) from module IMG_FILTER (D = \G_LANE[12].G_PART[1].psum5, Q = \part_q[61]).
Adding EN signal on $procdff$5119 ($dff) from module IMG_FILTER (D = \G_LANE[12].G_PART[0].psum5, Q = \part_q[60]).
Adding EN signal on $procdff$5120 ($dff) from module IMG_FILTER (D = \G_LANE[12].G_PAIR[24].pprod, Q = \pair_q[324]).
Adding EN signal on $procdff$5121 ($dff) from module IMG_FILTER (D = \G_LANE[12].G_PAIR[23].pprod, Q = \pair_q[323]).
Adding EN signal on $procdff$5122 ($dff) from module IMG_FILTER (D = \G_LANE[12].G_PAIR[22].pprod, Q = \pair_q[322]).
Adding EN signal on $procdff$5123 ($dff) from module IMG_FILTER (D = \G_LANE[12].G_PAIR[21].pprod, Q = \pair_q[321]).
Adding EN signal on $procdff$5124 ($dff) from module IMG_FILTER (D = \G_LANE[12].G_PAIR[20].pprod, Q = \pair_q[320]).
Adding EN signal on $procdff$5125 ($dff) from module IMG_FILTER (D = \G_LANE[12].G_PAIR[19].pprod, Q = \pair_q[319]).
Adding EN signal on $procdff$5126 ($dff) from module IMG_FILTER (D = \G_LANE[12].G_PAIR[18].pprod, Q = \pair_q[318]).
Adding EN signal on $procdff$5127 ($dff) from module IMG_FILTER (D = \G_LANE[12].G_PAIR[17].pprod, Q = \pair_q[317]).
Adding EN signal on $procdff$5128 ($dff) from module IMG_FILTER (D = \G_LANE[12].G_PAIR[16].pprod, Q = \pair_q[316]).
Adding EN signal on $procdff$5129 ($dff) from module IMG_FILTER (D = \G_LANE[12].G_PAIR[15].pprod, Q = \pair_q[315]).
Adding EN signal on $procdff$5130 ($dff) from module IMG_FILTER (D = \G_LANE[12].G_PAIR[14].pprod, Q = \pair_q[314]).
Adding EN signal on $procdff$5131 ($dff) from module IMG_FILTER (D = \G_LANE[12].G_PAIR[13].pprod, Q = \pair_q[313]).
Adding EN signal on $procdff$5132 ($dff) from module IMG_FILTER (D = \G_LANE[12].G_PAIR[12].pprod, Q = \pair_q[312]).
Adding EN signal on $procdff$5133 ($dff) from module IMG_FILTER (D = \G_LANE[12].G_PAIR[11].pprod, Q = \pair_q[311]).
Adding EN signal on $procdff$5134 ($dff) from module IMG_FILTER (D = \G_LANE[12].G_PAIR[10].pprod, Q = \pair_q[310]).
Adding EN signal on $procdff$5135 ($dff) from module IMG_FILTER (D = \G_LANE[12].G_PAIR[9].pprod, Q = \pair_q[309]).
Adding EN signal on $procdff$5136 ($dff) from module IMG_FILTER (D = \G_LANE[12].G_PAIR[8].pprod, Q = \pair_q[308]).
Adding EN signal on $procdff$5137 ($dff) from module IMG_FILTER (D = \G_LANE[12].G_PAIR[7].pprod, Q = \pair_q[307]).
Adding EN signal on $procdff$5138 ($dff) from module IMG_FILTER (D = \G_LANE[12].G_PAIR[6].pprod, Q = \pair_q[306]).
Adding EN signal on $procdff$5139 ($dff) from module IMG_FILTER (D = \G_LANE[12].G_PAIR[5].pprod, Q = \pair_q[305]).
Adding EN signal on $procdff$5140 ($dff) from module IMG_FILTER (D = \G_LANE[12].G_PAIR[4].pprod, Q = \pair_q[304]).
Adding EN signal on $procdff$5141 ($dff) from module IMG_FILTER (D = \G_LANE[12].G_PAIR[3].pprod, Q = \pair_q[303]).
Adding EN signal on $procdff$5142 ($dff) from module IMG_FILTER (D = \G_LANE[12].G_PAIR[2].pprod, Q = \pair_q[302]).
Adding EN signal on $procdff$5143 ($dff) from module IMG_FILTER (D = \G_LANE[12].G_PAIR[1].pprod, Q = \pair_q[301]).
Adding EN signal on $procdff$5144 ($dff) from module IMG_FILTER (D = \G_LANE[12].G_PAIR[0].pprod, Q = \pair_q[300]).
Adding EN signal on $procdff$5145 ($dff) from module IMG_FILTER (D = \G_LANE[11].G_PART[4].psum5, Q = \part_q[59]).
Adding EN signal on $procdff$5146 ($dff) from module IMG_FILTER (D = \G_LANE[11].G_PART[3].psum5, Q = \part_q[58]).
Adding EN signal on $procdff$5147 ($dff) from module IMG_FILTER (D = \G_LANE[11].G_PART[2].psum5, Q = \part_q[57]).
Adding EN signal on $procdff$5148 ($dff) from module IMG_FILTER (D = \G_LANE[11].G_PART[1].psum5, Q = \part_q[56]).
Adding EN signal on $procdff$5149 ($dff) from module IMG_FILTER (D = \G_LANE[11].G_PART[0].psum5, Q = \part_q[55]).
Adding EN signal on $procdff$5150 ($dff) from module IMG_FILTER (D = \G_LANE[11].G_PAIR[24].pprod, Q = \pair_q[299]).
Adding EN signal on $procdff$5151 ($dff) from module IMG_FILTER (D = \G_LANE[11].G_PAIR[23].pprod, Q = \pair_q[298]).
Adding EN signal on $procdff$5152 ($dff) from module IMG_FILTER (D = \G_LANE[11].G_PAIR[22].pprod, Q = \pair_q[297]).
Adding EN signal on $procdff$5153 ($dff) from module IMG_FILTER (D = \G_LANE[11].G_PAIR[21].pprod, Q = \pair_q[296]).
Adding EN signal on $procdff$5154 ($dff) from module IMG_FILTER (D = \G_LANE[11].G_PAIR[20].pprod, Q = \pair_q[295]).
Adding EN signal on $procdff$5155 ($dff) from module IMG_FILTER (D = \G_LANE[11].G_PAIR[19].pprod, Q = \pair_q[294]).
Adding EN signal on $procdff$5156 ($dff) from module IMG_FILTER (D = \G_LANE[11].G_PAIR[18].pprod, Q = \pair_q[293]).
Adding EN signal on $procdff$5157 ($dff) from module IMG_FILTER (D = \G_LANE[11].G_PAIR[17].pprod, Q = \pair_q[292]).
Adding EN signal on $procdff$5158 ($dff) from module IMG_FILTER (D = \G_LANE[11].G_PAIR[16].pprod, Q = \pair_q[291]).
Adding EN signal on $procdff$5159 ($dff) from module IMG_FILTER (D = \G_LANE[11].G_PAIR[15].pprod, Q = \pair_q[290]).
Adding EN signal on $procdff$5160 ($dff) from module IMG_FILTER (D = \G_LANE[11].G_PAIR[14].pprod, Q = \pair_q[289]).
Adding EN signal on $procdff$5161 ($dff) from module IMG_FILTER (D = \G_LANE[11].G_PAIR[13].pprod, Q = \pair_q[288]).
Adding EN signal on $procdff$5162 ($dff) from module IMG_FILTER (D = \G_LANE[11].G_PAIR[12].pprod, Q = \pair_q[287]).
Adding EN signal on $procdff$5163 ($dff) from module IMG_FILTER (D = \G_LANE[11].G_PAIR[11].pprod, Q = \pair_q[286]).
Adding EN signal on $procdff$5164 ($dff) from module IMG_FILTER (D = \G_LANE[11].G_PAIR[10].pprod, Q = \pair_q[285]).
Adding EN signal on $procdff$5165 ($dff) from module IMG_FILTER (D = \G_LANE[11].G_PAIR[9].pprod, Q = \pair_q[284]).
Adding EN signal on $procdff$5166 ($dff) from module IMG_FILTER (D = \G_LANE[11].G_PAIR[8].pprod, Q = \pair_q[283]).
Adding EN signal on $procdff$5167 ($dff) from module IMG_FILTER (D = \G_LANE[11].G_PAIR[7].pprod, Q = \pair_q[282]).
Adding EN signal on $procdff$5168 ($dff) from module IMG_FILTER (D = \G_LANE[11].G_PAIR[6].pprod, Q = \pair_q[281]).
Adding EN signal on $procdff$5169 ($dff) from module IMG_FILTER (D = \G_LANE[11].G_PAIR[5].pprod, Q = \pair_q[280]).
Adding EN signal on $procdff$5170 ($dff) from module IMG_FILTER (D = \G_LANE[11].G_PAIR[4].pprod, Q = \pair_q[279]).
Adding EN signal on $procdff$5171 ($dff) from module IMG_FILTER (D = \G_LANE[11].G_PAIR[3].pprod, Q = \pair_q[278]).
Adding EN signal on $procdff$5172 ($dff) from module IMG_FILTER (D = \G_LANE[11].G_PAIR[2].pprod, Q = \pair_q[277]).
Adding EN signal on $procdff$5173 ($dff) from module IMG_FILTER (D = \G_LANE[11].G_PAIR[1].pprod, Q = \pair_q[276]).
Adding EN signal on $procdff$5174 ($dff) from module IMG_FILTER (D = \G_LANE[11].G_PAIR[0].pprod, Q = \pair_q[275]).
Adding EN signal on $procdff$5175 ($dff) from module IMG_FILTER (D = \G_LANE[10].G_PART[4].psum5, Q = \part_q[54]).
Adding EN signal on $procdff$5176 ($dff) from module IMG_FILTER (D = \G_LANE[10].G_PART[3].psum5, Q = \part_q[53]).
Adding EN signal on $procdff$5177 ($dff) from module IMG_FILTER (D = \G_LANE[10].G_PART[2].psum5, Q = \part_q[52]).
Adding EN signal on $procdff$5178 ($dff) from module IMG_FILTER (D = \G_LANE[10].G_PART[1].psum5, Q = \part_q[51]).
Adding EN signal on $procdff$5179 ($dff) from module IMG_FILTER (D = \G_LANE[10].G_PART[0].psum5, Q = \part_q[50]).
Adding EN signal on $procdff$5180 ($dff) from module IMG_FILTER (D = \G_LANE[10].G_PAIR[24].pprod, Q = \pair_q[274]).
Adding EN signal on $procdff$5181 ($dff) from module IMG_FILTER (D = \G_LANE[10].G_PAIR[23].pprod, Q = \pair_q[273]).
Adding EN signal on $procdff$5182 ($dff) from module IMG_FILTER (D = \G_LANE[10].G_PAIR[22].pprod, Q = \pair_q[272]).
Adding EN signal on $procdff$5183 ($dff) from module IMG_FILTER (D = \G_LANE[10].G_PAIR[21].pprod, Q = \pair_q[271]).
Adding EN signal on $procdff$5184 ($dff) from module IMG_FILTER (D = \G_LANE[10].G_PAIR[20].pprod, Q = \pair_q[270]).
Adding EN signal on $procdff$5185 ($dff) from module IMG_FILTER (D = \G_LANE[10].G_PAIR[19].pprod, Q = \pair_q[269]).
Adding EN signal on $procdff$5186 ($dff) from module IMG_FILTER (D = \G_LANE[10].G_PAIR[18].pprod, Q = \pair_q[268]).
Adding EN signal on $procdff$5187 ($dff) from module IMG_FILTER (D = \G_LANE[10].G_PAIR[17].pprod, Q = \pair_q[267]).
Adding EN signal on $procdff$5188 ($dff) from module IMG_FILTER (D = \G_LANE[10].G_PAIR[16].pprod, Q = \pair_q[266]).
Adding EN signal on $procdff$5189 ($dff) from module IMG_FILTER (D = \G_LANE[10].G_PAIR[15].pprod, Q = \pair_q[265]).
Adding EN signal on $procdff$5190 ($dff) from module IMG_FILTER (D = \G_LANE[10].G_PAIR[14].pprod, Q = \pair_q[264]).
Adding EN signal on $procdff$5191 ($dff) from module IMG_FILTER (D = \G_LANE[10].G_PAIR[13].pprod, Q = \pair_q[263]).
Adding EN signal on $procdff$5192 ($dff) from module IMG_FILTER (D = \G_LANE[10].G_PAIR[12].pprod, Q = \pair_q[262]).
Adding EN signal on $procdff$5193 ($dff) from module IMG_FILTER (D = \G_LANE[10].G_PAIR[11].pprod, Q = \pair_q[261]).
Adding EN signal on $procdff$5194 ($dff) from module IMG_FILTER (D = \G_LANE[10].G_PAIR[10].pprod, Q = \pair_q[260]).
Adding EN signal on $procdff$5195 ($dff) from module IMG_FILTER (D = \G_LANE[10].G_PAIR[9].pprod, Q = \pair_q[259]).
Adding EN signal on $procdff$5196 ($dff) from module IMG_FILTER (D = \G_LANE[10].G_PAIR[8].pprod, Q = \pair_q[258]).
Adding EN signal on $procdff$5197 ($dff) from module IMG_FILTER (D = \G_LANE[10].G_PAIR[7].pprod, Q = \pair_q[257]).
Adding EN signal on $procdff$5198 ($dff) from module IMG_FILTER (D = \G_LANE[10].G_PAIR[6].pprod, Q = \pair_q[256]).
Adding EN signal on $procdff$5199 ($dff) from module IMG_FILTER (D = \G_LANE[10].G_PAIR[5].pprod, Q = \pair_q[255]).
Adding EN signal on $procdff$5200 ($dff) from module IMG_FILTER (D = \G_LANE[10].G_PAIR[4].pprod, Q = \pair_q[254]).
Adding EN signal on $procdff$5201 ($dff) from module IMG_FILTER (D = \G_LANE[10].G_PAIR[3].pprod, Q = \pair_q[253]).
Adding EN signal on $procdff$5202 ($dff) from module IMG_FILTER (D = \G_LANE[10].G_PAIR[2].pprod, Q = \pair_q[252]).
Adding EN signal on $procdff$5203 ($dff) from module IMG_FILTER (D = \G_LANE[10].G_PAIR[1].pprod, Q = \pair_q[251]).
Adding EN signal on $procdff$5204 ($dff) from module IMG_FILTER (D = \G_LANE[10].G_PAIR[0].pprod, Q = \pair_q[250]).
Adding EN signal on $procdff$5205 ($dff) from module IMG_FILTER (D = \G_LANE[9].G_PART[4].psum5, Q = \part_q[49]).
Adding EN signal on $procdff$5206 ($dff) from module IMG_FILTER (D = \G_LANE[9].G_PART[3].psum5, Q = \part_q[48]).
Adding EN signal on $procdff$5207 ($dff) from module IMG_FILTER (D = \G_LANE[9].G_PART[2].psum5, Q = \part_q[47]).
Adding EN signal on $procdff$5208 ($dff) from module IMG_FILTER (D = \G_LANE[9].G_PART[1].psum5, Q = \part_q[46]).
Adding EN signal on $procdff$5209 ($dff) from module IMG_FILTER (D = \G_LANE[9].G_PART[0].psum5, Q = \part_q[45]).
Adding EN signal on $procdff$5210 ($dff) from module IMG_FILTER (D = \G_LANE[9].G_PAIR[24].pprod, Q = \pair_q[249]).
Adding EN signal on $procdff$5211 ($dff) from module IMG_FILTER (D = \G_LANE[9].G_PAIR[23].pprod, Q = \pair_q[248]).
Adding EN signal on $procdff$5212 ($dff) from module IMG_FILTER (D = \G_LANE[9].G_PAIR[22].pprod, Q = \pair_q[247]).
Adding EN signal on $procdff$5213 ($dff) from module IMG_FILTER (D = \G_LANE[9].G_PAIR[21].pprod, Q = \pair_q[246]).
Adding EN signal on $procdff$5214 ($dff) from module IMG_FILTER (D = \G_LANE[9].G_PAIR[20].pprod, Q = \pair_q[245]).
Adding EN signal on $procdff$5215 ($dff) from module IMG_FILTER (D = \G_LANE[9].G_PAIR[19].pprod, Q = \pair_q[244]).
Adding EN signal on $procdff$5216 ($dff) from module IMG_FILTER (D = \G_LANE[9].G_PAIR[18].pprod, Q = \pair_q[243]).
Adding EN signal on $procdff$5217 ($dff) from module IMG_FILTER (D = \G_LANE[9].G_PAIR[17].pprod, Q = \pair_q[242]).
Adding EN signal on $procdff$5218 ($dff) from module IMG_FILTER (D = \G_LANE[9].G_PAIR[16].pprod, Q = \pair_q[241]).
Adding EN signal on $procdff$5219 ($dff) from module IMG_FILTER (D = \G_LANE[9].G_PAIR[15].pprod, Q = \pair_q[240]).
Adding EN signal on $procdff$5220 ($dff) from module IMG_FILTER (D = \G_LANE[9].G_PAIR[14].pprod, Q = \pair_q[239]).
Adding EN signal on $procdff$5221 ($dff) from module IMG_FILTER (D = \G_LANE[9].G_PAIR[13].pprod, Q = \pair_q[238]).
Adding EN signal on $procdff$5222 ($dff) from module IMG_FILTER (D = \G_LANE[9].G_PAIR[12].pprod, Q = \pair_q[237]).
Adding EN signal on $procdff$5223 ($dff) from module IMG_FILTER (D = \G_LANE[9].G_PAIR[11].pprod, Q = \pair_q[236]).
Adding EN signal on $procdff$5224 ($dff) from module IMG_FILTER (D = \G_LANE[9].G_PAIR[10].pprod, Q = \pair_q[235]).
Adding EN signal on $procdff$5225 ($dff) from module IMG_FILTER (D = \G_LANE[9].G_PAIR[9].pprod, Q = \pair_q[234]).
Adding EN signal on $procdff$5226 ($dff) from module IMG_FILTER (D = \G_LANE[9].G_PAIR[8].pprod, Q = \pair_q[233]).
Adding EN signal on $procdff$5227 ($dff) from module IMG_FILTER (D = \G_LANE[9].G_PAIR[7].pprod, Q = \pair_q[232]).
Adding EN signal on $procdff$5228 ($dff) from module IMG_FILTER (D = \G_LANE[9].G_PAIR[6].pprod, Q = \pair_q[231]).
Adding EN signal on $procdff$5229 ($dff) from module IMG_FILTER (D = \G_LANE[9].G_PAIR[5].pprod, Q = \pair_q[230]).
Adding EN signal on $procdff$5230 ($dff) from module IMG_FILTER (D = \G_LANE[9].G_PAIR[4].pprod, Q = \pair_q[229]).
Adding EN signal on $procdff$5231 ($dff) from module IMG_FILTER (D = \G_LANE[9].G_PAIR[3].pprod, Q = \pair_q[228]).
Adding EN signal on $procdff$5232 ($dff) from module IMG_FILTER (D = \G_LANE[9].G_PAIR[2].pprod, Q = \pair_q[227]).
Adding EN signal on $procdff$5233 ($dff) from module IMG_FILTER (D = \G_LANE[9].G_PAIR[1].pprod, Q = \pair_q[226]).
Adding EN signal on $procdff$5234 ($dff) from module IMG_FILTER (D = \G_LANE[9].G_PAIR[0].pprod, Q = \pair_q[225]).
Adding EN signal on $procdff$5235 ($dff) from module IMG_FILTER (D = \G_LANE[8].G_PART[4].psum5, Q = \part_q[44]).
Adding EN signal on $procdff$5236 ($dff) from module IMG_FILTER (D = \G_LANE[8].G_PART[3].psum5, Q = \part_q[43]).
Adding EN signal on $procdff$5237 ($dff) from module IMG_FILTER (D = \G_LANE[8].G_PART[2].psum5, Q = \part_q[42]).
Adding EN signal on $procdff$5238 ($dff) from module IMG_FILTER (D = \G_LANE[8].G_PART[1].psum5, Q = \part_q[41]).
Adding EN signal on $procdff$5239 ($dff) from module IMG_FILTER (D = \G_LANE[8].G_PART[0].psum5, Q = \part_q[40]).
Adding EN signal on $procdff$5240 ($dff) from module IMG_FILTER (D = \G_LANE[8].G_PAIR[24].pprod, Q = \pair_q[224]).
Adding EN signal on $procdff$5241 ($dff) from module IMG_FILTER (D = \G_LANE[8].G_PAIR[23].pprod, Q = \pair_q[223]).
Adding EN signal on $procdff$5242 ($dff) from module IMG_FILTER (D = \G_LANE[8].G_PAIR[22].pprod, Q = \pair_q[222]).
Adding EN signal on $procdff$5243 ($dff) from module IMG_FILTER (D = \G_LANE[8].G_PAIR[21].pprod, Q = \pair_q[221]).
Adding EN signal on $procdff$5244 ($dff) from module IMG_FILTER (D = \G_LANE[8].G_PAIR[20].pprod, Q = \pair_q[220]).
Adding EN signal on $procdff$5245 ($dff) from module IMG_FILTER (D = \G_LANE[8].G_PAIR[19].pprod, Q = \pair_q[219]).
Adding EN signal on $procdff$5246 ($dff) from module IMG_FILTER (D = \G_LANE[8].G_PAIR[18].pprod, Q = \pair_q[218]).
Adding EN signal on $procdff$5247 ($dff) from module IMG_FILTER (D = \G_LANE[8].G_PAIR[17].pprod, Q = \pair_q[217]).
Adding EN signal on $procdff$5248 ($dff) from module IMG_FILTER (D = \G_LANE[8].G_PAIR[16].pprod, Q = \pair_q[216]).
Adding EN signal on $procdff$5249 ($dff) from module IMG_FILTER (D = \G_LANE[8].G_PAIR[15].pprod, Q = \pair_q[215]).
Adding EN signal on $procdff$5250 ($dff) from module IMG_FILTER (D = \G_LANE[8].G_PAIR[14].pprod, Q = \pair_q[214]).
Adding EN signal on $procdff$5251 ($dff) from module IMG_FILTER (D = \G_LANE[8].G_PAIR[13].pprod, Q = \pair_q[213]).
Adding EN signal on $procdff$5252 ($dff) from module IMG_FILTER (D = \G_LANE[8].G_PAIR[12].pprod, Q = \pair_q[212]).
Adding EN signal on $procdff$5253 ($dff) from module IMG_FILTER (D = \G_LANE[8].G_PAIR[11].pprod, Q = \pair_q[211]).
Adding EN signal on $procdff$5254 ($dff) from module IMG_FILTER (D = \G_LANE[8].G_PAIR[10].pprod, Q = \pair_q[210]).
Adding EN signal on $procdff$5255 ($dff) from module IMG_FILTER (D = \G_LANE[8].G_PAIR[9].pprod, Q = \pair_q[209]).
Adding EN signal on $procdff$5256 ($dff) from module IMG_FILTER (D = \G_LANE[8].G_PAIR[8].pprod, Q = \pair_q[208]).
Adding EN signal on $procdff$5257 ($dff) from module IMG_FILTER (D = \G_LANE[8].G_PAIR[7].pprod, Q = \pair_q[207]).
Adding EN signal on $procdff$5258 ($dff) from module IMG_FILTER (D = \G_LANE[8].G_PAIR[6].pprod, Q = \pair_q[206]).
Adding EN signal on $procdff$5259 ($dff) from module IMG_FILTER (D = \G_LANE[8].G_PAIR[5].pprod, Q = \pair_q[205]).
Adding EN signal on $procdff$5260 ($dff) from module IMG_FILTER (D = \G_LANE[8].G_PAIR[4].pprod, Q = \pair_q[204]).
Adding EN signal on $procdff$5261 ($dff) from module IMG_FILTER (D = \G_LANE[8].G_PAIR[3].pprod, Q = \pair_q[203]).
Adding EN signal on $procdff$5262 ($dff) from module IMG_FILTER (D = \G_LANE[8].G_PAIR[2].pprod, Q = \pair_q[202]).
Adding EN signal on $procdff$5263 ($dff) from module IMG_FILTER (D = \G_LANE[8].G_PAIR[1].pprod, Q = \pair_q[201]).
Adding EN signal on $procdff$5264 ($dff) from module IMG_FILTER (D = \G_LANE[8].G_PAIR[0].pprod, Q = \pair_q[200]).
Adding EN signal on $procdff$5265 ($dff) from module IMG_FILTER (D = \G_LANE[7].G_PART[4].psum5, Q = \part_q[39]).
Adding EN signal on $procdff$5266 ($dff) from module IMG_FILTER (D = \G_LANE[7].G_PART[3].psum5, Q = \part_q[38]).
Adding EN signal on $procdff$5267 ($dff) from module IMG_FILTER (D = \G_LANE[7].G_PART[2].psum5, Q = \part_q[37]).
Adding EN signal on $procdff$5268 ($dff) from module IMG_FILTER (D = \G_LANE[7].G_PART[1].psum5, Q = \part_q[36]).
Adding EN signal on $procdff$5269 ($dff) from module IMG_FILTER (D = \G_LANE[7].G_PART[0].psum5, Q = \part_q[35]).
Adding EN signal on $procdff$5270 ($dff) from module IMG_FILTER (D = \G_LANE[7].G_PAIR[24].pprod, Q = \pair_q[199]).
Adding EN signal on $procdff$5271 ($dff) from module IMG_FILTER (D = \G_LANE[7].G_PAIR[23].pprod, Q = \pair_q[198]).
Adding EN signal on $procdff$5272 ($dff) from module IMG_FILTER (D = \G_LANE[7].G_PAIR[22].pprod, Q = \pair_q[197]).
Adding EN signal on $procdff$5273 ($dff) from module IMG_FILTER (D = \G_LANE[7].G_PAIR[21].pprod, Q = \pair_q[196]).
Adding EN signal on $procdff$5274 ($dff) from module IMG_FILTER (D = \G_LANE[7].G_PAIR[20].pprod, Q = \pair_q[195]).
Adding EN signal on $procdff$5275 ($dff) from module IMG_FILTER (D = \G_LANE[7].G_PAIR[19].pprod, Q = \pair_q[194]).
Adding EN signal on $procdff$5276 ($dff) from module IMG_FILTER (D = \G_LANE[7].G_PAIR[18].pprod, Q = \pair_q[193]).
Adding EN signal on $procdff$5277 ($dff) from module IMG_FILTER (D = \G_LANE[7].G_PAIR[17].pprod, Q = \pair_q[192]).
Adding EN signal on $procdff$5278 ($dff) from module IMG_FILTER (D = \G_LANE[7].G_PAIR[16].pprod, Q = \pair_q[191]).
Adding EN signal on $procdff$5279 ($dff) from module IMG_FILTER (D = \G_LANE[7].G_PAIR[15].pprod, Q = \pair_q[190]).
Adding EN signal on $procdff$5280 ($dff) from module IMG_FILTER (D = \G_LANE[7].G_PAIR[14].pprod, Q = \pair_q[189]).
Adding EN signal on $procdff$5281 ($dff) from module IMG_FILTER (D = \G_LANE[7].G_PAIR[13].pprod, Q = \pair_q[188]).
Adding EN signal on $procdff$5282 ($dff) from module IMG_FILTER (D = \G_LANE[7].G_PAIR[12].pprod, Q = \pair_q[187]).
Adding EN signal on $procdff$5283 ($dff) from module IMG_FILTER (D = \G_LANE[7].G_PAIR[11].pprod, Q = \pair_q[186]).
Adding EN signal on $procdff$5284 ($dff) from module IMG_FILTER (D = \G_LANE[7].G_PAIR[10].pprod, Q = \pair_q[185]).
Adding EN signal on $procdff$5285 ($dff) from module IMG_FILTER (D = \G_LANE[7].G_PAIR[9].pprod, Q = \pair_q[184]).
Adding EN signal on $procdff$5286 ($dff) from module IMG_FILTER (D = \G_LANE[7].G_PAIR[8].pprod, Q = \pair_q[183]).
Adding EN signal on $procdff$5287 ($dff) from module IMG_FILTER (D = \G_LANE[7].G_PAIR[7].pprod, Q = \pair_q[182]).
Adding EN signal on $procdff$5288 ($dff) from module IMG_FILTER (D = \G_LANE[7].G_PAIR[6].pprod, Q = \pair_q[181]).
Adding EN signal on $procdff$5289 ($dff) from module IMG_FILTER (D = \G_LANE[7].G_PAIR[5].pprod, Q = \pair_q[180]).
Adding EN signal on $procdff$5290 ($dff) from module IMG_FILTER (D = \G_LANE[7].G_PAIR[4].pprod, Q = \pair_q[179]).
Adding EN signal on $procdff$5291 ($dff) from module IMG_FILTER (D = \G_LANE[7].G_PAIR[3].pprod, Q = \pair_q[178]).
Adding EN signal on $procdff$5292 ($dff) from module IMG_FILTER (D = \G_LANE[7].G_PAIR[2].pprod, Q = \pair_q[177]).
Adding EN signal on $procdff$5293 ($dff) from module IMG_FILTER (D = \G_LANE[7].G_PAIR[1].pprod, Q = \pair_q[176]).
Adding EN signal on $procdff$5294 ($dff) from module IMG_FILTER (D = \G_LANE[7].G_PAIR[0].pprod, Q = \pair_q[175]).
Adding EN signal on $procdff$5295 ($dff) from module IMG_FILTER (D = \G_LANE[6].G_PART[4].psum5, Q = \part_q[34]).
Adding EN signal on $procdff$5296 ($dff) from module IMG_FILTER (D = \G_LANE[6].G_PART[3].psum5, Q = \part_q[33]).
Adding EN signal on $procdff$5297 ($dff) from module IMG_FILTER (D = \G_LANE[6].G_PART[2].psum5, Q = \part_q[32]).
Adding EN signal on $procdff$5298 ($dff) from module IMG_FILTER (D = \G_LANE[6].G_PART[1].psum5, Q = \part_q[31]).
Adding EN signal on $procdff$5299 ($dff) from module IMG_FILTER (D = \G_LANE[6].G_PART[0].psum5, Q = \part_q[30]).
Adding EN signal on $procdff$5300 ($dff) from module IMG_FILTER (D = \G_LANE[6].G_PAIR[24].pprod, Q = \pair_q[174]).
Adding EN signal on $procdff$5301 ($dff) from module IMG_FILTER (D = \G_LANE[6].G_PAIR[23].pprod, Q = \pair_q[173]).
Adding EN signal on $procdff$5302 ($dff) from module IMG_FILTER (D = \G_LANE[6].G_PAIR[22].pprod, Q = \pair_q[172]).
Adding EN signal on $procdff$5303 ($dff) from module IMG_FILTER (D = \G_LANE[6].G_PAIR[21].pprod, Q = \pair_q[171]).
Adding EN signal on $procdff$5304 ($dff) from module IMG_FILTER (D = \G_LANE[6].G_PAIR[20].pprod, Q = \pair_q[170]).
Adding EN signal on $procdff$5305 ($dff) from module IMG_FILTER (D = \G_LANE[6].G_PAIR[19].pprod, Q = \pair_q[169]).
Adding EN signal on $procdff$5306 ($dff) from module IMG_FILTER (D = \G_LANE[6].G_PAIR[18].pprod, Q = \pair_q[168]).
Adding EN signal on $procdff$5307 ($dff) from module IMG_FILTER (D = \G_LANE[6].G_PAIR[17].pprod, Q = \pair_q[167]).
Adding EN signal on $procdff$5308 ($dff) from module IMG_FILTER (D = \G_LANE[6].G_PAIR[16].pprod, Q = \pair_q[166]).
Adding EN signal on $procdff$5309 ($dff) from module IMG_FILTER (D = \G_LANE[6].G_PAIR[15].pprod, Q = \pair_q[165]).
Adding EN signal on $procdff$5310 ($dff) from module IMG_FILTER (D = \G_LANE[6].G_PAIR[14].pprod, Q = \pair_q[164]).
Adding EN signal on $procdff$5311 ($dff) from module IMG_FILTER (D = \G_LANE[6].G_PAIR[13].pprod, Q = \pair_q[163]).
Adding EN signal on $procdff$5312 ($dff) from module IMG_FILTER (D = \G_LANE[6].G_PAIR[12].pprod, Q = \pair_q[162]).
Adding EN signal on $procdff$5313 ($dff) from module IMG_FILTER (D = \G_LANE[6].G_PAIR[11].pprod, Q = \pair_q[161]).
Adding EN signal on $procdff$5314 ($dff) from module IMG_FILTER (D = \G_LANE[6].G_PAIR[10].pprod, Q = \pair_q[160]).
Adding EN signal on $procdff$5315 ($dff) from module IMG_FILTER (D = \G_LANE[6].G_PAIR[9].pprod, Q = \pair_q[159]).
Adding EN signal on $procdff$5316 ($dff) from module IMG_FILTER (D = \G_LANE[6].G_PAIR[8].pprod, Q = \pair_q[158]).
Adding EN signal on $procdff$5317 ($dff) from module IMG_FILTER (D = \G_LANE[6].G_PAIR[7].pprod, Q = \pair_q[157]).
Adding EN signal on $procdff$5318 ($dff) from module IMG_FILTER (D = \G_LANE[6].G_PAIR[6].pprod, Q = \pair_q[156]).
Adding EN signal on $procdff$5319 ($dff) from module IMG_FILTER (D = \G_LANE[6].G_PAIR[5].pprod, Q = \pair_q[155]).
Adding EN signal on $procdff$5320 ($dff) from module IMG_FILTER (D = \G_LANE[6].G_PAIR[4].pprod, Q = \pair_q[154]).
Adding EN signal on $procdff$5321 ($dff) from module IMG_FILTER (D = \G_LANE[6].G_PAIR[3].pprod, Q = \pair_q[153]).
Adding EN signal on $procdff$5322 ($dff) from module IMG_FILTER (D = \G_LANE[6].G_PAIR[2].pprod, Q = \pair_q[152]).
Adding EN signal on $procdff$5323 ($dff) from module IMG_FILTER (D = \G_LANE[6].G_PAIR[1].pprod, Q = \pair_q[151]).
Adding EN signal on $procdff$5324 ($dff) from module IMG_FILTER (D = \G_LANE[6].G_PAIR[0].pprod, Q = \pair_q[150]).
Adding EN signal on $procdff$5325 ($dff) from module IMG_FILTER (D = \G_LANE[5].G_PART[4].psum5, Q = \part_q[29]).
Adding EN signal on $procdff$5326 ($dff) from module IMG_FILTER (D = \G_LANE[5].G_PART[3].psum5, Q = \part_q[28]).
Adding EN signal on $procdff$5327 ($dff) from module IMG_FILTER (D = \G_LANE[5].G_PART[2].psum5, Q = \part_q[27]).
Adding EN signal on $procdff$5328 ($dff) from module IMG_FILTER (D = \G_LANE[5].G_PART[1].psum5, Q = \part_q[26]).
Adding EN signal on $procdff$5329 ($dff) from module IMG_FILTER (D = \G_LANE[5].G_PART[0].psum5, Q = \part_q[25]).
Adding EN signal on $procdff$5330 ($dff) from module IMG_FILTER (D = \G_LANE[5].G_PAIR[24].pprod, Q = \pair_q[149]).
Adding EN signal on $procdff$5331 ($dff) from module IMG_FILTER (D = \G_LANE[5].G_PAIR[23].pprod, Q = \pair_q[148]).
Adding EN signal on $procdff$5332 ($dff) from module IMG_FILTER (D = \G_LANE[5].G_PAIR[22].pprod, Q = \pair_q[147]).
Adding EN signal on $procdff$5333 ($dff) from module IMG_FILTER (D = \G_LANE[5].G_PAIR[21].pprod, Q = \pair_q[146]).
Adding EN signal on $procdff$5334 ($dff) from module IMG_FILTER (D = \G_LANE[5].G_PAIR[20].pprod, Q = \pair_q[145]).
Adding EN signal on $procdff$5335 ($dff) from module IMG_FILTER (D = \G_LANE[5].G_PAIR[19].pprod, Q = \pair_q[144]).
Adding EN signal on $procdff$5336 ($dff) from module IMG_FILTER (D = \G_LANE[5].G_PAIR[18].pprod, Q = \pair_q[143]).
Adding EN signal on $procdff$5337 ($dff) from module IMG_FILTER (D = \G_LANE[5].G_PAIR[17].pprod, Q = \pair_q[142]).
Adding EN signal on $procdff$5338 ($dff) from module IMG_FILTER (D = \G_LANE[5].G_PAIR[16].pprod, Q = \pair_q[141]).
Adding EN signal on $procdff$5339 ($dff) from module IMG_FILTER (D = \G_LANE[5].G_PAIR[15].pprod, Q = \pair_q[140]).
Adding EN signal on $procdff$5340 ($dff) from module IMG_FILTER (D = \G_LANE[5].G_PAIR[14].pprod, Q = \pair_q[139]).
Adding EN signal on $procdff$5341 ($dff) from module IMG_FILTER (D = \G_LANE[5].G_PAIR[13].pprod, Q = \pair_q[138]).
Adding EN signal on $procdff$5342 ($dff) from module IMG_FILTER (D = \G_LANE[5].G_PAIR[12].pprod, Q = \pair_q[137]).
Adding EN signal on $procdff$5343 ($dff) from module IMG_FILTER (D = \G_LANE[5].G_PAIR[11].pprod, Q = \pair_q[136]).
Adding EN signal on $procdff$5344 ($dff) from module IMG_FILTER (D = \G_LANE[5].G_PAIR[10].pprod, Q = \pair_q[135]).
Adding EN signal on $procdff$5345 ($dff) from module IMG_FILTER (D = \G_LANE[5].G_PAIR[9].pprod, Q = \pair_q[134]).
Adding EN signal on $procdff$5346 ($dff) from module IMG_FILTER (D = \G_LANE[5].G_PAIR[8].pprod, Q = \pair_q[133]).
Adding EN signal on $procdff$5347 ($dff) from module IMG_FILTER (D = \G_LANE[5].G_PAIR[7].pprod, Q = \pair_q[132]).
Adding EN signal on $procdff$5348 ($dff) from module IMG_FILTER (D = \G_LANE[5].G_PAIR[6].pprod, Q = \pair_q[131]).
Adding EN signal on $procdff$5349 ($dff) from module IMG_FILTER (D = \G_LANE[5].G_PAIR[5].pprod, Q = \pair_q[130]).
Adding EN signal on $procdff$5350 ($dff) from module IMG_FILTER (D = \G_LANE[5].G_PAIR[4].pprod, Q = \pair_q[129]).
Adding EN signal on $procdff$5351 ($dff) from module IMG_FILTER (D = \G_LANE[5].G_PAIR[3].pprod, Q = \pair_q[128]).
Adding EN signal on $procdff$5352 ($dff) from module IMG_FILTER (D = \G_LANE[5].G_PAIR[2].pprod, Q = \pair_q[127]).
Adding EN signal on $procdff$5353 ($dff) from module IMG_FILTER (D = \G_LANE[5].G_PAIR[1].pprod, Q = \pair_q[126]).
Adding EN signal on $procdff$5354 ($dff) from module IMG_FILTER (D = \G_LANE[5].G_PAIR[0].pprod, Q = \pair_q[125]).
Adding EN signal on $procdff$5355 ($dff) from module IMG_FILTER (D = \G_LANE[4].G_PART[4].psum5, Q = \part_q[24]).
Adding EN signal on $procdff$5356 ($dff) from module IMG_FILTER (D = \G_LANE[4].G_PART[3].psum5, Q = \part_q[23]).
Adding EN signal on $procdff$5357 ($dff) from module IMG_FILTER (D = \G_LANE[4].G_PART[2].psum5, Q = \part_q[22]).
Adding EN signal on $procdff$5358 ($dff) from module IMG_FILTER (D = \G_LANE[4].G_PART[1].psum5, Q = \part_q[21]).
Adding EN signal on $procdff$5359 ($dff) from module IMG_FILTER (D = \G_LANE[4].G_PART[0].psum5, Q = \part_q[20]).
Adding EN signal on $procdff$5360 ($dff) from module IMG_FILTER (D = \G_LANE[4].G_PAIR[24].pprod, Q = \pair_q[124]).
Adding EN signal on $procdff$5361 ($dff) from module IMG_FILTER (D = \G_LANE[4].G_PAIR[23].pprod, Q = \pair_q[123]).
Adding EN signal on $procdff$5362 ($dff) from module IMG_FILTER (D = \G_LANE[4].G_PAIR[22].pprod, Q = \pair_q[122]).
Adding EN signal on $procdff$5363 ($dff) from module IMG_FILTER (D = \G_LANE[4].G_PAIR[21].pprod, Q = \pair_q[121]).
Adding EN signal on $procdff$5364 ($dff) from module IMG_FILTER (D = \G_LANE[4].G_PAIR[20].pprod, Q = \pair_q[120]).
Adding EN signal on $procdff$5365 ($dff) from module IMG_FILTER (D = \G_LANE[4].G_PAIR[19].pprod, Q = \pair_q[119]).
Adding EN signal on $procdff$5366 ($dff) from module IMG_FILTER (D = \G_LANE[4].G_PAIR[18].pprod, Q = \pair_q[118]).
Adding EN signal on $procdff$5367 ($dff) from module IMG_FILTER (D = \G_LANE[4].G_PAIR[17].pprod, Q = \pair_q[117]).
Adding EN signal on $procdff$5368 ($dff) from module IMG_FILTER (D = \G_LANE[4].G_PAIR[16].pprod, Q = \pair_q[116]).
Adding EN signal on $procdff$5369 ($dff) from module IMG_FILTER (D = \G_LANE[4].G_PAIR[15].pprod, Q = \pair_q[115]).
Adding EN signal on $procdff$5370 ($dff) from module IMG_FILTER (D = \G_LANE[4].G_PAIR[14].pprod, Q = \pair_q[114]).
Adding EN signal on $procdff$5371 ($dff) from module IMG_FILTER (D = \G_LANE[4].G_PAIR[13].pprod, Q = \pair_q[113]).
Adding EN signal on $procdff$5372 ($dff) from module IMG_FILTER (D = \G_LANE[4].G_PAIR[12].pprod, Q = \pair_q[112]).
Adding EN signal on $procdff$5373 ($dff) from module IMG_FILTER (D = \G_LANE[4].G_PAIR[11].pprod, Q = \pair_q[111]).
Adding EN signal on $procdff$5374 ($dff) from module IMG_FILTER (D = \G_LANE[4].G_PAIR[10].pprod, Q = \pair_q[110]).
Adding EN signal on $procdff$5375 ($dff) from module IMG_FILTER (D = \G_LANE[4].G_PAIR[9].pprod, Q = \pair_q[109]).
Adding EN signal on $procdff$5376 ($dff) from module IMG_FILTER (D = \G_LANE[4].G_PAIR[8].pprod, Q = \pair_q[108]).
Adding EN signal on $procdff$5377 ($dff) from module IMG_FILTER (D = \G_LANE[4].G_PAIR[7].pprod, Q = \pair_q[107]).
Adding EN signal on $procdff$5378 ($dff) from module IMG_FILTER (D = \G_LANE[4].G_PAIR[6].pprod, Q = \pair_q[106]).
Adding EN signal on $procdff$5379 ($dff) from module IMG_FILTER (D = \G_LANE[4].G_PAIR[5].pprod, Q = \pair_q[105]).
Adding EN signal on $procdff$5380 ($dff) from module IMG_FILTER (D = \G_LANE[4].G_PAIR[4].pprod, Q = \pair_q[104]).
Adding EN signal on $procdff$5381 ($dff) from module IMG_FILTER (D = \G_LANE[4].G_PAIR[3].pprod, Q = \pair_q[103]).
Adding EN signal on $procdff$5382 ($dff) from module IMG_FILTER (D = \G_LANE[4].G_PAIR[2].pprod, Q = \pair_q[102]).
Adding EN signal on $procdff$5383 ($dff) from module IMG_FILTER (D = \G_LANE[4].G_PAIR[1].pprod, Q = \pair_q[101]).
Adding EN signal on $procdff$5384 ($dff) from module IMG_FILTER (D = \G_LANE[4].G_PAIR[0].pprod, Q = \pair_q[100]).
Adding EN signal on $procdff$5385 ($dff) from module IMG_FILTER (D = \G_LANE[3].G_PART[4].psum5, Q = \part_q[19]).
Adding EN signal on $procdff$5386 ($dff) from module IMG_FILTER (D = \G_LANE[3].G_PART[3].psum5, Q = \part_q[18]).
Adding EN signal on $procdff$5387 ($dff) from module IMG_FILTER (D = \G_LANE[3].G_PART[2].psum5, Q = \part_q[17]).
Adding EN signal on $procdff$5388 ($dff) from module IMG_FILTER (D = \G_LANE[3].G_PART[1].psum5, Q = \part_q[16]).
Adding EN signal on $procdff$5389 ($dff) from module IMG_FILTER (D = \G_LANE[3].G_PART[0].psum5, Q = \part_q[15]).
Adding EN signal on $procdff$5390 ($dff) from module IMG_FILTER (D = \G_LANE[3].G_PAIR[24].pprod, Q = \pair_q[99]).
Adding EN signal on $procdff$5391 ($dff) from module IMG_FILTER (D = \G_LANE[3].G_PAIR[23].pprod, Q = \pair_q[98]).
Adding EN signal on $procdff$5392 ($dff) from module IMG_FILTER (D = \G_LANE[3].G_PAIR[22].pprod, Q = \pair_q[97]).
Adding EN signal on $procdff$5393 ($dff) from module IMG_FILTER (D = \G_LANE[3].G_PAIR[21].pprod, Q = \pair_q[96]).
Adding EN signal on $procdff$5394 ($dff) from module IMG_FILTER (D = \G_LANE[3].G_PAIR[20].pprod, Q = \pair_q[95]).
Adding EN signal on $procdff$5395 ($dff) from module IMG_FILTER (D = \G_LANE[3].G_PAIR[19].pprod, Q = \pair_q[94]).
Adding EN signal on $procdff$5396 ($dff) from module IMG_FILTER (D = \G_LANE[3].G_PAIR[18].pprod, Q = \pair_q[93]).
Adding EN signal on $procdff$5397 ($dff) from module IMG_FILTER (D = \G_LANE[3].G_PAIR[17].pprod, Q = \pair_q[92]).
Adding EN signal on $procdff$5398 ($dff) from module IMG_FILTER (D = \G_LANE[3].G_PAIR[16].pprod, Q = \pair_q[91]).
Adding EN signal on $procdff$5399 ($dff) from module IMG_FILTER (D = \G_LANE[3].G_PAIR[15].pprod, Q = \pair_q[90]).
Adding EN signal on $procdff$5400 ($dff) from module IMG_FILTER (D = \G_LANE[3].G_PAIR[14].pprod, Q = \pair_q[89]).
Adding EN signal on $procdff$5401 ($dff) from module IMG_FILTER (D = \G_LANE[3].G_PAIR[13].pprod, Q = \pair_q[88]).
Adding EN signal on $procdff$5402 ($dff) from module IMG_FILTER (D = \G_LANE[3].G_PAIR[12].pprod, Q = \pair_q[87]).
Adding EN signal on $procdff$5403 ($dff) from module IMG_FILTER (D = \G_LANE[3].G_PAIR[11].pprod, Q = \pair_q[86]).
Adding EN signal on $procdff$5404 ($dff) from module IMG_FILTER (D = \G_LANE[3].G_PAIR[10].pprod, Q = \pair_q[85]).
Adding EN signal on $procdff$5405 ($dff) from module IMG_FILTER (D = \G_LANE[3].G_PAIR[9].pprod, Q = \pair_q[84]).
Adding EN signal on $procdff$5406 ($dff) from module IMG_FILTER (D = \G_LANE[3].G_PAIR[8].pprod, Q = \pair_q[83]).
Adding EN signal on $procdff$5407 ($dff) from module IMG_FILTER (D = \G_LANE[3].G_PAIR[7].pprod, Q = \pair_q[82]).
Adding EN signal on $procdff$5408 ($dff) from module IMG_FILTER (D = \G_LANE[3].G_PAIR[6].pprod, Q = \pair_q[81]).
Adding EN signal on $procdff$5409 ($dff) from module IMG_FILTER (D = \G_LANE[3].G_PAIR[5].pprod, Q = \pair_q[80]).
Adding EN signal on $procdff$5410 ($dff) from module IMG_FILTER (D = \G_LANE[3].G_PAIR[4].pprod, Q = \pair_q[79]).
Adding EN signal on $procdff$5411 ($dff) from module IMG_FILTER (D = \G_LANE[3].G_PAIR[3].pprod, Q = \pair_q[78]).
Adding EN signal on $procdff$5412 ($dff) from module IMG_FILTER (D = \G_LANE[3].G_PAIR[2].pprod, Q = \pair_q[77]).
Adding EN signal on $procdff$5413 ($dff) from module IMG_FILTER (D = \G_LANE[3].G_PAIR[1].pprod, Q = \pair_q[76]).
Adding EN signal on $procdff$5414 ($dff) from module IMG_FILTER (D = \G_LANE[3].G_PAIR[0].pprod, Q = \pair_q[75]).
Adding EN signal on $procdff$5415 ($dff) from module IMG_FILTER (D = \G_LANE[2].G_PART[4].psum5, Q = \part_q[14]).
Adding EN signal on $procdff$5416 ($dff) from module IMG_FILTER (D = \G_LANE[2].G_PART[3].psum5, Q = \part_q[13]).
Adding EN signal on $procdff$5417 ($dff) from module IMG_FILTER (D = \G_LANE[2].G_PART[2].psum5, Q = \part_q[12]).
Adding EN signal on $procdff$5418 ($dff) from module IMG_FILTER (D = \G_LANE[2].G_PART[1].psum5, Q = \part_q[11]).
Adding EN signal on $procdff$5419 ($dff) from module IMG_FILTER (D = \G_LANE[2].G_PART[0].psum5, Q = \part_q[10]).
Adding EN signal on $procdff$5420 ($dff) from module IMG_FILTER (D = \G_LANE[2].G_PAIR[24].pprod, Q = \pair_q[74]).
Adding EN signal on $procdff$5421 ($dff) from module IMG_FILTER (D = \G_LANE[2].G_PAIR[23].pprod, Q = \pair_q[73]).
Adding EN signal on $procdff$5422 ($dff) from module IMG_FILTER (D = \G_LANE[2].G_PAIR[22].pprod, Q = \pair_q[72]).
Adding EN signal on $procdff$5423 ($dff) from module IMG_FILTER (D = \G_LANE[2].G_PAIR[21].pprod, Q = \pair_q[71]).
Adding EN signal on $procdff$5424 ($dff) from module IMG_FILTER (D = \G_LANE[2].G_PAIR[20].pprod, Q = \pair_q[70]).
Adding EN signal on $procdff$5425 ($dff) from module IMG_FILTER (D = \G_LANE[2].G_PAIR[19].pprod, Q = \pair_q[69]).
Adding EN signal on $procdff$5426 ($dff) from module IMG_FILTER (D = \G_LANE[2].G_PAIR[18].pprod, Q = \pair_q[68]).
Adding EN signal on $procdff$5427 ($dff) from module IMG_FILTER (D = \G_LANE[2].G_PAIR[17].pprod, Q = \pair_q[67]).
Adding EN signal on $procdff$5428 ($dff) from module IMG_FILTER (D = \G_LANE[2].G_PAIR[16].pprod, Q = \pair_q[66]).
Adding EN signal on $procdff$5429 ($dff) from module IMG_FILTER (D = \G_LANE[2].G_PAIR[15].pprod, Q = \pair_q[65]).
Adding EN signal on $procdff$5430 ($dff) from module IMG_FILTER (D = \G_LANE[2].G_PAIR[14].pprod, Q = \pair_q[64]).
Adding EN signal on $procdff$5431 ($dff) from module IMG_FILTER (D = \G_LANE[2].G_PAIR[13].pprod, Q = \pair_q[63]).
Adding EN signal on $procdff$5432 ($dff) from module IMG_FILTER (D = \G_LANE[2].G_PAIR[12].pprod, Q = \pair_q[62]).
Adding EN signal on $procdff$5433 ($dff) from module IMG_FILTER (D = \G_LANE[2].G_PAIR[11].pprod, Q = \pair_q[61]).
Adding EN signal on $procdff$5434 ($dff) from module IMG_FILTER (D = \G_LANE[2].G_PAIR[10].pprod, Q = \pair_q[60]).
Adding EN signal on $procdff$5435 ($dff) from module IMG_FILTER (D = \G_LANE[2].G_PAIR[9].pprod, Q = \pair_q[59]).
Adding EN signal on $procdff$5436 ($dff) from module IMG_FILTER (D = \G_LANE[2].G_PAIR[8].pprod, Q = \pair_q[58]).
Adding EN signal on $procdff$5437 ($dff) from module IMG_FILTER (D = \G_LANE[2].G_PAIR[7].pprod, Q = \pair_q[57]).
Adding EN signal on $procdff$5438 ($dff) from module IMG_FILTER (D = \G_LANE[2].G_PAIR[6].pprod, Q = \pair_q[56]).
Adding EN signal on $procdff$5439 ($dff) from module IMG_FILTER (D = \G_LANE[2].G_PAIR[5].pprod, Q = \pair_q[55]).
Adding EN signal on $procdff$5440 ($dff) from module IMG_FILTER (D = \G_LANE[2].G_PAIR[4].pprod, Q = \pair_q[54]).
Adding EN signal on $procdff$5441 ($dff) from module IMG_FILTER (D = \G_LANE[2].G_PAIR[3].pprod, Q = \pair_q[53]).
Adding EN signal on $procdff$5442 ($dff) from module IMG_FILTER (D = \G_LANE[2].G_PAIR[2].pprod, Q = \pair_q[52]).
Adding EN signal on $procdff$5443 ($dff) from module IMG_FILTER (D = \G_LANE[2].G_PAIR[1].pprod, Q = \pair_q[51]).
Adding EN signal on $procdff$5444 ($dff) from module IMG_FILTER (D = \G_LANE[2].G_PAIR[0].pprod, Q = \pair_q[50]).
Adding EN signal on $procdff$5445 ($dff) from module IMG_FILTER (D = \G_LANE[1].G_PART[4].psum5, Q = \part_q[9]).
Adding EN signal on $procdff$5446 ($dff) from module IMG_FILTER (D = \G_LANE[1].G_PART[3].psum5, Q = \part_q[8]).
Adding EN signal on $procdff$5447 ($dff) from module IMG_FILTER (D = \G_LANE[1].G_PART[2].psum5, Q = \part_q[7]).
Adding EN signal on $procdff$5448 ($dff) from module IMG_FILTER (D = \G_LANE[1].G_PART[1].psum5, Q = \part_q[6]).
Adding EN signal on $procdff$5449 ($dff) from module IMG_FILTER (D = \G_LANE[1].G_PART[0].psum5, Q = \part_q[5]).
Adding EN signal on $procdff$5450 ($dff) from module IMG_FILTER (D = \G_LANE[1].G_PAIR[24].pprod, Q = \pair_q[49]).
Adding EN signal on $procdff$5451 ($dff) from module IMG_FILTER (D = \G_LANE[1].G_PAIR[23].pprod, Q = \pair_q[48]).
Adding EN signal on $procdff$5452 ($dff) from module IMG_FILTER (D = \G_LANE[1].G_PAIR[22].pprod, Q = \pair_q[47]).
Adding EN signal on $procdff$5453 ($dff) from module IMG_FILTER (D = \G_LANE[1].G_PAIR[21].pprod, Q = \pair_q[46]).
Adding EN signal on $procdff$5454 ($dff) from module IMG_FILTER (D = \G_LANE[1].G_PAIR[20].pprod, Q = \pair_q[45]).
Adding EN signal on $procdff$5455 ($dff) from module IMG_FILTER (D = \G_LANE[1].G_PAIR[19].pprod, Q = \pair_q[44]).
Adding EN signal on $procdff$5456 ($dff) from module IMG_FILTER (D = \G_LANE[1].G_PAIR[18].pprod, Q = \pair_q[43]).
Adding EN signal on $procdff$5457 ($dff) from module IMG_FILTER (D = \G_LANE[1].G_PAIR[17].pprod, Q = \pair_q[42]).
Adding EN signal on $procdff$5458 ($dff) from module IMG_FILTER (D = \G_LANE[1].G_PAIR[16].pprod, Q = \pair_q[41]).
Adding EN signal on $procdff$5459 ($dff) from module IMG_FILTER (D = \G_LANE[1].G_PAIR[15].pprod, Q = \pair_q[40]).
Adding EN signal on $procdff$5460 ($dff) from module IMG_FILTER (D = \G_LANE[1].G_PAIR[14].pprod, Q = \pair_q[39]).
Adding EN signal on $procdff$5461 ($dff) from module IMG_FILTER (D = \G_LANE[1].G_PAIR[13].pprod, Q = \pair_q[38]).
Adding EN signal on $procdff$5462 ($dff) from module IMG_FILTER (D = \G_LANE[1].G_PAIR[12].pprod, Q = \pair_q[37]).
Adding EN signal on $procdff$5463 ($dff) from module IMG_FILTER (D = \G_LANE[1].G_PAIR[11].pprod, Q = \pair_q[36]).
Adding EN signal on $procdff$5464 ($dff) from module IMG_FILTER (D = \G_LANE[1].G_PAIR[10].pprod, Q = \pair_q[35]).
Adding EN signal on $procdff$5465 ($dff) from module IMG_FILTER (D = \G_LANE[1].G_PAIR[9].pprod, Q = \pair_q[34]).
Adding EN signal on $procdff$5466 ($dff) from module IMG_FILTER (D = \G_LANE[1].G_PAIR[8].pprod, Q = \pair_q[33]).
Adding EN signal on $procdff$5467 ($dff) from module IMG_FILTER (D = \G_LANE[1].G_PAIR[7].pprod, Q = \pair_q[32]).
Adding EN signal on $procdff$5468 ($dff) from module IMG_FILTER (D = \G_LANE[1].G_PAIR[6].pprod, Q = \pair_q[31]).
Adding EN signal on $procdff$5469 ($dff) from module IMG_FILTER (D = \G_LANE[1].G_PAIR[5].pprod, Q = \pair_q[30]).
Adding EN signal on $procdff$5470 ($dff) from module IMG_FILTER (D = \G_LANE[1].G_PAIR[4].pprod, Q = \pair_q[29]).
Adding EN signal on $procdff$5471 ($dff) from module IMG_FILTER (D = \G_LANE[1].G_PAIR[3].pprod, Q = \pair_q[28]).
Adding EN signal on $procdff$5472 ($dff) from module IMG_FILTER (D = \G_LANE[1].G_PAIR[2].pprod, Q = \pair_q[27]).
Adding EN signal on $procdff$5473 ($dff) from module IMG_FILTER (D = \G_LANE[1].G_PAIR[1].pprod, Q = \pair_q[26]).
Adding EN signal on $procdff$5474 ($dff) from module IMG_FILTER (D = \G_LANE[1].G_PAIR[0].pprod, Q = \pair_q[25]).
Adding EN signal on $procdff$5475 ($dff) from module IMG_FILTER (D = \G_LANE[0].G_PART[4].psum5, Q = \part_q[4]).
Adding EN signal on $procdff$5476 ($dff) from module IMG_FILTER (D = \G_LANE[0].G_PART[3].psum5, Q = \part_q[3]).
Adding EN signal on $procdff$5477 ($dff) from module IMG_FILTER (D = \G_LANE[0].G_PART[2].psum5, Q = \part_q[2]).
Adding EN signal on $procdff$5478 ($dff) from module IMG_FILTER (D = \G_LANE[0].G_PART[1].psum5, Q = \part_q[1]).
Adding EN signal on $procdff$5479 ($dff) from module IMG_FILTER (D = \G_LANE[0].G_PART[0].psum5, Q = \part_q[0]).
Adding EN signal on $procdff$5480 ($dff) from module IMG_FILTER (D = \G_LANE[0].G_PAIR[24].pprod, Q = \pair_q[24]).
Adding EN signal on $procdff$5481 ($dff) from module IMG_FILTER (D = \G_LANE[0].G_PAIR[23].pprod, Q = \pair_q[23]).
Adding EN signal on $procdff$5482 ($dff) from module IMG_FILTER (D = \G_LANE[0].G_PAIR[22].pprod, Q = \pair_q[22]).
Adding EN signal on $procdff$5483 ($dff) from module IMG_FILTER (D = \G_LANE[0].G_PAIR[21].pprod, Q = \pair_q[21]).
Adding EN signal on $procdff$5484 ($dff) from module IMG_FILTER (D = \G_LANE[0].G_PAIR[20].pprod, Q = \pair_q[20]).
Adding EN signal on $procdff$5485 ($dff) from module IMG_FILTER (D = \G_LANE[0].G_PAIR[19].pprod, Q = \pair_q[19]).
Adding EN signal on $procdff$5486 ($dff) from module IMG_FILTER (D = \G_LANE[0].G_PAIR[18].pprod, Q = \pair_q[18]).
Adding EN signal on $procdff$5487 ($dff) from module IMG_FILTER (D = \G_LANE[0].G_PAIR[17].pprod, Q = \pair_q[17]).
Adding EN signal on $procdff$5488 ($dff) from module IMG_FILTER (D = \G_LANE[0].G_PAIR[16].pprod, Q = \pair_q[16]).
Adding EN signal on $procdff$5489 ($dff) from module IMG_FILTER (D = \G_LANE[0].G_PAIR[15].pprod, Q = \pair_q[15]).
Adding EN signal on $procdff$5490 ($dff) from module IMG_FILTER (D = \G_LANE[0].G_PAIR[14].pprod, Q = \pair_q[14]).
Adding EN signal on $procdff$5491 ($dff) from module IMG_FILTER (D = \G_LANE[0].G_PAIR[13].pprod, Q = \pair_q[13]).
Adding EN signal on $procdff$5492 ($dff) from module IMG_FILTER (D = \G_LANE[0].G_PAIR[12].pprod, Q = \pair_q[12]).
Adding EN signal on $procdff$5493 ($dff) from module IMG_FILTER (D = \G_LANE[0].G_PAIR[11].pprod, Q = \pair_q[11]).
Adding EN signal on $procdff$5494 ($dff) from module IMG_FILTER (D = \G_LANE[0].G_PAIR[10].pprod, Q = \pair_q[10]).
Adding EN signal on $procdff$5495 ($dff) from module IMG_FILTER (D = \G_LANE[0].G_PAIR[9].pprod, Q = \pair_q[9]).
Adding EN signal on $procdff$5496 ($dff) from module IMG_FILTER (D = \G_LANE[0].G_PAIR[8].pprod, Q = \pair_q[8]).
Adding EN signal on $procdff$5497 ($dff) from module IMG_FILTER (D = \G_LANE[0].G_PAIR[7].pprod, Q = \pair_q[7]).
Adding EN signal on $procdff$5498 ($dff) from module IMG_FILTER (D = \G_LANE[0].G_PAIR[6].pprod, Q = \pair_q[6]).
Adding EN signal on $procdff$5499 ($dff) from module IMG_FILTER (D = \G_LANE[0].G_PAIR[5].pprod, Q = \pair_q[5]).
Adding EN signal on $procdff$5500 ($dff) from module IMG_FILTER (D = \G_LANE[0].G_PAIR[4].pprod, Q = \pair_q[4]).
Adding EN signal on $procdff$5501 ($dff) from module IMG_FILTER (D = \G_LANE[0].G_PAIR[3].pprod, Q = \pair_q[3]).
Adding EN signal on $procdff$5502 ($dff) from module IMG_FILTER (D = \G_LANE[0].G_PAIR[2].pprod, Q = \pair_q[2]).
Adding EN signal on $procdff$5503 ($dff) from module IMG_FILTER (D = \G_LANE[0].G_PAIR[1].pprod, Q = \pair_q[1]).
Adding EN signal on $procdff$5504 ($dff) from module IMG_FILTER (D = \G_LANE[0].G_PAIR[0].pprod, Q = \pair_q[0]).
Adding EN signal on $procdff$5588 ($adff) from module IMG_FILTER (D = $ternary$rtl/img_filter.v:496$285_Y, Q = \in_data_q).
Adding EN signal on $procdff$5813 ($adff) from module IMG_FILTER (D = \img_width [10:2], Q = \nbm1_q).
Adding EN signal on $procdff$5509 ($adff) from module IMG_FILTER (D = $ternary$rtl/img_filter.v:676$317_Y, Q = \out_pix_data).
Adding EN signal on $procdff$5556 ($adff) from module IMG_FILTER (D = \out_d2, Q = \out_d3).
Adding EN signal on $procdff$5728 ($adff) from module IMG_FILTER (D = $ternary$rtl/img_filter.v:191$86_Y, Q = \a_sym[9]).
Adding EN signal on $procdff$5514 ($adff) from module IMG_FILTER (D = \result, Q = \oskid_d).
Adding EN signal on $procdff$5568 ($adff) from module IMG_FILTER (D = $ternary$rtl/img_filter.v:515$290_Y, Q = \m_ce).
Adding EN signal on $procdff$5627 ($dff) from module IMG_FILTER (D = \ce_fut, Q = \ce_cur).
Adding EN signal on $procdff$5519 ($adff) from module IMG_FILTER (D = $0\out_v_q[0:0], Q = \out_v_q).
Adding SRST signal on $procdff$5638 ($dff) from module IMG_FILTER (D = \coef_q [7:0], Q = \cbp_mid_q, rval = 8'00000000).
Adding EN signal on $procdff$5793 ($adff) from module IMG_FILTER (D = $ternary$rtl/img_filter.v:191$164_Y, Q = \a_sym[22]).
Adding EN signal on $procdff$5524 ($adff) from module IMG_FILTER (D = $0\oskid_v[0:0], Q = \oskid_v).
Adding EN signal on $procdff$5525 ($dff) from module IMG_FILTER (D = \mem_rdata, Q = \rdata_q).
Adding EN signal on $procdff$5526 ($dff) from module IMG_FILTER (D = \m_c, Q = \c_d1).
Adding EN signal on $procdff$5527 ($dff) from module IMG_FILTER (D = \c_d1, Q = \c_d2).
Adding EN signal on $procdff$5528 ($dff) from module IMG_FILTER (D = \m_cbp, Q = \cbp_d1).
Adding EN signal on $procdff$5529 ($dff) from module IMG_FILTER (D = \cbp_d1, Q = \cbp_d2).
Adding EN signal on $procdff$5530 ($dff) from module IMG_FILTER (D = \in_data_q, Q = \byp_d1).
Adding EN signal on $procdff$5531 ($dff) from module IMG_FILTER (D = \byp_d1, Q = \byp_d2).

8. Executing OPT_CLEAN pass (remove unused cells and wires).
Finding unused cells or wires in module \IMG_FILTER..
Removed 542 unused cells and 542 unused wires.
<suppressed ~544 debug messages>

9. Executing JSON backend.

Warnings: 3 unique messages, 3 total
End of script. Logfile hash: 1b8c2ece5b, time: 1.92s, user: 1.08s, system: 0.19s, MEM: 113.40 MB peak
Yosys 0.68+ (git sha1 a5af9d690, Release, GNU /usr/bin/c++ 11.4.0) [github.com/The-OpenROAD-Project/yosys at HEAD]
Time spent: 29% 2x opt_clean (0 sec), 22% 3x read_verilog (0 sec), ...
