
 /----------------------------------------------------------------------------\
 |  yosys -- Yosys Open SYnthesis Suite                                       |
 |  Copyright (C) 2012 - 2026  Claire Xenia Wolf <claire@yosyshq.com>         |
 |  Distributed under an ISC-like license, type "license" to see terms        |
 \----------------------------------------------------------------------------/
 Yosys 0.68+ (git sha1 a5af9d690, Release, GNU /usr/bin/c++ 11.4.0) [github.com/The-OpenROAD-Project/yosys at HEAD]

-- Executing script file `scripts/synth_check.ys' --

1. Executing Verilog-2005 frontend: rtl/img_filter_def.v
Parsing Verilog input from `rtl/img_filter_def.v' to AST representation.
Successfully finished Verilog frontend.

2. Executing Verilog-2005 frontend: rtl/img_filter.v
Parsing Verilog input from `rtl/img_filter.v' to AST representation.
Generating RTLIL representation for module `\IMG_FILTER'.
Warning: Replacing memory \part_q with list of registers. See rtl/img_filter.v:628
Warning: Replacing memory \pair_q with list of registers. See rtl/img_filter.v:618
Warning: Replacing memory \a_sym with list of registers. See rtl/img_filter.v:188
Successfully finished Verilog frontend.

3. Executing HIERARCHY pass (managing design hierarchy).

3.1. Analyzing design hierarchy..
Top module:  \IMG_FILTER

3.2. Analyzing design hierarchy..
Top module:  \IMG_FILTER
Removed 0 unused modules.

4. Executing PROC pass (convert processes to netlists).

4.1. Executing PROC_CLEAN pass (remove empty switches from decision trees).
Cleaned up 0 empty switches.

4.2. Executing PROC_RMDEAD pass (remove dead branches from decision trees).
Marked 1 switch rules as full_case in process $proc$rtl/img_filter.v:669$313 in module IMG_FILTER.
Marked 2 switch rules as full_case in process $proc$rtl/img_filter.v:652$307 in module IMG_FILTER.
Marked 1 switch rules as full_case in process $proc$rtl/img_filter.v:549$300 in module IMG_FILTER.
Marked 1 switch rules as full_case in process $proc$rtl/img_filter.v:508$287 in module IMG_FILTER.
Marked 1 switch rules as full_case in process $proc$rtl/img_filter.v:494$283 in module IMG_FILTER.
Marked 1 switch rules as full_case in process $proc$rtl/img_filter.v:487$282 in module IMG_FILTER.
Marked 2 switch rules as full_case in process $proc$rtl/img_filter.v:474$276 in module IMG_FILTER.
Marked 3 switch rules as full_case in process $proc$rtl/img_filter.v:439$264 in module IMG_FILTER.
Marked 5 switch rules as full_case in process $proc$rtl/img_filter.v:267$222 in module IMG_FILTER.
Marked 1 switch rules as full_case in process $proc$rtl/img_filter.v:197$177 in module IMG_FILTER.
Marked 2 switch rules as full_case in process $proc$rtl/img_filter.v:186$24 in module IMG_FILTER.
Marked 1 switch rules as full_case in process $proc$rtl/img_filter.v:157$20 in module IMG_FILTER.
Removed a total of 0 dead cases.

4.3. Executing PROC_PRUNE pass (remove redundant assignments in processes).
Removed 2 redundant assignments.
Promoted 183 assignments to connections.

4.4. Executing PROC_INIT pass (extract init attributes).

4.5. Executing PROC_ARST pass (detect async resets in processes).
Found async reset \rst_n in `\IMG_FILTER.$proc$rtl/img_filter.v:669$313'.
Found async reset \rst_n in `\IMG_FILTER.$proc$rtl/img_filter.v:652$307'.
Found async reset \rst_n in `\IMG_FILTER.$proc$rtl/img_filter.v:549$300'.
Found async reset \rst_n in `\IMG_FILTER.$proc$rtl/img_filter.v:508$287'.
Found async reset \rst_n in `\IMG_FILTER.$proc$rtl/img_filter.v:494$283'.
Found async reset \rst_n in `\IMG_FILTER.$proc$rtl/img_filter.v:474$276'.
Found async reset \rst_n in `\IMG_FILTER.$proc$rtl/img_filter.v:439$264'.
Found async reset \rst_n in `\IMG_FILTER.$proc$rtl/img_filter.v:267$222'.
Found async reset \rst_n in `\IMG_FILTER.$proc$rtl/img_filter.v:197$177'.
Found async reset \rst_n in `\IMG_FILTER.$proc$rtl/img_filter.v:186$24'.
Found async reset \rst_n in `\IMG_FILTER.$proc$rtl/img_filter.v:157$20'.

4.6. Executing PROC_ROM pass (convert switches to ROMs).
Converted 0 switches.
<suppressed ~525 debug messages>

4.7. Executing PROC_MUX pass (convert decision trees to multiplexers).
Creating decoders for process `\IMG_FILTER.$proc$rtl/img_filter.v:635$3749'.
Creating decoders for process `\IMG_FILTER.$proc$rtl/img_filter.v:631$3744'.
Creating decoders for process `\IMG_FILTER.$proc$rtl/img_filter.v:635$3743'.
Creating decoders for process `\IMG_FILTER.$proc$rtl/img_filter.v:631$3738'.
Creating decoders for process `\IMG_FILTER.$proc$rtl/img_filter.v:635$3737'.
Creating decoders for process `\IMG_FILTER.$proc$rtl/img_filter.v:631$3732'.
Creating decoders for process `\IMG_FILTER.$proc$rtl/img_filter.v:635$3731'.
Creating decoders for process `\IMG_FILTER.$proc$rtl/img_filter.v:631$3726'.
Creating decoders for process `\IMG_FILTER.$proc$rtl/img_filter.v:635$3725'.
Creating decoders for process `\IMG_FILTER.$proc$rtl/img_filter.v:631$3720'.
Creating decoders for process `\IMG_FILTER.$proc$rtl/img_filter.v:635$3719'.
Creating decoders for process `\IMG_FILTER.$proc$rtl/img_filter.v:631$3714'.
Creating decoders for process `\IMG_FILTER.$proc$rtl/img_filter.v:635$3713'.
Creating decoders for process `\IMG_FILTER.$proc$rtl/img_filter.v:631$3708'.
Creating decoders for process `\IMG_FILTER.$proc$rtl/img_filter.v:635$3707'.
Creating decoders for process `\IMG_FILTER.$proc$rtl/img_filter.v:631$3702'.
Creating decoders for process `\IMG_FILTER.$proc$rtl/img_filter.v:635$3701'.
Creating decoders for process `\IMG_FILTER.$proc$rtl/img_filter.v:631$3696'.
Creating decoders for process `\IMG_FILTER.$proc$rtl/img_filter.v:635$3695'.
Creating decoders for process `\IMG_FILTER.$proc$rtl/img_filter.v:631$3690'.
Creating decoders for process `\IMG_FILTER.$proc$rtl/img_filter.v:635$3689'.
Creating decoders for process `\IMG_FILTER.$proc$rtl/img_filter.v:631$3684'.
Creating decoders for process `\IMG_FILTER.$proc$rtl/img_filter.v:635$3683'.
Creating decoders for process `\IMG_FILTER.$proc$rtl/img_filter.v:631$3678'.
Creating decoders for process `\IMG_FILTER.$proc$rtl/img_filter.v:635$3677'.
Creating decoders for process `\IMG_FILTER.$proc$rtl/img_filter.v:631$3672'.
Creating decoders for process `\IMG_FILTER.$proc$rtl/img_filter.v:635$3671'.
Creating decoders for process `\IMG_FILTER.$proc$rtl/img_filter.v:631$3666'.
Creating decoders for process `\IMG_FILTER.$proc$rtl/img_filter.v:635$3665'.
Creating decoders for process `\IMG_FILTER.$proc$rtl/img_filter.v:631$3660'.
Creating decoders for process `\IMG_FILTER.$proc$rtl/img_filter.v:635$3659'.
Creating decoders for process `\IMG_FILTER.$proc$rtl/img_filter.v:631$3654'.
Creating decoders for process `\IMG_FILTER.$proc$rtl/img_filter.v:627$3649'.
     1/1: $0\part_q[79][19:0]
Creating decoders for process `\IMG_FILTER.$proc$rtl/img_filter.v:627$3643'.
     1/1: $0\part_q[78][19:0]
Creating decoders for process `\IMG_FILTER.$proc$rtl/img_filter.v:627$3637'.
     1/1: $0\part_q[77][19:0]
Creating decoders for process `\IMG_FILTER.$proc$rtl/img_filter.v:627$3631'.
     1/1: $0\part_q[76][19:0]
Creating decoders for process `\IMG_FILTER.$proc$rtl/img_filter.v:627$3625'.
     1/1: $0\part_q[75][19:0]
Creating decoders for process `\IMG_FILTER.$proc$rtl/img_filter.v:617$3619'.
     1/1: $0\pair_q[399][19:0]
Creating decoders for process `\IMG_FILTER.$proc$rtl/img_filter.v:617$3614'.
     1/1: $0\pair_q[398][19:0]
Creating decoders for process `\IMG_FILTER.$proc$rtl/img_filter.v:617$3609'.
     1/1: $0\pair_q[397][19:0]
Creating decoders for process `\IMG_FILTER.$proc$rtl/img_filter.v:617$3604'.
     1/1: $0\pair_q[396][19:0]
Creating decoders for process `\IMG_FILTER.$proc$rtl/img_filter.v:617$3599'.
     1/1: $0\pair_q[395][19:0]
Creating decoders for process `\IMG_FILTER.$proc$rtl/img_filter.v:617$3594'.
     1/1: $0\pair_q[394][19:0]
Creating decoders for process `\IMG_FILTER.$proc$rtl/img_filter.v:617$3589'.
     1/1: $0\pair_q[393][19:0]
Creating decoders for process `\IMG_FILTER.$proc$rtl/img_filter.v:617$3584'.
     1/1: $0\pair_q[392][19:0]
Creating decoders for process `\IMG_FILTER.$proc$rtl/img_filter.v:617$3579'.
     1/1: $0\pair_q[391][19:0]
Creating decoders for process `\IMG_FILTER.$proc$rtl/img_filter.v:617$3574'.
     1/1: $0\pair_q[390][19:0]
Creating decoders for process `\IMG_FILTER.$proc$rtl/img_filter.v:617$3569'.
     1/1: $0\pair_q[389][19:0]
Creating decoders for process `\IMG_FILTER.$proc$rtl/img_filter.v:617$3564'.
     1/1: $0\pair_q[388][19:0]
Creating decoders for process `\IMG_FILTER.$proc$rtl/img_filter.v:617$3559'.
     1/1: $0\pair_q[387][19:0]
Creating decoders for process `\IMG_FILTER.$proc$rtl/img_filter.v:617$3554'.
     1/1: $0\pair_q[386][19:0]
Creating decoders for process `\IMG_FILTER.$proc$rtl/img_filter.v:617$3549'.
     1/1: $0\pair_q[385][19:0]
Creating decoders for process `\IMG_FILTER.$proc$rtl/img_filter.v:617$3544'.
     1/1: $0\pair_q[384][19:0]
Creating decoders for process `\IMG_FILTER.$proc$rtl/img_filter.v:617$3539'.
     1/1: $0\pair_q[383][19:0]
Creating decoders for process `\IMG_FILTER.$proc$rtl/img_filter.v:617$3534'.
     1/1: $0\pair_q[382][19:0]
Creating decoders for process `\IMG_FILTER.$proc$rtl/img_filter.v:617$3529'.
     1/1: $0\pair_q[381][19:0]
Creating decoders for process `\IMG_FILTER.$proc$rtl/img_filter.v:617$3524'.
     1/1: $0\pair_q[380][19:0]
Creating decoders for process `\IMG_FILTER.$proc$rtl/img_filter.v:617$3519'.
     1/1: $0\pair_q[379][19:0]
Creating decoders for process `\IMG_FILTER.$proc$rtl/img_filter.v:617$3514'.
     1/1: $0\pair_q[378][19:0]
Creating decoders for process `\IMG_FILTER.$proc$rtl/img_filter.v:617$3509'.
     1/1: $0\pair_q[377][19:0]
Creating decoders for process `\IMG_FILTER.$proc$rtl/img_filter.v:617$3504'.
     1/1: $0\pair_q[376][19:0]
Creating decoders for process `\IMG_FILTER.$proc$rtl/img_filter.v:617$3499'.
     1/1: $0\pair_q[375][19:0]
Creating decoders for process `\IMG_FILTER.$proc$rtl/img_filter.v:627$3491'.
     1/1: $0\part_q[74][19:0]
Creating decoders for process `\IMG_FILTER.$proc$rtl/img_filter.v:627$3485'.
     1/1: $0\part_q[73][19:0]
Creating decoders for process `\IMG_FILTER.$proc$rtl/img_filter.v:627$3479'.
     1/1: $0\part_q[72][19:0]
Creating decoders for process `\IMG_FILTER.$proc$rtl/img_filter.v:627$3473'.
     1/1: $0\part_q[71][19:0]
Creating decoders for process `\IMG_FILTER.$proc$rtl/img_filter.v:627$3467'.
     1/1: $0\part_q[70][19:0]
Creating decoders for process `\IMG_FILTER.$proc$rtl/img_filter.v:617$3461'.
     1/1: $0\pair_q[374][19:0]
Creating decoders for process `\IMG_FILTER.$proc$rtl/img_filter.v:617$3456'.
     1/1: $0\pair_q[373][19:0]
Creating decoders for process `\IMG_FILTER.$proc$rtl/img_filter.v:617$3451'.
     1/1: $0\pair_q[372][19:0]
Creating decoders for process `\IMG_FILTER.$proc$rtl/img_filter.v:617$3446'.
     1/1: $0\pair_q[371][19:0]
Creating decoders for process `\IMG_FILTER.$proc$rtl/img_filter.v:617$3441'.
     1/1: $0\pair_q[370][19:0]
Creating decoders for process `\IMG_FILTER.$proc$rtl/img_filter.v:617$3436'.
     1/1: $0\pair_q[369][19:0]
Creating decoders for process `\IMG_FILTER.$proc$rtl/img_filter.v:617$3431'.
     1/1: $0\pair_q[368][19:0]
Creating decoders for process `\IMG_FILTER.$proc$rtl/img_filter.v:617$3426'.
     1/1: $0\pair_q[367][19:0]
Creating decoders for process `\IMG_FILTER.$proc$rtl/img_filter.v:617$3421'.
     1/1: $0\pair_q[366][19:0]
Creating decoders for process `\IMG_FILTER.$proc$rtl/img_filter.v:617$3416'.
     1/1: $0\pair_q[365][19:0]
Creating decoders for process `\IMG_FILTER.$proc$rtl/img_filter.v:617$3411'.
     1/1: $0\pair_q[364][19:0]
Creating decoders for process `\IMG_FILTER.$proc$rtl/img_filter.v:617$3406'.
     1/1: $0\pair_q[363][19:0]
Creating decoders for process `\IMG_FILTER.$proc$rtl/img_filter.v:617$3401'.
     1/1: $0\pair_q[362][19:0]
Creating decoders for process `\IMG_FILTER.$proc$rtl/img_filter.v:617$3396'.
     1/1: $0\pair_q[361][19:0]
Creating decoders for process `\IMG_FILTER.$proc$rtl/img_filter.v:617$3391'.
     1/1: $0\pair_q[360][19:0]
Creating decoders for process `\IMG_FILTER.$proc$rtl/img_filter.v:617$3386'.
     1/1: $0\pair_q[359][19:0]
Creating decoders for process `\IMG_FILTER.$proc$rtl/img_filter.v:617$3381'.
     1/1: $0\pair_q[358][19:0]
Creating decoders for process `\IMG_FILTER.$proc$rtl/img_filter.v:617$3376'.
     1/1: $0\pair_q[357][19:0]
Creating decoders for process `\IMG_FILTER.$proc$rtl/img_filter.v:617$3371'.
     1/1: $0\pair_q[356][19:0]
Creating decoders for process `\IMG_FILTER.$proc$rtl/img_filter.v:617$3366'.
     1/1: $0\pair_q[355][19:0]
Creating decoders for process `\IMG_FILTER.$proc$rtl/img_filter.v:617$3361'.
     1/1: $0\pair_q[354][19:0]
Creating decoders for process `\IMG_FILTER.$proc$rtl/img_filter.v:617$3356'.
     1/1: $0\pair_q[353][19:0]
Creating decoders for process `\IMG_FILTER.$proc$rtl/img_filter.v:617$3351'.
     1/1: $0\pair_q[352][19:0]
Creating decoders for process `\IMG_FILTER.$proc$rtl/img_filter.v:617$3346'.
     1/1: $0\pair_q[351][19:0]
Creating decoders for process `\IMG_FILTER.$proc$rtl/img_filter.v:617$3341'.
     1/1: $0\pair_q[350][19:0]
Creating decoders for process `\IMG_FILTER.$proc$rtl/img_filter.v:627$3333'.
     1/1: $0\part_q[69][19:0]
Creating decoders for process `\IMG_FILTER.$proc$rtl/img_filter.v:627$3327'.
     1/1: $0\part_q[68][19:0]
Creating decoders for process `\IMG_FILTER.$proc$rtl/img_filter.v:627$3321'.
     1/1: $0\part_q[67][19:0]
Creating decoders for process `\IMG_FILTER.$proc$rtl/img_filter.v:627$3315'.
     1/1: $0\part_q[66][19:0]
Creating decoders for process `\IMG_FILTER.$proc$rtl/img_filter.v:627$3309'.
     1/1: $0\part_q[65][19:0]
Creating decoders for process `\IMG_FILTER.$proc$rtl/img_filter.v:617$3303'.
     1/1: $0\pair_q[349][19:0]
Creating decoders for process `\IMG_FILTER.$proc$rtl/img_filter.v:617$3298'.
     1/1: $0\pair_q[348][19:0]
Creating decoders for process `\IMG_FILTER.$proc$rtl/img_filter.v:617$3293'.
     1/1: $0\pair_q[347][19:0]
Creating decoders for process `\IMG_FILTER.$proc$rtl/img_filter.v:617$3288'.
     1/1: $0\pair_q[346][19:0]
Creating decoders for process `\IMG_FILTER.$proc$rtl/img_filter.v:617$3283'.
     1/1: $0\pair_q[345][19:0]
Creating decoders for process `\IMG_FILTER.$proc$rtl/img_filter.v:617$3278'.
     1/1: $0\pair_q[344][19:0]
Creating decoders for process `\IMG_FILTER.$proc$rtl/img_filter.v:617$3273'.
     1/1: $0\pair_q[343][19:0]
Creating decoders for process `\IMG_FILTER.$proc$rtl/img_filter.v:617$3268'.
     1/1: $0\pair_q[342][19:0]
Creating decoders for process `\IMG_FILTER.$proc$rtl/img_filter.v:617$3263'.
     1/1: $0\pair_q[341][19:0]
Creating decoders for process `\IMG_FILTER.$proc$rtl/img_filter.v:617$3258'.
     1/1: $0\pair_q[340][19:0]
Creating decoders for process `\IMG_FILTER.$proc$rtl/img_filter.v:617$3253'.
     1/1: $0\pair_q[339][19:0]
Creating decoders for process `\IMG_FILTER.$proc$rtl/img_filter.v:617$3248'.
     1/1: $0\pair_q[338][19:0]
Creating decoders for process `\IMG_FILTER.$proc$rtl/img_filter.v:617$3243'.
     1/1: $0\pair_q[337][19:0]
Creating decoders for process `\IMG_FILTER.$proc$rtl/img_filter.v:617$3238'.
     1/1: $0\pair_q[336][19:0]
Creating decoders for process `\IMG_FILTER.$proc$rtl/img_filter.v:617$3233'.
     1/1: $0\pair_q[335][19:0]
Creating decoders for process `\IMG_FILTER.$proc$rtl/img_filter.v:617$3228'.
     1/1: $0\pair_q[334][19:0]
Creating decoders for process `\IMG_FILTER.$proc$rtl/img_filter.v:617$3223'.
     1/1: $0\pair_q[333][19:0]
Creating decoders for process `\IMG_FILTER.$proc$rtl/img_filter.v:617$3218'.
     1/1: $0\pair_q[332][19:0]
Creating decoders for process `\IMG_FILTER.$proc$rtl/img_filter.v:617$3213'.
     1/1: $0\pair_q[331][19:0]
Creating decoders for process `\IMG_FILTER.$proc$rtl/img_filter.v:617$3208'.
     1/1: $0\pair_q[330][19:0]
Creating decoders for process `\IMG_FILTER.$proc$rtl/img_filter.v:617$3203'.
     1/1: $0\pair_q[329][19:0]
Creating decoders for process `\IMG_FILTER.$proc$rtl/img_filter.v:617$3198'.
     1/1: $0\pair_q[328][19:0]
Creating decoders for process `\IMG_FILTER.$proc$rtl/img_filter.v:617$3193'.
     1/1: $0\pair_q[327][19:0]
Creating decoders for process `\IMG_FILTER.$proc$rtl/img_filter.v:617$3188'.
     1/1: $0\pair_q[326][19:0]
Creating decoders for process `\IMG_FILTER.$proc$rtl/img_filter.v:617$3183'.
     1/1: $0\pair_q[325][19:0]
Creating decoders for process `\IMG_FILTER.$proc$rtl/img_filter.v:627$3175'.
     1/1: $0\part_q[64][19:0]
Creating decoders for process `\IMG_FILTER.$proc$rtl/img_filter.v:627$3169'.
     1/1: $0\part_q[63][19:0]
Creating decoders for process `\IMG_FILTER.$proc$rtl/img_filter.v:627$3163'.
     1/1: $0\part_q[62][19:0]
Creating decoders for process `\IMG_FILTER.$proc$rtl/img_filter.v:627$3157'.
     1/1: $0\part_q[61][19:0]
Creating decoders for process `\IMG_FILTER.$proc$rtl/img_filter.v:627$3151'.
     1/1: $0\part_q[60][19:0]
Creating decoders for process `\IMG_FILTER.$proc$rtl/img_filter.v:617$3145'.
     1/1: $0\pair_q[324][19:0]
Creating decoders for process `\IMG_FILTER.$proc$rtl/img_filter.v:617$3140'.
     1/1: $0\pair_q[323][19:0]
Creating decoders for process `\IMG_FILTER.$proc$rtl/img_filter.v:617$3135'.
     1/1: $0\pair_q[322][19:0]
Creating decoders for process `\IMG_FILTER.$proc$rtl/img_filter.v:617$3130'.
     1/1: $0\pair_q[321][19:0]
Creating decoders for process `\IMG_FILTER.$proc$rtl/img_filter.v:617$3125'.
     1/1: $0\pair_q[320][19:0]
Creating decoders for process `\IMG_FILTER.$proc$rtl/img_filter.v:617$3120'.
     1/1: $0\pair_q[319][19:0]
Creating decoders for process `\IMG_FILTER.$proc$rtl/img_filter.v:617$3115'.
     1/1: $0\pair_q[318][19:0]
Creating decoders for process `\IMG_FILTER.$proc$rtl/img_filter.v:617$3110'.
     1/1: $0\pair_q[317][19:0]
Creating decoders for process `\IMG_FILTER.$proc$rtl/img_filter.v:617$3105'.
     1/1: $0\pair_q[316][19:0]
Creating decoders for process `\IMG_FILTER.$proc$rtl/img_filter.v:617$3100'.
     1/1: $0\pair_q[315][19:0]
Creating decoders for process `\IMG_FILTER.$proc$rtl/img_filter.v:617$3095'.
     1/1: $0\pair_q[314][19:0]
Creating decoders for process `\IMG_FILTER.$proc$rtl/img_filter.v:617$3090'.
     1/1: $0\pair_q[313][19:0]
Creating decoders for process `\IMG_FILTER.$proc$rtl/img_filter.v:617$3085'.
     1/1: $0\pair_q[312][19:0]
Creating decoders for process `\IMG_FILTER.$proc$rtl/img_filter.v:617$3080'.
     1/1: $0\pair_q[311][19:0]
Creating decoders for process `\IMG_FILTER.$proc$rtl/img_filter.v:617$3075'.
     1/1: $0\pair_q[310][19:0]
Creating decoders for process `\IMG_FILTER.$proc$rtl/img_filter.v:617$3070'.
     1/1: $0\pair_q[309][19:0]
Creating decoders for process `\IMG_FILTER.$proc$rtl/img_filter.v:617$3065'.
     1/1: $0\pair_q[308][19:0]
Creating decoders for process `\IMG_FILTER.$proc$rtl/img_filter.v:617$3060'.
     1/1: $0\pair_q[307][19:0]
Creating decoders for process `\IMG_FILTER.$proc$rtl/img_filter.v:617$3055'.
     1/1: $0\pair_q[306][19:0]
Creating decoders for process `\IMG_FILTER.$proc$rtl/img_filter.v:617$3050'.
     1/1: $0\pair_q[305][19:0]
Creating decoders for process `\IMG_FILTER.$proc$rtl/img_filter.v:617$3045'.
     1/1: $0\pair_q[304][19:0]
Creating decoders for process `\IMG_FILTER.$proc$rtl/img_filter.v:617$3040'.
     1/1: $0\pair_q[303][19:0]
Creating decoders for process `\IMG_FILTER.$proc$rtl/img_filter.v:617$3035'.
     1/1: $0\pair_q[302][19:0]
Creating decoders for process `\IMG_FILTER.$proc$rtl/img_filter.v:617$3030'.
     1/1: $0\pair_q[301][19:0]
Creating decoders for process `\IMG_FILTER.$proc$rtl/img_filter.v:617$3025'.
     1/1: $0\pair_q[300][19:0]
Creating decoders for process `\IMG_FILTER.$proc$rtl/img_filter.v:627$3017'.
     1/1: $0\part_q[59][19:0]
Creating decoders for process `\IMG_FILTER.$proc$rtl/img_filter.v:627$3011'.
     1/1: $0\part_q[58][19:0]
Creating decoders for process `\IMG_FILTER.$proc$rtl/img_filter.v:627$3005'.
     1/1: $0\part_q[57][19:0]
Creating decoders for process `\IMG_FILTER.$proc$rtl/img_filter.v:627$2999'.
     1/1: $0\part_q[56][19:0]
Creating decoders for process `\IMG_FILTER.$proc$rtl/img_filter.v:627$2993'.
     1/1: $0\part_q[55][19:0]
Creating decoders for process `\IMG_FILTER.$proc$rtl/img_filter.v:617$2987'.
     1/1: $0\pair_q[299][19:0]
Creating decoders for process `\IMG_FILTER.$proc$rtl/img_filter.v:617$2982'.
     1/1: $0\pair_q[298][19:0]
Creating decoders for process `\IMG_FILTER.$proc$rtl/img_filter.v:617$2977'.
     1/1: $0\pair_q[297][19:0]
Creating decoders for process `\IMG_FILTER.$proc$rtl/img_filter.v:617$2972'.
     1/1: $0\pair_q[296][19:0]
Creating decoders for process `\IMG_FILTER.$proc$rtl/img_filter.v:617$2967'.
     1/1: $0\pair_q[295][19:0]
Creating decoders for process `\IMG_FILTER.$proc$rtl/img_filter.v:617$2962'.
     1/1: $0\pair_q[294][19:0]
Creating decoders for process `\IMG_FILTER.$proc$rtl/img_filter.v:617$2957'.
     1/1: $0\pair_q[293][19:0]
Creating decoders for process `\IMG_FILTER.$proc$rtl/img_filter.v:617$2952'.
     1/1: $0\pair_q[292][19:0]
Creating decoders for process `\IMG_FILTER.$proc$rtl/img_filter.v:617$2947'.
     1/1: $0\pair_q[291][19:0]
Creating decoders for process `\IMG_FILTER.$proc$rtl/img_filter.v:617$2942'.
     1/1: $0\pair_q[290][19:0]
Creating decoders for process `\IMG_FILTER.$proc$rtl/img_filter.v:617$2937'.
     1/1: $0\pair_q[289][19:0]
Creating decoders for process `\IMG_FILTER.$proc$rtl/img_filter.v:617$2932'.
     1/1: $0\pair_q[288][19:0]
Creating decoders for process `\IMG_FILTER.$proc$rtl/img_filter.v:617$2927'.
     1/1: $0\pair_q[287][19:0]
Creating decoders for process `\IMG_FILTER.$proc$rtl/img_filter.v:617$2922'.
     1/1: $0\pair_q[286][19:0]
Creating decoders for process `\IMG_FILTER.$proc$rtl/img_filter.v:617$2917'.
     1/1: $0\pair_q[285][19:0]
Creating decoders for process `\IMG_FILTER.$proc$rtl/img_filter.v:617$2912'.
     1/1: $0\pair_q[284][19:0]
Creating decoders for process `\IMG_FILTER.$proc$rtl/img_filter.v:617$2907'.
     1/1: $0\pair_q[283][19:0]
Creating decoders for process `\IMG_FILTER.$proc$rtl/img_filter.v:617$2902'.
     1/1: $0\pair_q[282][19:0]
Creating decoders for process `\IMG_FILTER.$proc$rtl/img_filter.v:617$2897'.
     1/1: $0\pair_q[281][19:0]
Creating decoders for process `\IMG_FILTER.$proc$rtl/img_filter.v:617$2892'.
     1/1: $0\pair_q[280][19:0]
Creating decoders for process `\IMG_FILTER.$proc$rtl/img_filter.v:617$2887'.
     1/1: $0\pair_q[279][19:0]
Creating decoders for process `\IMG_FILTER.$proc$rtl/img_filter.v:617$2882'.
     1/1: $0\pair_q[278][19:0]
Creating decoders for process `\IMG_FILTER.$proc$rtl/img_filter.v:617$2877'.
     1/1: $0\pair_q[277][19:0]
Creating decoders for process `\IMG_FILTER.$proc$rtl/img_filter.v:617$2872'.
     1/1: $0\pair_q[276][19:0]
Creating decoders for process `\IMG_FILTER.$proc$rtl/img_filter.v:617$2867'.
     1/1: $0\pair_q[275][19:0]
Creating decoders for process `\IMG_FILTER.$proc$rtl/img_filter.v:627$2859'.
     1/1: $0\part_q[54][19:0]
Creating decoders for process `\IMG_FILTER.$proc$rtl/img_filter.v:627$2853'.
     1/1: $0\part_q[53][19:0]
Creating decoders for process `\IMG_FILTER.$proc$rtl/img_filter.v:627$2847'.
     1/1: $0\part_q[52][19:0]
Creating decoders for process `\IMG_FILTER.$proc$rtl/img_filter.v:627$2841'.
     1/1: $0\part_q[51][19:0]
Creating decoders for process `\IMG_FILTER.$proc$rtl/img_filter.v:627$2835'.
     1/1: $0\part_q[50][19:0]
Creating decoders for process `\IMG_FILTER.$proc$rtl/img_filter.v:617$2829'.
     1/1: $0\pair_q[274][19:0]
Creating decoders for process `\IMG_FILTER.$proc$rtl/img_filter.v:617$2824'.
     1/1: $0\pair_q[273][19:0]
Creating decoders for process `\IMG_FILTER.$proc$rtl/img_filter.v:617$2819'.
     1/1: $0\pair_q[272][19:0]
Creating decoders for process `\IMG_FILTER.$proc$rtl/img_filter.v:617$2814'.
     1/1: $0\pair_q[271][19:0]
Creating decoders for process `\IMG_FILTER.$proc$rtl/img_filter.v:617$2809'.
     1/1: $0\pair_q[270][19:0]
Creating decoders for process `\IMG_FILTER.$proc$rtl/img_filter.v:617$2804'.
     1/1: $0\pair_q[269][19:0]
Creating decoders for process `\IMG_FILTER.$proc$rtl/img_filter.v:617$2799'.
     1/1: $0\pair_q[268][19:0]
Creating decoders for process `\IMG_FILTER.$proc$rtl/img_filter.v:617$2794'.
     1/1: $0\pair_q[267][19:0]
Creating decoders for process `\IMG_FILTER.$proc$rtl/img_filter.v:617$2789'.
     1/1: $0\pair_q[266][19:0]
Creating decoders for process `\IMG_FILTER.$proc$rtl/img_filter.v:617$2784'.
     1/1: $0\pair_q[265][19:0]
Creating decoders for process `\IMG_FILTER.$proc$rtl/img_filter.v:617$2779'.
     1/1: $0\pair_q[264][19:0]
Creating decoders for process `\IMG_FILTER.$proc$rtl/img_filter.v:617$2774'.
     1/1: $0\pair_q[263][19:0]
Creating decoders for process `\IMG_FILTER.$proc$rtl/img_filter.v:617$2769'.
     1/1: $0\pair_q[262][19:0]
Creating decoders for process `\IMG_FILTER.$proc$rtl/img_filter.v:617$2764'.
     1/1: $0\pair_q[261][19:0]
Creating decoders for process `\IMG_FILTER.$proc$rtl/img_filter.v:617$2759'.
     1/1: $0\pair_q[260][19:0]
Creating decoders for process `\IMG_FILTER.$proc$rtl/img_filter.v:617$2754'.
     1/1: $0\pair_q[259][19:0]
Creating decoders for process `\IMG_FILTER.$proc$rtl/img_filter.v:617$2749'.
     1/1: $0\pair_q[258][19:0]
Creating decoders for process `\IMG_FILTER.$proc$rtl/img_filter.v:617$2744'.
     1/1: $0\pair_q[257][19:0]
Creating decoders for process `\IMG_FILTER.$proc$rtl/img_filter.v:617$2739'.
     1/1: $0\pair_q[256][19:0]
Creating decoders for process `\IMG_FILTER.$proc$rtl/img_filter.v:617$2734'.
     1/1: $0\pair_q[255][19:0]
Creating decoders for process `\IMG_FILTER.$proc$rtl/img_filter.v:617$2729'.
     1/1: $0\pair_q[254][19:0]
Creating decoders for process `\IMG_FILTER.$proc$rtl/img_filter.v:617$2724'.
     1/1: $0\pair_q[253][19:0]
Creating decoders for process `\IMG_FILTER.$proc$rtl/img_filter.v:617$2719'.
     1/1: $0\pair_q[252][19:0]
Creating decoders for process `\IMG_FILTER.$proc$rtl/img_filter.v:617$2714'.
     1/1: $0\pair_q[251][19:0]
Creating decoders for process `\IMG_FILTER.$proc$rtl/img_filter.v:617$2709'.
     1/1: $0\pair_q[250][19:0]
Creating decoders for process `\IMG_FILTER.$proc$rtl/img_filter.v:627$2701'.
     1/1: $0\part_q[49][19:0]
Creating decoders for process `\IMG_FILTER.$proc$rtl/img_filter.v:627$2695'.
     1/1: $0\part_q[48][19:0]
Creating decoders for process `\IMG_FILTER.$proc$rtl/img_filter.v:627$2689'.
     1/1: $0\part_q[47][19:0]
Creating decoders for process `\IMG_FILTER.$proc$rtl/img_filter.v:627$2683'.
     1/1: $0\part_q[46][19:0]
Creating decoders for process `\IMG_FILTER.$proc$rtl/img_filter.v:627$2677'.
     1/1: $0\part_q[45][19:0]
Creating decoders for process `\IMG_FILTER.$proc$rtl/img_filter.v:617$2671'.
     1/1: $0\pair_q[249][19:0]
Creating decoders for process `\IMG_FILTER.$proc$rtl/img_filter.v:617$2666'.
     1/1: $0\pair_q[248][19:0]
Creating decoders for process `\IMG_FILTER.$proc$rtl/img_filter.v:617$2661'.
     1/1: $0\pair_q[247][19:0]
Creating decoders for process `\IMG_FILTER.$proc$rtl/img_filter.v:617$2656'.
     1/1: $0\pair_q[246][19:0]
Creating decoders for process `\IMG_FILTER.$proc$rtl/img_filter.v:617$2651'.
     1/1: $0\pair_q[245][19:0]
Creating decoders for process `\IMG_FILTER.$proc$rtl/img_filter.v:617$2646'.
     1/1: $0\pair_q[244][19:0]
Creating decoders for process `\IMG_FILTER.$proc$rtl/img_filter.v:617$2641'.
     1/1: $0\pair_q[243][19:0]
Creating decoders for process `\IMG_FILTER.$proc$rtl/img_filter.v:617$2636'.
     1/1: $0\pair_q[242][19:0]
Creating decoders for process `\IMG_FILTER.$proc$rtl/img_filter.v:617$2631'.
     1/1: $0\pair_q[241][19:0]
Creating decoders for process `\IMG_FILTER.$proc$rtl/img_filter.v:617$2626'.
     1/1: $0\pair_q[240][19:0]
Creating decoders for process `\IMG_FILTER.$proc$rtl/img_filter.v:617$2621'.
     1/1: $0\pair_q[239][19:0]
Creating decoders for process `\IMG_FILTER.$proc$rtl/img_filter.v:617$2616'.
     1/1: $0\pair_q[238][19:0]
Creating decoders for process `\IMG_FILTER.$proc$rtl/img_filter.v:617$2611'.
     1/1: $0\pair_q[237][19:0]
Creating decoders for process `\IMG_FILTER.$proc$rtl/img_filter.v:617$2606'.
     1/1: $0\pair_q[236][19:0]
Creating decoders for process `\IMG_FILTER.$proc$rtl/img_filter.v:617$2601'.
     1/1: $0\pair_q[235][19:0]
Creating decoders for process `\IMG_FILTER.$proc$rtl/img_filter.v:617$2596'.
     1/1: $0\pair_q[234][19:0]
Creating decoders for process `\IMG_FILTER.$proc$rtl/img_filter.v:617$2591'.
     1/1: $0\pair_q[233][19:0]
Creating decoders for process `\IMG_FILTER.$proc$rtl/img_filter.v:617$2586'.
     1/1: $0\pair_q[232][19:0]
Creating decoders for process `\IMG_FILTER.$proc$rtl/img_filter.v:617$2581'.
     1/1: $0\pair_q[231][19:0]
Creating decoders for process `\IMG_FILTER.$proc$rtl/img_filter.v:617$2576'.
     1/1: $0\pair_q[230][19:0]
Creating decoders for process `\IMG_FILTER.$proc$rtl/img_filter.v:617$2571'.
     1/1: $0\pair_q[229][19:0]
Creating decoders for process `\IMG_FILTER.$proc$rtl/img_filter.v:617$2566'.
     1/1: $0\pair_q[228][19:0]
Creating decoders for process `\IMG_FILTER.$proc$rtl/img_filter.v:617$2561'.
     1/1: $0\pair_q[227][19:0]
Creating decoders for process `\IMG_FILTER.$proc$rtl/img_filter.v:617$2556'.
     1/1: $0\pair_q[226][19:0]
Creating decoders for process `\IMG_FILTER.$proc$rtl/img_filter.v:617$2551'.
     1/1: $0\pair_q[225][19:0]
Creating decoders for process `\IMG_FILTER.$proc$rtl/img_filter.v:627$2543'.
     1/1: $0\part_q[44][19:0]
Creating decoders for process `\IMG_FILTER.$proc$rtl/img_filter.v:627$2537'.
     1/1: $0\part_q[43][19:0]
Creating decoders for process `\IMG_FILTER.$proc$rtl/img_filter.v:627$2531'.
     1/1: $0\part_q[42][19:0]
Creating decoders for process `\IMG_FILTER.$proc$rtl/img_filter.v:627$2525'.
     1/1: $0\part_q[41][19:0]
Creating decoders for process `\IMG_FILTER.$proc$rtl/img_filter.v:627$2519'.
     1/1: $0\part_q[40][19:0]
Creating decoders for process `\IMG_FILTER.$proc$rtl/img_filter.v:617$2513'.
     1/1: $0\pair_q[224][19:0]
Creating decoders for process `\IMG_FILTER.$proc$rtl/img_filter.v:617$2508'.
     1/1: $0\pair_q[223][19:0]
Creating decoders for process `\IMG_FILTER.$proc$rtl/img_filter.v:617$2503'.
     1/1: $0\pair_q[222][19:0]
Creating decoders for process `\IMG_FILTER.$proc$rtl/img_filter.v:617$2498'.
     1/1: $0\pair_q[221][19:0]
Creating decoders for process `\IMG_FILTER.$proc$rtl/img_filter.v:617$2493'.
     1/1: $0\pair_q[220][19:0]
Creating decoders for process `\IMG_FILTER.$proc$rtl/img_filter.v:617$2488'.
     1/1: $0\pair_q[219][19:0]
Creating decoders for process `\IMG_FILTER.$proc$rtl/img_filter.v:617$2483'.
     1/1: $0\pair_q[218][19:0]
Creating decoders for process `\IMG_FILTER.$proc$rtl/img_filter.v:617$2478'.
     1/1: $0\pair_q[217][19:0]
Creating decoders for process `\IMG_FILTER.$proc$rtl/img_filter.v:617$2473'.
     1/1: $0\pair_q[216][19:0]
Creating decoders for process `\IMG_FILTER.$proc$rtl/img_filter.v:617$2468'.
     1/1: $0\pair_q[215][19:0]
Creating decoders for process `\IMG_FILTER.$proc$rtl/img_filter.v:617$2463'.
     1/1: $0\pair_q[214][19:0]
Creating decoders for process `\IMG_FILTER.$proc$rtl/img_filter.v:617$2458'.
     1/1: $0\pair_q[213][19:0]
Creating decoders for process `\IMG_FILTER.$proc$rtl/img_filter.v:617$2453'.
     1/1: $0\pair_q[212][19:0]
Creating decoders for process `\IMG_FILTER.$proc$rtl/img_filter.v:617$2448'.
     1/1: $0\pair_q[211][19:0]
Creating decoders for process `\IMG_FILTER.$proc$rtl/img_filter.v:617$2443'.
     1/1: $0\pair_q[210][19:0]
Creating decoders for process `\IMG_FILTER.$proc$rtl/img_filter.v:617$2438'.
     1/1: $0\pair_q[209][19:0]
Creating decoders for process `\IMG_FILTER.$proc$rtl/img_filter.v:617$2433'.
     1/1: $0\pair_q[208][19:0]
Creating decoders for process `\IMG_FILTER.$proc$rtl/img_filter.v:617$2428'.
     1/1: $0\pair_q[207][19:0]
Creating decoders for process `\IMG_FILTER.$proc$rtl/img_filter.v:617$2423'.
     1/1: $0\pair_q[206][19:0]
Creating decoders for process `\IMG_FILTER.$proc$rtl/img_filter.v:617$2418'.
     1/1: $0\pair_q[205][19:0]
Creating decoders for process `\IMG_FILTER.$proc$rtl/img_filter.v:617$2413'.
     1/1: $0\pair_q[204][19:0]
Creating decoders for process `\IMG_FILTER.$proc$rtl/img_filter.v:617$2408'.
     1/1: $0\pair_q[203][19:0]
Creating decoders for process `\IMG_FILTER.$proc$rtl/img_filter.v:617$2403'.
     1/1: $0\pair_q[202][19:0]
Creating decoders for process `\IMG_FILTER.$proc$rtl/img_filter.v:617$2398'.
     1/1: $0\pair_q[201][19:0]
Creating decoders for process `\IMG_FILTER.$proc$rtl/img_filter.v:617$2393'.
     1/1: $0\pair_q[200][19:0]
Creating decoders for process `\IMG_FILTER.$proc$rtl/img_filter.v:627$2385'.
     1/1: $0\part_q[39][19:0]
Creating decoders for process `\IMG_FILTER.$proc$rtl/img_filter.v:627$2379'.
     1/1: $0\part_q[38][19:0]
Creating decoders for process `\IMG_FILTER.$proc$rtl/img_filter.v:627$2373'.
     1/1: $0\part_q[37][19:0]
Creating decoders for process `\IMG_FILTER.$proc$rtl/img_filter.v:627$2367'.
     1/1: $0\part_q[36][19:0]
Creating decoders for process `\IMG_FILTER.$proc$rtl/img_filter.v:627$2361'.
     1/1: $0\part_q[35][19:0]
Creating decoders for process `\IMG_FILTER.$proc$rtl/img_filter.v:617$2355'.
     1/1: $0\pair_q[199][19:0]
Creating decoders for process `\IMG_FILTER.$proc$rtl/img_filter.v:617$2350'.
     1/1: $0\pair_q[198][19:0]
Creating decoders for process `\IMG_FILTER.$proc$rtl/img_filter.v:617$2345'.
     1/1: $0\pair_q[197][19:0]
Creating decoders for process `\IMG_FILTER.$proc$rtl/img_filter.v:617$2340'.
     1/1: $0\pair_q[196][19:0]
Creating decoders for process `\IMG_FILTER.$proc$rtl/img_filter.v:617$2335'.
     1/1: $0\pair_q[195][19:0]
Creating decoders for process `\IMG_FILTER.$proc$rtl/img_filter.v:617$2330'.
     1/1: $0\pair_q[194][19:0]
Creating decoders for process `\IMG_FILTER.$proc$rtl/img_filter.v:617$2325'.
     1/1: $0\pair_q[193][19:0]
Creating decoders for process `\IMG_FILTER.$proc$rtl/img_filter.v:617$2320'.
     1/1: $0\pair_q[192][19:0]
Creating decoders for process `\IMG_FILTER.$proc$rtl/img_filter.v:617$2315'.
     1/1: $0\pair_q[191][19:0]
Creating decoders for process `\IMG_FILTER.$proc$rtl/img_filter.v:617$2310'.
     1/1: $0\pair_q[190][19:0]
Creating decoders for process `\IMG_FILTER.$proc$rtl/img_filter.v:617$2305'.
     1/1: $0\pair_q[189][19:0]
Creating decoders for process `\IMG_FILTER.$proc$rtl/img_filter.v:617$2300'.
     1/1: $0\pair_q[188][19:0]
Creating decoders for process `\IMG_FILTER.$proc$rtl/img_filter.v:617$2295'.
     1/1: $0\pair_q[187][19:0]
Creating decoders for process `\IMG_FILTER.$proc$rtl/img_filter.v:617$2290'.
     1/1: $0\pair_q[186][19:0]
Creating decoders for process `\IMG_FILTER.$proc$rtl/img_filter.v:617$2285'.
     1/1: $0\pair_q[185][19:0]
Creating decoders for process `\IMG_FILTER.$proc$rtl/img_filter.v:617$2280'.
     1/1: $0\pair_q[184][19:0]
Creating decoders for process `\IMG_FILTER.$proc$rtl/img_filter.v:617$2275'.
     1/1: $0\pair_q[183][19:0]
Creating decoders for process `\IMG_FILTER.$proc$rtl/img_filter.v:617$2270'.
     1/1: $0\pair_q[182][19:0]
Creating decoders for process `\IMG_FILTER.$proc$rtl/img_filter.v:617$2265'.
     1/1: $0\pair_q[181][19:0]
Creating decoders for process `\IMG_FILTER.$proc$rtl/img_filter.v:617$2260'.
     1/1: $0\pair_q[180][19:0]
Creating decoders for process `\IMG_FILTER.$proc$rtl/img_filter.v:617$2255'.
     1/1: $0\pair_q[179][19:0]
Creating decoders for process `\IMG_FILTER.$proc$rtl/img_filter.v:617$2250'.
     1/1: $0\pair_q[178][19:0]
Creating decoders for process `\IMG_FILTER.$proc$rtl/img_filter.v:617$2245'.
     1/1: $0\pair_q[177][19:0]
Creating decoders for process `\IMG_FILTER.$proc$rtl/img_filter.v:617$2240'.
     1/1: $0\pair_q[176][19:0]
Creating decoders for process `\IMG_FILTER.$proc$rtl/img_filter.v:617$2235'.
     1/1: $0\pair_q[175][19:0]
Creating decoders for process `\IMG_FILTER.$proc$rtl/img_filter.v:627$2227'.
     1/1: $0\part_q[34][19:0]
Creating decoders for process `\IMG_FILTER.$proc$rtl/img_filter.v:627$2221'.
     1/1: $0\part_q[33][19:0]
Creating decoders for process `\IMG_FILTER.$proc$rtl/img_filter.v:627$2215'.
     1/1: $0\part_q[32][19:0]
Creating decoders for process `\IMG_FILTER.$proc$rtl/img_filter.v:627$2209'.
     1/1: $0\part_q[31][19:0]
Creating decoders for process `\IMG_FILTER.$proc$rtl/img_filter.v:627$2203'.
     1/1: $0\part_q[30][19:0]
Creating decoders for process `\IMG_FILTER.$proc$rtl/img_filter.v:617$2197'.
     1/1: $0\pair_q[174][19:0]
Creating decoders for process `\IMG_FILTER.$proc$rtl/img_filter.v:617$2192'.
     1/1: $0\pair_q[173][19:0]
Creating decoders for process `\IMG_FILTER.$proc$rtl/img_filter.v:617$2187'.
     1/1: $0\pair_q[172][19:0]
Creating decoders for process `\IMG_FILTER.$proc$rtl/img_filter.v:617$2182'.
     1/1: $0\pair_q[171][19:0]
Creating decoders for process `\IMG_FILTER.$proc$rtl/img_filter.v:617$2177'.
     1/1: $0\pair_q[170][19:0]
Creating decoders for process `\IMG_FILTER.$proc$rtl/img_filter.v:617$2172'.
     1/1: $0\pair_q[169][19:0]
Creating decoders for process `\IMG_FILTER.$proc$rtl/img_filter.v:617$2167'.
     1/1: $0\pair_q[168][19:0]
Creating decoders for process `\IMG_FILTER.$proc$rtl/img_filter.v:617$2162'.
     1/1: $0\pair_q[167][19:0]
Creating decoders for process `\IMG_FILTER.$proc$rtl/img_filter.v:617$2157'.
     1/1: $0\pair_q[166][19:0]
Creating decoders for process `\IMG_FILTER.$proc$rtl/img_filter.v:617$2152'.
     1/1: $0\pair_q[165][19:0]
Creating decoders for process `\IMG_FILTER.$proc$rtl/img_filter.v:617$2147'.
     1/1: $0\pair_q[164][19:0]
Creating decoders for process `\IMG_FILTER.$proc$rtl/img_filter.v:617$2142'.
     1/1: $0\pair_q[163][19:0]
Creating decoders for process `\IMG_FILTER.$proc$rtl/img_filter.v:617$2137'.
     1/1: $0\pair_q[162][19:0]
Creating decoders for process `\IMG_FILTER.$proc$rtl/img_filter.v:617$2132'.
     1/1: $0\pair_q[161][19:0]
Creating decoders for process `\IMG_FILTER.$proc$rtl/img_filter.v:617$2127'.
     1/1: $0\pair_q[160][19:0]
Creating decoders for process `\IMG_FILTER.$proc$rtl/img_filter.v:617$2122'.
     1/1: $0\pair_q[159][19:0]
Creating decoders for process `\IMG_FILTER.$proc$rtl/img_filter.v:617$2117'.
     1/1: $0\pair_q[158][19:0]
Creating decoders for process `\IMG_FILTER.$proc$rtl/img_filter.v:617$2112'.
     1/1: $0\pair_q[157][19:0]
Creating decoders for process `\IMG_FILTER.$proc$rtl/img_filter.v:617$2107'.
     1/1: $0\pair_q[156][19:0]
Creating decoders for process `\IMG_FILTER.$proc$rtl/img_filter.v:617$2102'.
     1/1: $0\pair_q[155][19:0]
Creating decoders for process `\IMG_FILTER.$proc$rtl/img_filter.v:617$2097'.
     1/1: $0\pair_q[154][19:0]
Creating decoders for process `\IMG_FILTER.$proc$rtl/img_filter.v:617$2092'.
     1/1: $0\pair_q[153][19:0]
Creating decoders for process `\IMG_FILTER.$proc$rtl/img_filter.v:617$2087'.
     1/1: $0\pair_q[152][19:0]
Creating decoders for process `\IMG_FILTER.$proc$rtl/img_filter.v:617$2082'.
     1/1: $0\pair_q[151][19:0]
Creating decoders for process `\IMG_FILTER.$proc$rtl/img_filter.v:617$2077'.
     1/1: $0\pair_q[150][19:0]
Creating decoders for process `\IMG_FILTER.$proc$rtl/img_filter.v:627$2069'.
     1/1: $0\part_q[29][19:0]
Creating decoders for process `\IMG_FILTER.$proc$rtl/img_filter.v:627$2063'.
     1/1: $0\part_q[28][19:0]
Creating decoders for process `\IMG_FILTER.$proc$rtl/img_filter.v:627$2057'.
     1/1: $0\part_q[27][19:0]
Creating decoders for process `\IMG_FILTER.$proc$rtl/img_filter.v:627$2051'.
     1/1: $0\part_q[26][19:0]
Creating decoders for process `\IMG_FILTER.$proc$rtl/img_filter.v:627$2045'.
     1/1: $0\part_q[25][19:0]
Creating decoders for process `\IMG_FILTER.$proc$rtl/img_filter.v:617$2039'.
     1/1: $0\pair_q[149][19:0]
Creating decoders for process `\IMG_FILTER.$proc$rtl/img_filter.v:617$2034'.
     1/1: $0\pair_q[148][19:0]
Creating decoders for process `\IMG_FILTER.$proc$rtl/img_filter.v:617$2029'.
     1/1: $0\pair_q[147][19:0]
Creating decoders for process `\IMG_FILTER.$proc$rtl/img_filter.v:617$2024'.
     1/1: $0\pair_q[146][19:0]
Creating decoders for process `\IMG_FILTER.$proc$rtl/img_filter.v:617$2019'.
     1/1: $0\pair_q[145][19:0]
Creating decoders for process `\IMG_FILTER.$proc$rtl/img_filter.v:617$2014'.
     1/1: $0\pair_q[144][19:0]
Creating decoders for process `\IMG_FILTER.$proc$rtl/img_filter.v:617$2009'.
     1/1: $0\pair_q[143][19:0]
Creating decoders for process `\IMG_FILTER.$proc$rtl/img_filter.v:617$2004'.
     1/1: $0\pair_q[142][19:0]
Creating decoders for process `\IMG_FILTER.$proc$rtl/img_filter.v:617$1999'.
     1/1: $0\pair_q[141][19:0]
Creating decoders for process `\IMG_FILTER.$proc$rtl/img_filter.v:617$1994'.
     1/1: $0\pair_q[140][19:0]
Creating decoders for process `\IMG_FILTER.$proc$rtl/img_filter.v:617$1989'.
     1/1: $0\pair_q[139][19:0]
Creating decoders for process `\IMG_FILTER.$proc$rtl/img_filter.v:617$1984'.
     1/1: $0\pair_q[138][19:0]
Creating decoders for process `\IMG_FILTER.$proc$rtl/img_filter.v:617$1979'.
     1/1: $0\pair_q[137][19:0]
Creating decoders for process `\IMG_FILTER.$proc$rtl/img_filter.v:617$1974'.
     1/1: $0\pair_q[136][19:0]
Creating decoders for process `\IMG_FILTER.$proc$rtl/img_filter.v:617$1969'.
     1/1: $0\pair_q[135][19:0]
Creating decoders for process `\IMG_FILTER.$proc$rtl/img_filter.v:617$1964'.
     1/1: $0\pair_q[134][19:0]
Creating decoders for process `\IMG_FILTER.$proc$rtl/img_filter.v:617$1959'.
     1/1: $0\pair_q[133][19:0]
Creating decoders for process `\IMG_FILTER.$proc$rtl/img_filter.v:617$1954'.
     1/1: $0\pair_q[132][19:0]
Creating decoders for process `\IMG_FILTER.$proc$rtl/img_filter.v:617$1949'.
     1/1: $0\pair_q[131][19:0]
Creating decoders for process `\IMG_FILTER.$proc$rtl/img_filter.v:617$1944'.
     1/1: $0\pair_q[130][19:0]
Creating decoders for process `\IMG_FILTER.$proc$rtl/img_filter.v:617$1939'.
     1/1: $0\pair_q[129][19:0]
Creating decoders for process `\IMG_FILTER.$proc$rtl/img_filter.v:617$1934'.
     1/1: $0\pair_q[128][19:0]
Creating decoders for process `\IMG_FILTER.$proc$rtl/img_filter.v:617$1929'.
     1/1: $0\pair_q[127][19:0]
Creating decoders for process `\IMG_FILTER.$proc$rtl/img_filter.v:617$1924'.
     1/1: $0\pair_q[126][19:0]
Creating decoders for process `\IMG_FILTER.$proc$rtl/img_filter.v:617$1919'.
     1/1: $0\pair_q[125][19:0]
Creating decoders for process `\IMG_FILTER.$proc$rtl/img_filter.v:627$1911'.
     1/1: $0\part_q[24][19:0]
Creating decoders for process `\IMG_FILTER.$proc$rtl/img_filter.v:627$1905'.
     1/1: $0\part_q[23][19:0]
Creating decoders for process `\IMG_FILTER.$proc$rtl/img_filter.v:627$1899'.
     1/1: $0\part_q[22][19:0]
Creating decoders for process `\IMG_FILTER.$proc$rtl/img_filter.v:627$1893'.
     1/1: $0\part_q[21][19:0]
Creating decoders for process `\IMG_FILTER.$proc$rtl/img_filter.v:627$1887'.
     1/1: $0\part_q[20][19:0]
Creating decoders for process `\IMG_FILTER.$proc$rtl/img_filter.v:617$1881'.
     1/1: $0\pair_q[124][19:0]
Creating decoders for process `\IMG_FILTER.$proc$rtl/img_filter.v:617$1876'.
     1/1: $0\pair_q[123][19:0]
Creating decoders for process `\IMG_FILTER.$proc$rtl/img_filter.v:617$1871'.
     1/1: $0\pair_q[122][19:0]
Creating decoders for process `\IMG_FILTER.$proc$rtl/img_filter.v:617$1866'.
     1/1: $0\pair_q[121][19:0]
Creating decoders for process `\IMG_FILTER.$proc$rtl/img_filter.v:617$1861'.
     1/1: $0\pair_q[120][19:0]
Creating decoders for process `\IMG_FILTER.$proc$rtl/img_filter.v:617$1856'.
     1/1: $0\pair_q[119][19:0]
Creating decoders for process `\IMG_FILTER.$proc$rtl/img_filter.v:617$1851'.
     1/1: $0\pair_q[118][19:0]
Creating decoders for process `\IMG_FILTER.$proc$rtl/img_filter.v:617$1846'.
     1/1: $0\pair_q[117][19:0]
Creating decoders for process `\IMG_FILTER.$proc$rtl/img_filter.v:617$1841'.
     1/1: $0\pair_q[116][19:0]
Creating decoders for process `\IMG_FILTER.$proc$rtl/img_filter.v:617$1836'.
     1/1: $0\pair_q[115][19:0]
Creating decoders for process `\IMG_FILTER.$proc$rtl/img_filter.v:617$1831'.
     1/1: $0\pair_q[114][19:0]
Creating decoders for process `\IMG_FILTER.$proc$rtl/img_filter.v:617$1826'.
     1/1: $0\pair_q[113][19:0]
Creating decoders for process `\IMG_FILTER.$proc$rtl/img_filter.v:617$1821'.
     1/1: $0\pair_q[112][19:0]
Creating decoders for process `\IMG_FILTER.$proc$rtl/img_filter.v:617$1816'.
     1/1: $0\pair_q[111][19:0]
Creating decoders for process `\IMG_FILTER.$proc$rtl/img_filter.v:617$1811'.
     1/1: $0\pair_q[110][19:0]
Creating decoders for process `\IMG_FILTER.$proc$rtl/img_filter.v:617$1806'.
     1/1: $0\pair_q[109][19:0]
Creating decoders for process `\IMG_FILTER.$proc$rtl/img_filter.v:617$1801'.
     1/1: $0\pair_q[108][19:0]
Creating decoders for process `\IMG_FILTER.$proc$rtl/img_filter.v:617$1796'.
     1/1: $0\pair_q[107][19:0]
Creating decoders for process `\IMG_FILTER.$proc$rtl/img_filter.v:617$1791'.
     1/1: $0\pair_q[106][19:0]
Creating decoders for process `\IMG_FILTER.$proc$rtl/img_filter.v:617$1786'.
     1/1: $0\pair_q[105][19:0]
Creating decoders for process `\IMG_FILTER.$proc$rtl/img_filter.v:617$1781'.
     1/1: $0\pair_q[104][19:0]
Creating decoders for process `\IMG_FILTER.$proc$rtl/img_filter.v:617$1776'.
     1/1: $0\pair_q[103][19:0]
Creating decoders for process `\IMG_FILTER.$proc$rtl/img_filter.v:617$1771'.
     1/1: $0\pair_q[102][19:0]
Creating decoders for process `\IMG_FILTER.$proc$rtl/img_filter.v:617$1766'.
     1/1: $0\pair_q[101][19:0]
Creating decoders for process `\IMG_FILTER.$proc$rtl/img_filter.v:617$1761'.
     1/1: $0\pair_q[100][19:0]
Creating decoders for process `\IMG_FILTER.$proc$rtl/img_filter.v:627$1753'.
     1/1: $0\part_q[19][19:0]
Creating decoders for process `\IMG_FILTER.$proc$rtl/img_filter.v:627$1747'.
     1/1: $0\part_q[18][19:0]
Creating decoders for process `\IMG_FILTER.$proc$rtl/img_filter.v:627$1741'.
     1/1: $0\part_q[17][19:0]
Creating decoders for process `\IMG_FILTER.$proc$rtl/img_filter.v:627$1735'.
     1/1: $0\part_q[16][19:0]
Creating decoders for process `\IMG_FILTER.$proc$rtl/img_filter.v:627$1729'.
     1/1: $0\part_q[15][19:0]
Creating decoders for process `\IMG_FILTER.$proc$rtl/img_filter.v:617$1723'.
     1/1: $0\pair_q[99][19:0]
Creating decoders for process `\IMG_FILTER.$proc$rtl/img_filter.v:617$1718'.
     1/1: $0\pair_q[98][19:0]
Creating decoders for process `\IMG_FILTER.$proc$rtl/img_filter.v:617$1713'.
     1/1: $0\pair_q[97][19:0]
Creating decoders for process `\IMG_FILTER.$proc$rtl/img_filter.v:617$1708'.
     1/1: $0\pair_q[96][19:0]
Creating decoders for process `\IMG_FILTER.$proc$rtl/img_filter.v:617$1703'.
     1/1: $0\pair_q[95][19:0]
Creating decoders for process `\IMG_FILTER.$proc$rtl/img_filter.v:617$1698'.
     1/1: $0\pair_q[94][19:0]
Creating decoders for process `\IMG_FILTER.$proc$rtl/img_filter.v:617$1693'.
     1/1: $0\pair_q[93][19:0]
Creating decoders for process `\IMG_FILTER.$proc$rtl/img_filter.v:617$1688'.
     1/1: $0\pair_q[92][19:0]
Creating decoders for process `\IMG_FILTER.$proc$rtl/img_filter.v:617$1683'.
     1/1: $0\pair_q[91][19:0]
Creating decoders for process `\IMG_FILTER.$proc$rtl/img_filter.v:617$1678'.
     1/1: $0\pair_q[90][19:0]
Creating decoders for process `\IMG_FILTER.$proc$rtl/img_filter.v:617$1673'.
     1/1: $0\pair_q[89][19:0]
Creating decoders for process `\IMG_FILTER.$proc$rtl/img_filter.v:617$1668'.
     1/1: $0\pair_q[88][19:0]
Creating decoders for process `\IMG_FILTER.$proc$rtl/img_filter.v:617$1663'.
     1/1: $0\pair_q[87][19:0]
Creating decoders for process `\IMG_FILTER.$proc$rtl/img_filter.v:617$1658'.
     1/1: $0\pair_q[86][19:0]
Creating decoders for process `\IMG_FILTER.$proc$rtl/img_filter.v:617$1653'.
     1/1: $0\pair_q[85][19:0]
Creating decoders for process `\IMG_FILTER.$proc$rtl/img_filter.v:617$1648'.
     1/1: $0\pair_q[84][19:0]
Creating decoders for process `\IMG_FILTER.$proc$rtl/img_filter.v:617$1643'.
     1/1: $0\pair_q[83][19:0]
Creating decoders for process `\IMG_FILTER.$proc$rtl/img_filter.v:617$1638'.
     1/1: $0\pair_q[82][19:0]
Creating decoders for process `\IMG_FILTER.$proc$rtl/img_filter.v:617$1633'.
     1/1: $0\pair_q[81][19:0]
Creating decoders for process `\IMG_FILTER.$proc$rtl/img_filter.v:617$1628'.
     1/1: $0\pair_q[80][19:0]
Creating decoders for process `\IMG_FILTER.$proc$rtl/img_filter.v:617$1623'.
     1/1: $0\pair_q[79][19:0]
Creating decoders for process `\IMG_FILTER.$proc$rtl/img_filter.v:617$1618'.
     1/1: $0\pair_q[78][19:0]
Creating decoders for process `\IMG_FILTER.$proc$rtl/img_filter.v:617$1613'.
     1/1: $0\pair_q[77][19:0]
Creating decoders for process `\IMG_FILTER.$proc$rtl/img_filter.v:617$1608'.
     1/1: $0\pair_q[76][19:0]
Creating decoders for process `\IMG_FILTER.$proc$rtl/img_filter.v:617$1603'.
     1/1: $0\pair_q[75][19:0]
Creating decoders for process `\IMG_FILTER.$proc$rtl/img_filter.v:627$1595'.
     1/1: $0\part_q[14][19:0]
Creating decoders for process `\IMG_FILTER.$proc$rtl/img_filter.v:627$1589'.
     1/1: $0\part_q[13][19:0]
Creating decoders for process `\IMG_FILTER.$proc$rtl/img_filter.v:627$1583'.
     1/1: $0\part_q[12][19:0]
Creating decoders for process `\IMG_FILTER.$proc$rtl/img_filter.v:627$1577'.
     1/1: $0\part_q[11][19:0]
Creating decoders for process `\IMG_FILTER.$proc$rtl/img_filter.v:627$1571'.
     1/1: $0\part_q[10][19:0]
Creating decoders for process `\IMG_FILTER.$proc$rtl/img_filter.v:617$1565'.
     1/1: $0\pair_q[74][19:0]
Creating decoders for process `\IMG_FILTER.$proc$rtl/img_filter.v:617$1560'.
     1/1: $0\pair_q[73][19:0]
Creating decoders for process `\IMG_FILTER.$proc$rtl/img_filter.v:617$1555'.
     1/1: $0\pair_q[72][19:0]
Creating decoders for process `\IMG_FILTER.$proc$rtl/img_filter.v:617$1550'.
     1/1: $0\pair_q[71][19:0]
Creating decoders for process `\IMG_FILTER.$proc$rtl/img_filter.v:617$1545'.
     1/1: $0\pair_q[70][19:0]
Creating decoders for process `\IMG_FILTER.$proc$rtl/img_filter.v:617$1540'.
     1/1: $0\pair_q[69][19:0]
Creating decoders for process `\IMG_FILTER.$proc$rtl/img_filter.v:617$1535'.
     1/1: $0\pair_q[68][19:0]
Creating decoders for process `\IMG_FILTER.$proc$rtl/img_filter.v:617$1530'.
     1/1: $0\pair_q[67][19:0]
Creating decoders for process `\IMG_FILTER.$proc$rtl/img_filter.v:617$1525'.
     1/1: $0\pair_q[66][19:0]
Creating decoders for process `\IMG_FILTER.$proc$rtl/img_filter.v:617$1520'.
     1/1: $0\pair_q[65][19:0]
Creating decoders for process `\IMG_FILTER.$proc$rtl/img_filter.v:617$1515'.
     1/1: $0\pair_q[64][19:0]
Creating decoders for process `\IMG_FILTER.$proc$rtl/img_filter.v:617$1510'.
     1/1: $0\pair_q[63][19:0]
Creating decoders for process `\IMG_FILTER.$proc$rtl/img_filter.v:617$1505'.
     1/1: $0\pair_q[62][19:0]
Creating decoders for process `\IMG_FILTER.$proc$rtl/img_filter.v:617$1500'.
     1/1: $0\pair_q[61][19:0]
Creating decoders for process `\IMG_FILTER.$proc$rtl/img_filter.v:617$1495'.
     1/1: $0\pair_q[60][19:0]
Creating decoders for process `\IMG_FILTER.$proc$rtl/img_filter.v:617$1490'.
     1/1: $0\pair_q[59][19:0]
Creating decoders for process `\IMG_FILTER.$proc$rtl/img_filter.v:617$1485'.
     1/1: $0\pair_q[58][19:0]
Creating decoders for process `\IMG_FILTER.$proc$rtl/img_filter.v:617$1480'.
     1/1: $0\pair_q[57][19:0]
Creating decoders for process `\IMG_FILTER.$proc$rtl/img_filter.v:617$1475'.
     1/1: $0\pair_q[56][19:0]
Creating decoders for process `\IMG_FILTER.$proc$rtl/img_filter.v:617$1470'.
     1/1: $0\pair_q[55][19:0]
Creating decoders for process `\IMG_FILTER.$proc$rtl/img_filter.v:617$1465'.
     1/1: $0\pair_q[54][19:0]
Creating decoders for process `\IMG_FILTER.$proc$rtl/img_filter.v:617$1460'.
     1/1: $0\pair_q[53][19:0]
Creating decoders for process `\IMG_FILTER.$proc$rtl/img_filter.v:617$1455'.
     1/1: $0\pair_q[52][19:0]
Creating decoders for process `\IMG_FILTER.$proc$rtl/img_filter.v:617$1450'.
     1/1: $0\pair_q[51][19:0]
Creating decoders for process `\IMG_FILTER.$proc$rtl/img_filter.v:617$1445'.
     1/1: $0\pair_q[50][19:0]
Creating decoders for process `\IMG_FILTER.$proc$rtl/img_filter.v:627$1437'.
     1/1: $0\part_q[9][19:0]
Creating decoders for process `\IMG_FILTER.$proc$rtl/img_filter.v:627$1431'.
     1/1: $0\part_q[8][19:0]
Creating decoders for process `\IMG_FILTER.$proc$rtl/img_filter.v:627$1425'.
     1/1: $0\part_q[7][19:0]
Creating decoders for process `\IMG_FILTER.$proc$rtl/img_filter.v:627$1419'.
     1/1: $0\part_q[6][19:0]
Creating decoders for process `\IMG_FILTER.$proc$rtl/img_filter.v:627$1413'.
     1/1: $0\part_q[5][19:0]
Creating decoders for process `\IMG_FILTER.$proc$rtl/img_filter.v:617$1407'.
     1/1: $0\pair_q[49][19:0]
Creating decoders for process `\IMG_FILTER.$proc$rtl/img_filter.v:617$1402'.
     1/1: $0\pair_q[48][19:0]
Creating decoders for process `\IMG_FILTER.$proc$rtl/img_filter.v:617$1397'.
     1/1: $0\pair_q[47][19:0]
Creating decoders for process `\IMG_FILTER.$proc$rtl/img_filter.v:617$1392'.
     1/1: $0\pair_q[46][19:0]
Creating decoders for process `\IMG_FILTER.$proc$rtl/img_filter.v:617$1387'.
     1/1: $0\pair_q[45][19:0]
Creating decoders for process `\IMG_FILTER.$proc$rtl/img_filter.v:617$1382'.
     1/1: $0\pair_q[44][19:0]
Creating decoders for process `\IMG_FILTER.$proc$rtl/img_filter.v:617$1377'.
     1/1: $0\pair_q[43][19:0]
Creating decoders for process `\IMG_FILTER.$proc$rtl/img_filter.v:617$1372'.
     1/1: $0\pair_q[42][19:0]
Creating decoders for process `\IMG_FILTER.$proc$rtl/img_filter.v:617$1367'.
     1/1: $0\pair_q[41][19:0]
Creating decoders for process `\IMG_FILTER.$proc$rtl/img_filter.v:617$1362'.
     1/1: $0\pair_q[40][19:0]
Creating decoders for process `\IMG_FILTER.$proc$rtl/img_filter.v:617$1357'.
     1/1: $0\pair_q[39][19:0]
Creating decoders for process `\IMG_FILTER.$proc$rtl/img_filter.v:617$1352'.
     1/1: $0\pair_q[38][19:0]
Creating decoders for process `\IMG_FILTER.$proc$rtl/img_filter.v:617$1347'.
     1/1: $0\pair_q[37][19:0]
Creating decoders for process `\IMG_FILTER.$proc$rtl/img_filter.v:617$1342'.
     1/1: $0\pair_q[36][19:0]
Creating decoders for process `\IMG_FILTER.$proc$rtl/img_filter.v:617$1337'.
     1/1: $0\pair_q[35][19:0]
Creating decoders for process `\IMG_FILTER.$proc$rtl/img_filter.v:617$1332'.
     1/1: $0\pair_q[34][19:0]
Creating decoders for process `\IMG_FILTER.$proc$rtl/img_filter.v:617$1327'.
     1/1: $0\pair_q[33][19:0]
Creating decoders for process `\IMG_FILTER.$proc$rtl/img_filter.v:617$1322'.
     1/1: $0\pair_q[32][19:0]
Creating decoders for process `\IMG_FILTER.$proc$rtl/img_filter.v:617$1317'.
     1/1: $0\pair_q[31][19:0]
Creating decoders for process `\IMG_FILTER.$proc$rtl/img_filter.v:617$1312'.
     1/1: $0\pair_q[30][19:0]
Creating decoders for process `\IMG_FILTER.$proc$rtl/img_filter.v:617$1307'.
     1/1: $0\pair_q[29][19:0]
Creating decoders for process `\IMG_FILTER.$proc$rtl/img_filter.v:617$1302'.
     1/1: $0\pair_q[28][19:0]
Creating decoders for process `\IMG_FILTER.$proc$rtl/img_filter.v:617$1297'.
     1/1: $0\pair_q[27][19:0]
Creating decoders for process `\IMG_FILTER.$proc$rtl/img_filter.v:617$1292'.
     1/1: $0\pair_q[26][19:0]
Creating decoders for process `\IMG_FILTER.$proc$rtl/img_filter.v:617$1287'.
     1/1: $0\pair_q[25][19:0]
Creating decoders for process `\IMG_FILTER.$proc$rtl/img_filter.v:627$1279'.
     1/1: $0\part_q[4][19:0]
Creating decoders for process `\IMG_FILTER.$proc$rtl/img_filter.v:627$1273'.
     1/1: $0\part_q[3][19:0]
Creating decoders for process `\IMG_FILTER.$proc$rtl/img_filter.v:627$1267'.
     1/1: $0\part_q[2][19:0]
Creating decoders for process `\IMG_FILTER.$proc$rtl/img_filter.v:627$1261'.
     1/1: $0\part_q[1][19:0]
Creating decoders for process `\IMG_FILTER.$proc$rtl/img_filter.v:627$1255'.
     1/1: $0\part_q[0][19:0]
Creating decoders for process `\IMG_FILTER.$proc$rtl/img_filter.v:617$1249'.
     1/1: $0\pair_q[24][19:0]
Creating decoders for process `\IMG_FILTER.$proc$rtl/img_filter.v:617$1244'.
     1/1: $0\pair_q[23][19:0]
Creating decoders for process `\IMG_FILTER.$proc$rtl/img_filter.v:617$1239'.
     1/1: $0\pair_q[22][19:0]
Creating decoders for process `\IMG_FILTER.$proc$rtl/img_filter.v:617$1234'.
     1/1: $0\pair_q[21][19:0]
Creating decoders for process `\IMG_FILTER.$proc$rtl/img_filter.v:617$1229'.
     1/1: $0\pair_q[20][19:0]
Creating decoders for process `\IMG_FILTER.$proc$rtl/img_filter.v:617$1224'.
     1/1: $0\pair_q[19][19:0]
Creating decoders for process `\IMG_FILTER.$proc$rtl/img_filter.v:617$1219'.
     1/1: $0\pair_q[18][19:0]
Creating decoders for process `\IMG_FILTER.$proc$rtl/img_filter.v:617$1214'.
     1/1: $0\pair_q[17][19:0]
Creating decoders for process `\IMG_FILTER.$proc$rtl/img_filter.v:617$1209'.
     1/1: $0\pair_q[16][19:0]
Creating decoders for process `\IMG_FILTER.$proc$rtl/img_filter.v:617$1204'.
     1/1: $0\pair_q[15][19:0]
Creating decoders for process `\IMG_FILTER.$proc$rtl/img_filter.v:617$1199'.
     1/1: $0\pair_q[14][19:0]
Creating decoders for process `\IMG_FILTER.$proc$rtl/img_filter.v:617$1194'.
     1/1: $0\pair_q[13][19:0]
Creating decoders for process `\IMG_FILTER.$proc$rtl/img_filter.v:617$1189'.
     1/1: $0\pair_q[12][19:0]
Creating decoders for process `\IMG_FILTER.$proc$rtl/img_filter.v:617$1184'.
     1/1: $0\pair_q[11][19:0]
Creating decoders for process `\IMG_FILTER.$proc$rtl/img_filter.v:617$1179'.
     1/1: $0\pair_q[10][19:0]
Creating decoders for process `\IMG_FILTER.$proc$rtl/img_filter.v:617$1174'.
     1/1: $0\pair_q[9][19:0]
Creating decoders for process `\IMG_FILTER.$proc$rtl/img_filter.v:617$1169'.
     1/1: $0\pair_q[8][19:0]
Creating decoders for process `\IMG_FILTER.$proc$rtl/img_filter.v:617$1164'.
     1/1: $0\pair_q[7][19:0]
Creating decoders for process `\IMG_FILTER.$proc$rtl/img_filter.v:617$1159'.
     1/1: $0\pair_q[6][19:0]
Creating decoders for process `\IMG_FILTER.$proc$rtl/img_filter.v:617$1154'.
     1/1: $0\pair_q[5][19:0]
Creating decoders for process `\IMG_FILTER.$proc$rtl/img_filter.v:617$1149'.
     1/1: $0\pair_q[4][19:0]
Creating decoders for process `\IMG_FILTER.$proc$rtl/img_filter.v:617$1144'.
     1/1: $0\pair_q[3][19:0]
Creating decoders for process `\IMG_FILTER.$proc$rtl/img_filter.v:617$1139'.
     1/1: $0\pair_q[2][19:0]
Creating decoders for process `\IMG_FILTER.$proc$rtl/img_filter.v:617$1134'.
     1/1: $0\pair_q[1][19:0]
Creating decoders for process `\IMG_FILTER.$proc$rtl/img_filter.v:617$1129'.
     1/1: $0\pair_q[0][19:0]
Creating decoders for process `\IMG_FILTER.$proc$rtl/img_filter.v:393$871'.
Creating decoders for process `\IMG_FILTER.$proc$rtl/img_filter.v:392$861'.
Creating decoders for process `\IMG_FILTER.$proc$rtl/img_filter.v:391$851'.
Creating decoders for process `\IMG_FILTER.$proc$rtl/img_filter.v:377$841'.
Creating decoders for process `\IMG_FILTER.$proc$rtl/img_filter.v:377$836'.
Creating decoders for process `\IMG_FILTER.$proc$rtl/img_filter.v:376$826'.
Creating decoders for process `\IMG_FILTER.$proc$rtl/img_filter.v:376$821'.
Creating decoders for process `\IMG_FILTER.$proc$rtl/img_filter.v:375$811'.
Creating decoders for process `\IMG_FILTER.$proc$rtl/img_filter.v:669$313'.
     1/2: $0\oskid_d[159:0]
     2/2: $0\out_pix_data[159:0]
Creating decoders for process `\IMG_FILTER.$proc$rtl/img_filter.v:652$307'.
     1/2: $0\oskid_v[0:0]
     2/2: $0\out_v_q[0:0]
Creating decoders for process `\IMG_FILTER.$proc$rtl/img_filter.v:567$302'.
     1/7: $0\byp_d2[159:0]
     2/7: $0\byp_d1[159:0]
     3/7: $0\cbp_d2[7:0]
     4/7: $0\cbp_d1[7:0]
     5/7: $0\c_d2[391:0]
     6/7: $0\c_d1[391:0]
     7/7: $0\rdata_q[7839:0]
Creating decoders for process `\IMG_FILTER.$proc$rtl/img_filter.v:549$300'.
     1/6: $0\out_d4[0:0]
     2/6: $0\out_d3[0:0]
     3/6: $0\out_d2[0:0]
     4/6: $0\out_d1[0:0]
     5/6: $0\ce_d2[48:0]
     6/6: $0\ce_d1[48:0]
Creating decoders for process `\IMG_FILTER.$proc$rtl/img_filter.v:521$294'.
     1/2: $0\m_cbp[7:0]
     2/2: $0\m_c[391:0]
Creating decoders for process `\IMG_FILTER.$proc$rtl/img_filter.v:508$287'.
     1/4: $0\m_out[0:0]
     2/4: $0\m_addr[8:0]
     3/4: $0\m_1h[48:0]
     4/4: $0\m_ce[48:0]
Creating decoders for process `\IMG_FILTER.$proc$rtl/img_filter.v:494$283'.
     1/1: $0\in_data_q[159:0]
Creating decoders for process `\IMG_FILTER.$proc$rtl/img_filter.v:487$282'.
     1/2: $0\ibuf1[159:0]
     2/2: $0\ibuf0[159:0]
Creating decoders for process `\IMG_FILTER.$proc$rtl/img_filter.v:474$276'.
     1/4: $0\in_need_q[0:0]
     2/4: $0\icnt[1:0]
     3/4: $0\ird[0:0]
     4/4: $0\iwr[0:0]
Creating decoders for process `\IMG_FILTER.$proc$rtl/img_filter.v:439$264'.
     1/3: $0\tlo_f[4:0]
     2/3: $0\ymod_f[5:0]
     3/3: $0\rem_f[11:0]
Creating decoders for process `\IMG_FILTER.$proc$rtl/img_filter.v:431$263'.
     1/3: $0\cbp_cur[7:0]
     2/3: $0\ce_cur[48:0]
     3/3: $0\c_cur[391:0]
Creating decoders for process `\IMG_FILTER.$proc$rtl/img_filter.v:418$259'.
Creating decoders for process `\IMG_FILTER.$proc$rtl/img_filter.v:383$258'.
Creating decoders for process `\IMG_FILTER.$proc$rtl/img_filter.v:267$222'.
     1/6: $0\rem_q[11:0]
     2/6: $0\wbank[5:0]
     3/6: $0\r_cnt[11:0]
     4/6: $0\c_cnt[8:0]
     5/6: $0\state[2:0]
     6/6: $0\prep_cnt[3:0]
Creating decoders for process `\IMG_FILTER.$proc$rtl/img_filter.v:197$177'.
     1/1: $0\mod_x[13:0]
Creating decoders for process `\IMG_FILTER.$proc$rtl/img_filter.v:186$24'.
     1/27: $2\i[31:0]
     2/27: $1\i[31:0]
     3/27: $0\a_sym[24][7:0]
     4/27: $0\a_sym[23][7:0]
     5/27: $0\a_sym[22][7:0]
     6/27: $0\a_sym[21][7:0]
     7/27: $0\a_sym[20][7:0]
     8/27: $0\a_sym[19][7:0]
     9/27: $0\a_sym[18][7:0]
    10/27: $0\a_sym[17][7:0]
    11/27: $0\a_sym[16][7:0]
    12/27: $0\a_sym[15][7:0]
    13/27: $0\a_sym[14][7:0]
    14/27: $0\a_sym[13][7:0]
    15/27: $0\a_sym[12][7:0]
    16/27: $0\a_sym[11][7:0]
    17/27: $0\a_sym[10][7:0]
    18/27: $0\a_sym[9][7:0]
    19/27: $0\a_sym[8][7:0]
    20/27: $0\a_sym[7][7:0]
    21/27: $0\a_sym[6][7:0]
    22/27: $0\a_sym[5][7:0]
    23/27: $0\a_sym[4][7:0]
    24/27: $0\a_sym[3][7:0]
    25/27: $0\a_sym[2][7:0]
    26/27: $0\a_sym[1][7:0]
    27/27: $0\a_sym[0][7:0]
Creating decoders for process `\IMG_FILTER.$proc$rtl/img_filter.v:157$20'.
     1/4: $0\coef_q[199:0]
     2/4: $0\hv_q[4:0]
     3/4: $0\nbm1_q[8:0]
     4/4: $0\h_m1_q[11:0]

4.8. Executing PROC_DLATCH pass (convert process syncs to latches).
No latch inferred for signal `\IMG_FILTER.\rndv[15]' from process `\IMG_FILTER.$proc$rtl/img_filter.v:635$3749'.
No latch inferred for signal `\IMG_FILTER.\total[15]' from process `\IMG_FILTER.$proc$rtl/img_filter.v:631$3744'.
No latch inferred for signal `\IMG_FILTER.\rndv[14]' from process `\IMG_FILTER.$proc$rtl/img_filter.v:635$3743'.
No latch inferred for signal `\IMG_FILTER.\total[14]' from process `\IMG_FILTER.$proc$rtl/img_filter.v:631$3738'.
No latch inferred for signal `\IMG_FILTER.\rndv[13]' from process `\IMG_FILTER.$proc$rtl/img_filter.v:635$3737'.
No latch inferred for signal `\IMG_FILTER.\total[13]' from process `\IMG_FILTER.$proc$rtl/img_filter.v:631$3732'.
No latch inferred for signal `\IMG_FILTER.\rndv[12]' from process `\IMG_FILTER.$proc$rtl/img_filter.v:635$3731'.
No latch inferred for signal `\IMG_FILTER.\total[12]' from process `\IMG_FILTER.$proc$rtl/img_filter.v:631$3726'.
No latch inferred for signal `\IMG_FILTER.\rndv[11]' from process `\IMG_FILTER.$proc$rtl/img_filter.v:635$3725'.
No latch inferred for signal `\IMG_FILTER.\total[11]' from process `\IMG_FILTER.$proc$rtl/img_filter.v:631$3720'.
No latch inferred for signal `\IMG_FILTER.\rndv[10]' from process `\IMG_FILTER.$proc$rtl/img_filter.v:635$3719'.
No latch inferred for signal `\IMG_FILTER.\total[10]' from process `\IMG_FILTER.$proc$rtl/img_filter.v:631$3714'.
No latch inferred for signal `\IMG_FILTER.\rndv[9]' from process `\IMG_FILTER.$proc$rtl/img_filter.v:635$3713'.
No latch inferred for signal `\IMG_FILTER.\total[9]' from process `\IMG_FILTER.$proc$rtl/img_filter.v:631$3708'.
No latch inferred for signal `\IMG_FILTER.\rndv[8]' from process `\IMG_FILTER.$proc$rtl/img_filter.v:635$3707'.
No latch inferred for signal `\IMG_FILTER.\total[8]' from process `\IMG_FILTER.$proc$rtl/img_filter.v:631$3702'.
No latch inferred for signal `\IMG_FILTER.\rndv[7]' from process `\IMG_FILTER.$proc$rtl/img_filter.v:635$3701'.
No latch inferred for signal `\IMG_FILTER.\total[7]' from process `\IMG_FILTER.$proc$rtl/img_filter.v:631$3696'.
No latch inferred for signal `\IMG_FILTER.\rndv[6]' from process `\IMG_FILTER.$proc$rtl/img_filter.v:635$3695'.
No latch inferred for signal `\IMG_FILTER.\total[6]' from process `\IMG_FILTER.$proc$rtl/img_filter.v:631$3690'.
No latch inferred for signal `\IMG_FILTER.\rndv[5]' from process `\IMG_FILTER.$proc$rtl/img_filter.v:635$3689'.
No latch inferred for signal `\IMG_FILTER.\total[5]' from process `\IMG_FILTER.$proc$rtl/img_filter.v:631$3684'.
No latch inferred for signal `\IMG_FILTER.\rndv[4]' from process `\IMG_FILTER.$proc$rtl/img_filter.v:635$3683'.
No latch inferred for signal `\IMG_FILTER.\total[4]' from process `\IMG_FILTER.$proc$rtl/img_filter.v:631$3678'.
No latch inferred for signal `\IMG_FILTER.\rndv[3]' from process `\IMG_FILTER.$proc$rtl/img_filter.v:635$3677'.
No latch inferred for signal `\IMG_FILTER.\total[3]' from process `\IMG_FILTER.$proc$rtl/img_filter.v:631$3672'.
No latch inferred for signal `\IMG_FILTER.\rndv[2]' from process `\IMG_FILTER.$proc$rtl/img_filter.v:635$3671'.
No latch inferred for signal `\IMG_FILTER.\total[2]' from process `\IMG_FILTER.$proc$rtl/img_filter.v:631$3666'.
No latch inferred for signal `\IMG_FILTER.\rndv[1]' from process `\IMG_FILTER.$proc$rtl/img_filter.v:635$3665'.
No latch inferred for signal `\IMG_FILTER.\total[1]' from process `\IMG_FILTER.$proc$rtl/img_filter.v:631$3660'.
No latch inferred for signal `\IMG_FILTER.\rndv[0]' from process `\IMG_FILTER.$proc$rtl/img_filter.v:635$3659'.
No latch inferred for signal `\IMG_FILTER.\total[0]' from process `\IMG_FILTER.$proc$rtl/img_filter.v:631$3654'.
No latch inferred for signal `\IMG_FILTER.\rot49_hi$func$rtl/img_filter.v:393$11.$result' from process `\IMG_FILTER.$proc$rtl/img_filter.v:393$871'.
No latch inferred for signal `\IMG_FILTER.\rot49_hi$func$rtl/img_filter.v:392$10.$result' from process `\IMG_FILTER.$proc$rtl/img_filter.v:392$861'.
No latch inferred for signal `\IMG_FILTER.\rot49_hi$func$rtl/img_filter.v:391$9.$result' from process `\IMG_FILTER.$proc$rtl/img_filter.v:391$851'.
No latch inferred for signal `\IMG_FILTER.\rot49_lo$func$rtl/img_filter.v:377$8.$result' from process `\IMG_FILTER.$proc$rtl/img_filter.v:377$841'.
No latch inferred for signal `\IMG_FILTER.\rev49$func$rtl/img_filter.v:377$7.$result' from process `\IMG_FILTER.$proc$rtl/img_filter.v:377$836'.
No latch inferred for signal `\IMG_FILTER.\rot49_lo$func$rtl/img_filter.v:376$6.$result' from process `\IMG_FILTER.$proc$rtl/img_filter.v:376$826'.
No latch inferred for signal `\IMG_FILTER.\rev49$func$rtl/img_filter.v:376$5.$result' from process `\IMG_FILTER.$proc$rtl/img_filter.v:376$821'.
No latch inferred for signal `\IMG_FILTER.\rot49_lo$func$rtl/img_filter.v:375$4.$result' from process `\IMG_FILTER.$proc$rtl/img_filter.v:375$811'.

4.9. Executing PROC_DFF pass (convert process syncs to FFs).
Creating register for signal `\IMG_FILTER.\part_q[79]' using process `\IMG_FILTER.$proc$rtl/img_filter.v:627$3649'.
  created $dff cell `$procdff$5025' with positive edge clock.
Creating register for signal `\IMG_FILTER.\part_q[78]' using process `\IMG_FILTER.$proc$rtl/img_filter.v:627$3643'.
  created $dff cell `$procdff$5026' with positive edge clock.
Creating register for signal `\IMG_FILTER.\part_q[77]' using process `\IMG_FILTER.$proc$rtl/img_filter.v:627$3637'.
  created $dff cell `$procdff$5027' with positive edge clock.
Creating register for signal `\IMG_FILTER.\part_q[76]' using process `\IMG_FILTER.$proc$rtl/img_filter.v:627$3631'.
  created $dff cell `$procdff$5028' with positive edge clock.
Creating register for signal `\IMG_FILTER.\part_q[75]' using process `\IMG_FILTER.$proc$rtl/img_filter.v:627$3625'.
  created $dff cell `$procdff$5029' with positive edge clock.
Creating register for signal `\IMG_FILTER.\pair_q[399]' using process `\IMG_FILTER.$proc$rtl/img_filter.v:617$3619'.
  created $dff cell `$procdff$5030' with positive edge clock.
Creating register for signal `\IMG_FILTER.\pair_q[398]' using process `\IMG_FILTER.$proc$rtl/img_filter.v:617$3614'.
  created $dff cell `$procdff$5031' with positive edge clock.
Creating register for signal `\IMG_FILTER.\pair_q[397]' using process `\IMG_FILTER.$proc$rtl/img_filter.v:617$3609'.
  created $dff cell `$procdff$5032' with positive edge clock.
Creating register for signal `\IMG_FILTER.\pair_q[396]' using process `\IMG_FILTER.$proc$rtl/img_filter.v:617$3604'.
  created $dff cell `$procdff$5033' with positive edge clock.
Creating register for signal `\IMG_FILTER.\pair_q[395]' using process `\IMG_FILTER.$proc$rtl/img_filter.v:617$3599'.
  created $dff cell `$procdff$5034' with positive edge clock.
Creating register for signal `\IMG_FILTER.\pair_q[394]' using process `\IMG_FILTER.$proc$rtl/img_filter.v:617$3594'.
  created $dff cell `$procdff$5035' with positive edge clock.
Creating register for signal `\IMG_FILTER.\pair_q[393]' using process `\IMG_FILTER.$proc$rtl/img_filter.v:617$3589'.
  created $dff cell `$procdff$5036' with positive edge clock.
Creating register for signal `\IMG_FILTER.\pair_q[392]' using process `\IMG_FILTER.$proc$rtl/img_filter.v:617$3584'.
  created $dff cell `$procdff$5037' with positive edge clock.
Creating register for signal `\IMG_FILTER.\pair_q[391]' using process `\IMG_FILTER.$proc$rtl/img_filter.v:617$3579'.
  created $dff cell `$procdff$5038' with positive edge clock.
Creating register for signal `\IMG_FILTER.\pair_q[390]' using process `\IMG_FILTER.$proc$rtl/img_filter.v:617$3574'.
  created $dff cell `$procdff$5039' with positive edge clock.
Creating register for signal `\IMG_FILTER.\pair_q[389]' using process `\IMG_FILTER.$proc$rtl/img_filter.v:617$3569'.
  created $dff cell `$procdff$5040' with positive edge clock.
Creating register for signal `\IMG_FILTER.\pair_q[388]' using process `\IMG_FILTER.$proc$rtl/img_filter.v:617$3564'.
  created $dff cell `$procdff$5041' with positive edge clock.
Creating register for signal `\IMG_FILTER.\pair_q[387]' using process `\IMG_FILTER.$proc$rtl/img_filter.v:617$3559'.
  created $dff cell `$procdff$5042' with positive edge clock.
Creating register for signal `\IMG_FILTER.\pair_q[386]' using process `\IMG_FILTER.$proc$rtl/img_filter.v:617$3554'.
  created $dff cell `$procdff$5043' with positive edge clock.
Creating register for signal `\IMG_FILTER.\pair_q[385]' using process `\IMG_FILTER.$proc$rtl/img_filter.v:617$3549'.
  created $dff cell `$procdff$5044' with positive edge clock.
Creating register for signal `\IMG_FILTER.\pair_q[384]' using process `\IMG_FILTER.$proc$rtl/img_filter.v:617$3544'.
  created $dff cell `$procdff$5045' with positive edge clock.
Creating register for signal `\IMG_FILTER.\pair_q[383]' using process `\IMG_FILTER.$proc$rtl/img_filter.v:617$3539'.
  created $dff cell `$procdff$5046' with positive edge clock.
Creating register for signal `\IMG_FILTER.\pair_q[382]' using process `\IMG_FILTER.$proc$rtl/img_filter.v:617$3534'.
  created $dff cell `$procdff$5047' with positive edge clock.
Creating register for signal `\IMG_FILTER.\pair_q[381]' using process `\IMG_FILTER.$proc$rtl/img_filter.v:617$3529'.
  created $dff cell `$procdff$5048' with positive edge clock.
Creating register for signal `\IMG_FILTER.\pair_q[380]' using process `\IMG_FILTER.$proc$rtl/img_filter.v:617$3524'.
  created $dff cell `$procdff$5049' with positive edge clock.
Creating register for signal `\IMG_FILTER.\pair_q[379]' using process `\IMG_FILTER.$proc$rtl/img_filter.v:617$3519'.
  created $dff cell `$procdff$5050' with positive edge clock.
Creating register for signal `\IMG_FILTER.\pair_q[378]' using process `\IMG_FILTER.$proc$rtl/img_filter.v:617$3514'.
  created $dff cell `$procdff$5051' with positive edge clock.
Creating register for signal `\IMG_FILTER.\pair_q[377]' using process `\IMG_FILTER.$proc$rtl/img_filter.v:617$3509'.
  created $dff cell `$procdff$5052' with positive edge clock.
Creating register for signal `\IMG_FILTER.\pair_q[376]' using process `\IMG_FILTER.$proc$rtl/img_filter.v:617$3504'.
  created $dff cell `$procdff$5053' with positive edge clock.
Creating register for signal `\IMG_FILTER.\pair_q[375]' using process `\IMG_FILTER.$proc$rtl/img_filter.v:617$3499'.
  created $dff cell `$procdff$5054' with positive edge clock.
Creating register for signal `\IMG_FILTER.\part_q[74]' using process `\IMG_FILTER.$proc$rtl/img_filter.v:627$3491'.
  created $dff cell `$procdff$5055' with positive edge clock.
Creating register for signal `\IMG_FILTER.\part_q[73]' using process `\IMG_FILTER.$proc$rtl/img_filter.v:627$3485'.
  created $dff cell `$procdff$5056' with positive edge clock.
Creating register for signal `\IMG_FILTER.\part_q[72]' using process `\IMG_FILTER.$proc$rtl/img_filter.v:627$3479'.
  created $dff cell `$procdff$5057' with positive edge clock.
Creating register for signal `\IMG_FILTER.\part_q[71]' using process `\IMG_FILTER.$proc$rtl/img_filter.v:627$3473'.
  created $dff cell `$procdff$5058' with positive edge clock.
Creating register for signal `\IMG_FILTER.\part_q[70]' using process `\IMG_FILTER.$proc$rtl/img_filter.v:627$3467'.
  created $dff cell `$procdff$5059' with positive edge clock.
Creating register for signal `\IMG_FILTER.\pair_q[374]' using process `\IMG_FILTER.$proc$rtl/img_filter.v:617$3461'.
  created $dff cell `$procdff$5060' with positive edge clock.
Creating register for signal `\IMG_FILTER.\pair_q[373]' using process `\IMG_FILTER.$proc$rtl/img_filter.v:617$3456'.
  created $dff cell `$procdff$5061' with positive edge clock.
Creating register for signal `\IMG_FILTER.\pair_q[372]' using process `\IMG_FILTER.$proc$rtl/img_filter.v:617$3451'.
  created $dff cell `$procdff$5062' with positive edge clock.
Creating register for signal `\IMG_FILTER.\pair_q[371]' using process `\IMG_FILTER.$proc$rtl/img_filter.v:617$3446'.
  created $dff cell `$procdff$5063' with positive edge clock.
Creating register for signal `\IMG_FILTER.\pair_q[370]' using process `\IMG_FILTER.$proc$rtl/img_filter.v:617$3441'.
  created $dff cell `$procdff$5064' with positive edge clock.
Creating register for signal `\IMG_FILTER.\pair_q[369]' using process `\IMG_FILTER.$proc$rtl/img_filter.v:617$3436'.
  created $dff cell `$procdff$5065' with positive edge clock.
Creating register for signal `\IMG_FILTER.\pair_q[368]' using process `\IMG_FILTER.$proc$rtl/img_filter.v:617$3431'.
  created $dff cell `$procdff$5066' with positive edge clock.
Creating register for signal `\IMG_FILTER.\pair_q[367]' using process `\IMG_FILTER.$proc$rtl/img_filter.v:617$3426'.
  created $dff cell `$procdff$5067' with positive edge clock.
Creating register for signal `\IMG_FILTER.\pair_q[366]' using process `\IMG_FILTER.$proc$rtl/img_filter.v:617$3421'.
  created $dff cell `$procdff$5068' with positive edge clock.
Creating register for signal `\IMG_FILTER.\pair_q[365]' using process `\IMG_FILTER.$proc$rtl/img_filter.v:617$3416'.
  created $dff cell `$procdff$5069' with positive edge clock.
Creating register for signal `\IMG_FILTER.\pair_q[364]' using process `\IMG_FILTER.$proc$rtl/img_filter.v:617$3411'.
  created $dff cell `$procdff$5070' with positive edge clock.
Creating register for signal `\IMG_FILTER.\pair_q[363]' using process `\IMG_FILTER.$proc$rtl/img_filter.v:617$3406'.
  created $dff cell `$procdff$5071' with positive edge clock.
Creating register for signal `\IMG_FILTER.\pair_q[362]' using process `\IMG_FILTER.$proc$rtl/img_filter.v:617$3401'.
  created $dff cell `$procdff$5072' with positive edge clock.
Creating register for signal `\IMG_FILTER.\pair_q[361]' using process `\IMG_FILTER.$proc$rtl/img_filter.v:617$3396'.
  created $dff cell `$procdff$5073' with positive edge clock.
Creating register for signal `\IMG_FILTER.\pair_q[360]' using process `\IMG_FILTER.$proc$rtl/img_filter.v:617$3391'.
  created $dff cell `$procdff$5074' with positive edge clock.
Creating register for signal `\IMG_FILTER.\pair_q[359]' using process `\IMG_FILTER.$proc$rtl/img_filter.v:617$3386'.
  created $dff cell `$procdff$5075' with positive edge clock.
Creating register for signal `\IMG_FILTER.\pair_q[358]' using process `\IMG_FILTER.$proc$rtl/img_filter.v:617$3381'.
  created $dff cell `$procdff$5076' with positive edge clock.
Creating register for signal `\IMG_FILTER.\pair_q[357]' using process `\IMG_FILTER.$proc$rtl/img_filter.v:617$3376'.
  created $dff cell `$procdff$5077' with positive edge clock.
Creating register for signal `\IMG_FILTER.\pair_q[356]' using process `\IMG_FILTER.$proc$rtl/img_filter.v:617$3371'.
  created $dff cell `$procdff$5078' with positive edge clock.
Creating register for signal `\IMG_FILTER.\pair_q[355]' using process `\IMG_FILTER.$proc$rtl/img_filter.v:617$3366'.
  created $dff cell `$procdff$5079' with positive edge clock.
Creating register for signal `\IMG_FILTER.\pair_q[354]' using process `\IMG_FILTER.$proc$rtl/img_filter.v:617$3361'.
  created $dff cell `$procdff$5080' with positive edge clock.
Creating register for signal `\IMG_FILTER.\pair_q[353]' using process `\IMG_FILTER.$proc$rtl/img_filter.v:617$3356'.
  created $dff cell `$procdff$5081' with positive edge clock.
Creating register for signal `\IMG_FILTER.\pair_q[352]' using process `\IMG_FILTER.$proc$rtl/img_filter.v:617$3351'.
  created $dff cell `$procdff$5082' with positive edge clock.
Creating register for signal `\IMG_FILTER.\pair_q[351]' using process `\IMG_FILTER.$proc$rtl/img_filter.v:617$3346'.
  created $dff cell `$procdff$5083' with positive edge clock.
Creating register for signal `\IMG_FILTER.\pair_q[350]' using process `\IMG_FILTER.$proc$rtl/img_filter.v:617$3341'.
  created $dff cell `$procdff$5084' with positive edge clock.
Creating register for signal `\IMG_FILTER.\part_q[69]' using process `\IMG_FILTER.$proc$rtl/img_filter.v:627$3333'.
  created $dff cell `$procdff$5085' with positive edge clock.
Creating register for signal `\IMG_FILTER.\part_q[68]' using process `\IMG_FILTER.$proc$rtl/img_filter.v:627$3327'.
  created $dff cell `$procdff$5086' with positive edge clock.
Creating register for signal `\IMG_FILTER.\part_q[67]' using process `\IMG_FILTER.$proc$rtl/img_filter.v:627$3321'.
  created $dff cell `$procdff$5087' with positive edge clock.
Creating register for signal `\IMG_FILTER.\part_q[66]' using process `\IMG_FILTER.$proc$rtl/img_filter.v:627$3315'.
  created $dff cell `$procdff$5088' with positive edge clock.
Creating register for signal `\IMG_FILTER.\part_q[65]' using process `\IMG_FILTER.$proc$rtl/img_filter.v:627$3309'.
  created $dff cell `$procdff$5089' with positive edge clock.
Creating register for signal `\IMG_FILTER.\pair_q[349]' using process `\IMG_FILTER.$proc$rtl/img_filter.v:617$3303'.
  created $dff cell `$procdff$5090' with positive edge clock.
Creating register for signal `\IMG_FILTER.\pair_q[348]' using process `\IMG_FILTER.$proc$rtl/img_filter.v:617$3298'.
  created $dff cell `$procdff$5091' with positive edge clock.
Creating register for signal `\IMG_FILTER.\pair_q[347]' using process `\IMG_FILTER.$proc$rtl/img_filter.v:617$3293'.
  created $dff cell `$procdff$5092' with positive edge clock.
Creating register for signal `\IMG_FILTER.\pair_q[346]' using process `\IMG_FILTER.$proc$rtl/img_filter.v:617$3288'.
  created $dff cell `$procdff$5093' with positive edge clock.
Creating register for signal `\IMG_FILTER.\pair_q[345]' using process `\IMG_FILTER.$proc$rtl/img_filter.v:617$3283'.
  created $dff cell `$procdff$5094' with positive edge clock.
Creating register for signal `\IMG_FILTER.\pair_q[344]' using process `\IMG_FILTER.$proc$rtl/img_filter.v:617$3278'.
  created $dff cell `$procdff$5095' with positive edge clock.
Creating register for signal `\IMG_FILTER.\pair_q[343]' using process `\IMG_FILTER.$proc$rtl/img_filter.v:617$3273'.
  created $dff cell `$procdff$5096' with positive edge clock.
Creating register for signal `\IMG_FILTER.\pair_q[342]' using process `\IMG_FILTER.$proc$rtl/img_filter.v:617$3268'.
  created $dff cell `$procdff$5097' with positive edge clock.
Creating register for signal `\IMG_FILTER.\pair_q[341]' using process `\IMG_FILTER.$proc$rtl/img_filter.v:617$3263'.
  created $dff cell `$procdff$5098' with positive edge clock.
Creating register for signal `\IMG_FILTER.\pair_q[340]' using process `\IMG_FILTER.$proc$rtl/img_filter.v:617$3258'.
  created $dff cell `$procdff$5099' with positive edge clock.
Creating register for signal `\IMG_FILTER.\pair_q[339]' using process `\IMG_FILTER.$proc$rtl/img_filter.v:617$3253'.
  created $dff cell `$procdff$5100' with positive edge clock.
Creating register for signal `\IMG_FILTER.\pair_q[338]' using process `\IMG_FILTER.$proc$rtl/img_filter.v:617$3248'.
  created $dff cell `$procdff$5101' with positive edge clock.
Creating register for signal `\IMG_FILTER.\pair_q[337]' using process `\IMG_FILTER.$proc$rtl/img_filter.v:617$3243'.
  created $dff cell `$procdff$5102' with positive edge clock.
Creating register for signal `\IMG_FILTER.\pair_q[336]' using process `\IMG_FILTER.$proc$rtl/img_filter.v:617$3238'.
  created $dff cell `$procdff$5103' with positive edge clock.
Creating register for signal `\IMG_FILTER.\pair_q[335]' using process `\IMG_FILTER.$proc$rtl/img_filter.v:617$3233'.
  created $dff cell `$procdff$5104' with positive edge clock.
Creating register for signal `\IMG_FILTER.\pair_q[334]' using process `\IMG_FILTER.$proc$rtl/img_filter.v:617$3228'.
  created $dff cell `$procdff$5105' with positive edge clock.
Creating register for signal `\IMG_FILTER.\pair_q[333]' using process `\IMG_FILTER.$proc$rtl/img_filter.v:617$3223'.
  created $dff cell `$procdff$5106' with positive edge clock.
Creating register for signal `\IMG_FILTER.\pair_q[332]' using process `\IMG_FILTER.$proc$rtl/img_filter.v:617$3218'.
  created $dff cell `$procdff$5107' with positive edge clock.
Creating register for signal `\IMG_FILTER.\pair_q[331]' using process `\IMG_FILTER.$proc$rtl/img_filter.v:617$3213'.
  created $dff cell `$procdff$5108' with positive edge clock.
Creating register for signal `\IMG_FILTER.\pair_q[330]' using process `\IMG_FILTER.$proc$rtl/img_filter.v:617$3208'.
  created $dff cell `$procdff$5109' with positive edge clock.
Creating register for signal `\IMG_FILTER.\pair_q[329]' using process `\IMG_FILTER.$proc$rtl/img_filter.v:617$3203'.
  created $dff cell `$procdff$5110' with positive edge clock.
Creating register for signal `\IMG_FILTER.\pair_q[328]' using process `\IMG_FILTER.$proc$rtl/img_filter.v:617$3198'.
  created $dff cell `$procdff$5111' with positive edge clock.
Creating register for signal `\IMG_FILTER.\pair_q[327]' using process `\IMG_FILTER.$proc$rtl/img_filter.v:617$3193'.
  created $dff cell `$procdff$5112' with positive edge clock.
Creating register for signal `\IMG_FILTER.\pair_q[326]' using process `\IMG_FILTER.$proc$rtl/img_filter.v:617$3188'.
  created $dff cell `$procdff$5113' with positive edge clock.
Creating register for signal `\IMG_FILTER.\pair_q[325]' using process `\IMG_FILTER.$proc$rtl/img_filter.v:617$3183'.
  created $dff cell `$procdff$5114' with positive edge clock.
Creating register for signal `\IMG_FILTER.\part_q[64]' using process `\IMG_FILTER.$proc$rtl/img_filter.v:627$3175'.
  created $dff cell `$procdff$5115' with positive edge clock.
Creating register for signal `\IMG_FILTER.\part_q[63]' using process `\IMG_FILTER.$proc$rtl/img_filter.v:627$3169'.
  created $dff cell `$procdff$5116' with positive edge clock.
Creating register for signal `\IMG_FILTER.\part_q[62]' using process `\IMG_FILTER.$proc$rtl/img_filter.v:627$3163'.
  created $dff cell `$procdff$5117' with positive edge clock.
Creating register for signal `\IMG_FILTER.\part_q[61]' using process `\IMG_FILTER.$proc$rtl/img_filter.v:627$3157'.
  created $dff cell `$procdff$5118' with positive edge clock.
Creating register for signal `\IMG_FILTER.\part_q[60]' using process `\IMG_FILTER.$proc$rtl/img_filter.v:627$3151'.
  created $dff cell `$procdff$5119' with positive edge clock.
Creating register for signal `\IMG_FILTER.\pair_q[324]' using process `\IMG_FILTER.$proc$rtl/img_filter.v:617$3145'.
  created $dff cell `$procdff$5120' with positive edge clock.
Creating register for signal `\IMG_FILTER.\pair_q[323]' using process `\IMG_FILTER.$proc$rtl/img_filter.v:617$3140'.
  created $dff cell `$procdff$5121' with positive edge clock.
Creating register for signal `\IMG_FILTER.\pair_q[322]' using process `\IMG_FILTER.$proc$rtl/img_filter.v:617$3135'.
  created $dff cell `$procdff$5122' with positive edge clock.
Creating register for signal `\IMG_FILTER.\pair_q[321]' using process `\IMG_FILTER.$proc$rtl/img_filter.v:617$3130'.
  created $dff cell `$procdff$5123' with positive edge clock.
Creating register for signal `\IMG_FILTER.\pair_q[320]' using process `\IMG_FILTER.$proc$rtl/img_filter.v:617$3125'.
  created $dff cell `$procdff$5124' with positive edge clock.
Creating register for signal `\IMG_FILTER.\pair_q[319]' using process `\IMG_FILTER.$proc$rtl/img_filter.v:617$3120'.
  created $dff cell `$procdff$5125' with positive edge clock.
Creating register for signal `\IMG_FILTER.\pair_q[318]' using process `\IMG_FILTER.$proc$rtl/img_filter.v:617$3115'.
  created $dff cell `$procdff$5126' with positive edge clock.
Creating register for signal `\IMG_FILTER.\pair_q[317]' using process `\IMG_FILTER.$proc$rtl/img_filter.v:617$3110'.
  created $dff cell `$procdff$5127' with positive edge clock.
Creating register for signal `\IMG_FILTER.\pair_q[316]' using process `\IMG_FILTER.$proc$rtl/img_filter.v:617$3105'.
  created $dff cell `$procdff$5128' with positive edge clock.
Creating register for signal `\IMG_FILTER.\pair_q[315]' using process `\IMG_FILTER.$proc$rtl/img_filter.v:617$3100'.
  created $dff cell `$procdff$5129' with positive edge clock.
Creating register for signal `\IMG_FILTER.\pair_q[314]' using process `\IMG_FILTER.$proc$rtl/img_filter.v:617$3095'.
  created $dff cell `$procdff$5130' with positive edge clock.
Creating register for signal `\IMG_FILTER.\pair_q[313]' using process `\IMG_FILTER.$proc$rtl/img_filter.v:617$3090'.
  created $dff cell `$procdff$5131' with positive edge clock.
Creating register for signal `\IMG_FILTER.\pair_q[312]' using process `\IMG_FILTER.$proc$rtl/img_filter.v:617$3085'.
  created $dff cell `$procdff$5132' with positive edge clock.
Creating register for signal `\IMG_FILTER.\pair_q[311]' using process `\IMG_FILTER.$proc$rtl/img_filter.v:617$3080'.
  created $dff cell `$procdff$5133' with positive edge clock.
Creating register for signal `\IMG_FILTER.\pair_q[310]' using process `\IMG_FILTER.$proc$rtl/img_filter.v:617$3075'.
  created $dff cell `$procdff$5134' with positive edge clock.
Creating register for signal `\IMG_FILTER.\pair_q[309]' using process `\IMG_FILTER.$proc$rtl/img_filter.v:617$3070'.
  created $dff cell `$procdff$5135' with positive edge clock.
Creating register for signal `\IMG_FILTER.\pair_q[308]' using process `\IMG_FILTER.$proc$rtl/img_filter.v:617$3065'.
  created $dff cell `$procdff$5136' with positive edge clock.
Creating register for signal `\IMG_FILTER.\pair_q[307]' using process `\IMG_FILTER.$proc$rtl/img_filter.v:617$3060'.
  created $dff cell `$procdff$5137' with positive edge clock.
Creating register for signal `\IMG_FILTER.\pair_q[306]' using process `\IMG_FILTER.$proc$rtl/img_filter.v:617$3055'.
  created $dff cell `$procdff$5138' with positive edge clock.
Creating register for signal `\IMG_FILTER.\pair_q[305]' using process `\IMG_FILTER.$proc$rtl/img_filter.v:617$3050'.
  created $dff cell `$procdff$5139' with positive edge clock.
Creating register for signal `\IMG_FILTER.\pair_q[304]' using process `\IMG_FILTER.$proc$rtl/img_filter.v:617$3045'.
  created $dff cell `$procdff$5140' with positive edge clock.
Creating register for signal `\IMG_FILTER.\pair_q[303]' using process `\IMG_FILTER.$proc$rtl/img_filter.v:617$3040'.
  created $dff cell `$procdff$5141' with positive edge clock.
Creating register for signal `\IMG_FILTER.\pair_q[302]' using process `\IMG_FILTER.$proc$rtl/img_filter.v:617$3035'.
  created $dff cell `$procdff$5142' with positive edge clock.
Creating register for signal `\IMG_FILTER.\pair_q[301]' using process `\IMG_FILTER.$proc$rtl/img_filter.v:617$3030'.
  created $dff cell `$procdff$5143' with positive edge clock.
Creating register for signal `\IMG_FILTER.\pair_q[300]' using process `\IMG_FILTER.$proc$rtl/img_filter.v:617$3025'.
  created $dff cell `$procdff$5144' with positive edge clock.
Creating register for signal `\IMG_FILTER.\part_q[59]' using process `\IMG_FILTER.$proc$rtl/img_filter.v:627$3017'.
  created $dff cell `$procdff$5145' with positive edge clock.
Creating register for signal `\IMG_FILTER.\part_q[58]' using process `\IMG_FILTER.$proc$rtl/img_filter.v:627$3011'.
  created $dff cell `$procdff$5146' with positive edge clock.
Creating register for signal `\IMG_FILTER.\part_q[57]' using process `\IMG_FILTER.$proc$rtl/img_filter.v:627$3005'.
  created $dff cell `$procdff$5147' with positive edge clock.
Creating register for signal `\IMG_FILTER.\part_q[56]' using process `\IMG_FILTER.$proc$rtl/img_filter.v:627$2999'.
  created $dff cell `$procdff$5148' with positive edge clock.
Creating register for signal `\IMG_FILTER.\part_q[55]' using process `\IMG_FILTER.$proc$rtl/img_filter.v:627$2993'.
  created $dff cell `$procdff$5149' with positive edge clock.
Creating register for signal `\IMG_FILTER.\pair_q[299]' using process `\IMG_FILTER.$proc$rtl/img_filter.v:617$2987'.
  created $dff cell `$procdff$5150' with positive edge clock.
Creating register for signal `\IMG_FILTER.\pair_q[298]' using process `\IMG_FILTER.$proc$rtl/img_filter.v:617$2982'.
  created $dff cell `$procdff$5151' with positive edge clock.
Creating register for signal `\IMG_FILTER.\pair_q[297]' using process `\IMG_FILTER.$proc$rtl/img_filter.v:617$2977'.
  created $dff cell `$procdff$5152' with positive edge clock.
Creating register for signal `\IMG_FILTER.\pair_q[296]' using process `\IMG_FILTER.$proc$rtl/img_filter.v:617$2972'.
  created $dff cell `$procdff$5153' with positive edge clock.
Creating register for signal `\IMG_FILTER.\pair_q[295]' using process `\IMG_FILTER.$proc$rtl/img_filter.v:617$2967'.
  created $dff cell `$procdff$5154' with positive edge clock.
Creating register for signal `\IMG_FILTER.\pair_q[294]' using process `\IMG_FILTER.$proc$rtl/img_filter.v:617$2962'.
  created $dff cell `$procdff$5155' with positive edge clock.
Creating register for signal `\IMG_FILTER.\pair_q[293]' using process `\IMG_FILTER.$proc$rtl/img_filter.v:617$2957'.
  created $dff cell `$procdff$5156' with positive edge clock.
Creating register for signal `\IMG_FILTER.\pair_q[292]' using process `\IMG_FILTER.$proc$rtl/img_filter.v:617$2952'.
  created $dff cell `$procdff$5157' with positive edge clock.
Creating register for signal `\IMG_FILTER.\pair_q[291]' using process `\IMG_FILTER.$proc$rtl/img_filter.v:617$2947'.
  created $dff cell `$procdff$5158' with positive edge clock.
Creating register for signal `\IMG_FILTER.\pair_q[290]' using process `\IMG_FILTER.$proc$rtl/img_filter.v:617$2942'.
  created $dff cell `$procdff$5159' with positive edge clock.
Creating register for signal `\IMG_FILTER.\pair_q[289]' using process `\IMG_FILTER.$proc$rtl/img_filter.v:617$2937'.
  created $dff cell `$procdff$5160' with positive edge clock.
Creating register for signal `\IMG_FILTER.\pair_q[288]' using process `\IMG_FILTER.$proc$rtl/img_filter.v:617$2932'.
  created $dff cell `$procdff$5161' with positive edge clock.
Creating register for signal `\IMG_FILTER.\pair_q[287]' using process `\IMG_FILTER.$proc$rtl/img_filter.v:617$2927'.
  created $dff cell `$procdff$5162' with positive edge clock.
Creating register for signal `\IMG_FILTER.\pair_q[286]' using process `\IMG_FILTER.$proc$rtl/img_filter.v:617$2922'.
  created $dff cell `$procdff$5163' with positive edge clock.
Creating register for signal `\IMG_FILTER.\pair_q[285]' using process `\IMG_FILTER.$proc$rtl/img_filter.v:617$2917'.
  created $dff cell `$procdff$5164' with positive edge clock.
Creating register for signal `\IMG_FILTER.\pair_q[284]' using process `\IMG_FILTER.$proc$rtl/img_filter.v:617$2912'.
  created $dff cell `$procdff$5165' with positive edge clock.
Creating register for signal `\IMG_FILTER.\pair_q[283]' using process `\IMG_FILTER.$proc$rtl/img_filter.v:617$2907'.
  created $dff cell `$procdff$5166' with positive edge clock.
Creating register for signal `\IMG_FILTER.\pair_q[282]' using process `\IMG_FILTER.$proc$rtl/img_filter.v:617$2902'.
  created $dff cell `$procdff$5167' with positive edge clock.
Creating register for signal `\IMG_FILTER.\pair_q[281]' using process `\IMG_FILTER.$proc$rtl/img_filter.v:617$2897'.
  created $dff cell `$procdff$5168' with positive edge clock.
Creating register for signal `\IMG_FILTER.\pair_q[280]' using process `\IMG_FILTER.$proc$rtl/img_filter.v:617$2892'.
  created $dff cell `$procdff$5169' with positive edge clock.
Creating register for signal `\IMG_FILTER.\pair_q[279]' using process `\IMG_FILTER.$proc$rtl/img_filter.v:617$2887'.
  created $dff cell `$procdff$5170' with positive edge clock.
Creating register for signal `\IMG_FILTER.\pair_q[278]' using process `\IMG_FILTER.$proc$rtl/img_filter.v:617$2882'.
  created $dff cell `$procdff$5171' with positive edge clock.
Creating register for signal `\IMG_FILTER.\pair_q[277]' using process `\IMG_FILTER.$proc$rtl/img_filter.v:617$2877'.
  created $dff cell `$procdff$5172' with positive edge clock.
Creating register for signal `\IMG_FILTER.\pair_q[276]' using process `\IMG_FILTER.$proc$rtl/img_filter.v:617$2872'.
  created $dff cell `$procdff$5173' with positive edge clock.
Creating register for signal `\IMG_FILTER.\pair_q[275]' using process `\IMG_FILTER.$proc$rtl/img_filter.v:617$2867'.
  created $dff cell `$procdff$5174' with positive edge clock.
Creating register for signal `\IMG_FILTER.\part_q[54]' using process `\IMG_FILTER.$proc$rtl/img_filter.v:627$2859'.
  created $dff cell `$procdff$5175' with positive edge clock.
Creating register for signal `\IMG_FILTER.\part_q[53]' using process `\IMG_FILTER.$proc$rtl/img_filter.v:627$2853'.
  created $dff cell `$procdff$5176' with positive edge clock.
Creating register for signal `\IMG_FILTER.\part_q[52]' using process `\IMG_FILTER.$proc$rtl/img_filter.v:627$2847'.
  created $dff cell `$procdff$5177' with positive edge clock.
Creating register for signal `\IMG_FILTER.\part_q[51]' using process `\IMG_FILTER.$proc$rtl/img_filter.v:627$2841'.
  created $dff cell `$procdff$5178' with positive edge clock.
Creating register for signal `\IMG_FILTER.\part_q[50]' using process `\IMG_FILTER.$proc$rtl/img_filter.v:627$2835'.
  created $dff cell `$procdff$5179' with positive edge clock.
Creating register for signal `\IMG_FILTER.\pair_q[274]' using process `\IMG_FILTER.$proc$rtl/img_filter.v:617$2829'.
  created $dff cell `$procdff$5180' with positive edge clock.
Creating register for signal `\IMG_FILTER.\pair_q[273]' using process `\IMG_FILTER.$proc$rtl/img_filter.v:617$2824'.
  created $dff cell `$procdff$5181' with positive edge clock.
Creating register for signal `\IMG_FILTER.\pair_q[272]' using process `\IMG_FILTER.$proc$rtl/img_filter.v:617$2819'.
  created $dff cell `$procdff$5182' with positive edge clock.
Creating register for signal `\IMG_FILTER.\pair_q[271]' using process `\IMG_FILTER.$proc$rtl/img_filter.v:617$2814'.
  created $dff cell `$procdff$5183' with positive edge clock.
Creating register for signal `\IMG_FILTER.\pair_q[270]' using process `\IMG_FILTER.$proc$rtl/img_filter.v:617$2809'.
  created $dff cell `$procdff$5184' with positive edge clock.
Creating register for signal `\IMG_FILTER.\pair_q[269]' using process `\IMG_FILTER.$proc$rtl/img_filter.v:617$2804'.
  created $dff cell `$procdff$5185' with positive edge clock.
Creating register for signal `\IMG_FILTER.\pair_q[268]' using process `\IMG_FILTER.$proc$rtl/img_filter.v:617$2799'.
  created $dff cell `$procdff$5186' with positive edge clock.
Creating register for signal `\IMG_FILTER.\pair_q[267]' using process `\IMG_FILTER.$proc$rtl/img_filter.v:617$2794'.
  created $dff cell `$procdff$5187' with positive edge clock.
Creating register for signal `\IMG_FILTER.\pair_q[266]' using process `\IMG_FILTER.$proc$rtl/img_filter.v:617$2789'.
  created $dff cell `$procdff$5188' with positive edge clock.
Creating register for signal `\IMG_FILTER.\pair_q[265]' using process `\IMG_FILTER.$proc$rtl/img_filter.v:617$2784'.
  created $dff cell `$procdff$5189' with positive edge clock.
Creating register for signal `\IMG_FILTER.\pair_q[264]' using process `\IMG_FILTER.$proc$rtl/img_filter.v:617$2779'.
  created $dff cell `$procdff$5190' with positive edge clock.
Creating register for signal `\IMG_FILTER.\pair_q[263]' using process `\IMG_FILTER.$proc$rtl/img_filter.v:617$2774'.
  created $dff cell `$procdff$5191' with positive edge clock.
Creating register for signal `\IMG_FILTER.\pair_q[262]' using process `\IMG_FILTER.$proc$rtl/img_filter.v:617$2769'.
  created $dff cell `$procdff$5192' with positive edge clock.
Creating register for signal `\IMG_FILTER.\pair_q[261]' using process `\IMG_FILTER.$proc$rtl/img_filter.v:617$2764'.
  created $dff cell `$procdff$5193' with positive edge clock.
Creating register for signal `\IMG_FILTER.\pair_q[260]' using process `\IMG_FILTER.$proc$rtl/img_filter.v:617$2759'.
  created $dff cell `$procdff$5194' with positive edge clock.
Creating register for signal `\IMG_FILTER.\pair_q[259]' using process `\IMG_FILTER.$proc$rtl/img_filter.v:617$2754'.
  created $dff cell `$procdff$5195' with positive edge clock.
Creating register for signal `\IMG_FILTER.\pair_q[258]' using process `\IMG_FILTER.$proc$rtl/img_filter.v:617$2749'.
  created $dff cell `$procdff$5196' with positive edge clock.
Creating register for signal `\IMG_FILTER.\pair_q[257]' using process `\IMG_FILTER.$proc$rtl/img_filter.v:617$2744'.
  created $dff cell `$procdff$5197' with positive edge clock.
Creating register for signal `\IMG_FILTER.\pair_q[256]' using process `\IMG_FILTER.$proc$rtl/img_filter.v:617$2739'.
  created $dff cell `$procdff$5198' with positive edge clock.
Creating register for signal `\IMG_FILTER.\pair_q[255]' using process `\IMG_FILTER.$proc$rtl/img_filter.v:617$2734'.
  created $dff cell `$procdff$5199' with positive edge clock.
Creating register for signal `\IMG_FILTER.\pair_q[254]' using process `\IMG_FILTER.$proc$rtl/img_filter.v:617$2729'.
  created $dff cell `$procdff$5200' with positive edge clock.
Creating register for signal `\IMG_FILTER.\pair_q[253]' using process `\IMG_FILTER.$proc$rtl/img_filter.v:617$2724'.
  created $dff cell `$procdff$5201' with positive edge clock.
Creating register for signal `\IMG_FILTER.\pair_q[252]' using process `\IMG_FILTER.$proc$rtl/img_filter.v:617$2719'.
  created $dff cell `$procdff$5202' with positive edge clock.
Creating register for signal `\IMG_FILTER.\pair_q[251]' using process `\IMG_FILTER.$proc$rtl/img_filter.v:617$2714'.
  created $dff cell `$procdff$5203' with positive edge clock.
Creating register for signal `\IMG_FILTER.\pair_q[250]' using process `\IMG_FILTER.$proc$rtl/img_filter.v:617$2709'.
  created $dff cell `$procdff$5204' with positive edge clock.
Creating register for signal `\IMG_FILTER.\part_q[49]' using process `\IMG_FILTER.$proc$rtl/img_filter.v:627$2701'.
  created $dff cell `$procdff$5205' with positive edge clock.
Creating register for signal `\IMG_FILTER.\part_q[48]' using process `\IMG_FILTER.$proc$rtl/img_filter.v:627$2695'.
  created $dff cell `$procdff$5206' with positive edge clock.
Creating register for signal `\IMG_FILTER.\part_q[47]' using process `\IMG_FILTER.$proc$rtl/img_filter.v:627$2689'.
  created $dff cell `$procdff$5207' with positive edge clock.
Creating register for signal `\IMG_FILTER.\part_q[46]' using process `\IMG_FILTER.$proc$rtl/img_filter.v:627$2683'.
  created $dff cell `$procdff$5208' with positive edge clock.
Creating register for signal `\IMG_FILTER.\part_q[45]' using process `\IMG_FILTER.$proc$rtl/img_filter.v:627$2677'.
  created $dff cell `$procdff$5209' with positive edge clock.
Creating register for signal `\IMG_FILTER.\pair_q[249]' using process `\IMG_FILTER.$proc$rtl/img_filter.v:617$2671'.
  created $dff cell `$procdff$5210' with positive edge clock.
Creating register for signal `\IMG_FILTER.\pair_q[248]' using process `\IMG_FILTER.$proc$rtl/img_filter.v:617$2666'.
  created $dff cell `$procdff$5211' with positive edge clock.
Creating register for signal `\IMG_FILTER.\pair_q[247]' using process `\IMG_FILTER.$proc$rtl/img_filter.v:617$2661'.
  created $dff cell `$procdff$5212' with positive edge clock.
Creating register for signal `\IMG_FILTER.\pair_q[246]' using process `\IMG_FILTER.$proc$rtl/img_filter.v:617$2656'.
  created $dff cell `$procdff$5213' with positive edge clock.
Creating register for signal `\IMG_FILTER.\pair_q[245]' using process `\IMG_FILTER.$proc$rtl/img_filter.v:617$2651'.
  created $dff cell `$procdff$5214' with positive edge clock.
Creating register for signal `\IMG_FILTER.\pair_q[244]' using process `\IMG_FILTER.$proc$rtl/img_filter.v:617$2646'.
  created $dff cell `$procdff$5215' with positive edge clock.
Creating register for signal `\IMG_FILTER.\pair_q[243]' using process `\IMG_FILTER.$proc$rtl/img_filter.v:617$2641'.
  created $dff cell `$procdff$5216' with positive edge clock.
Creating register for signal `\IMG_FILTER.\pair_q[242]' using process `\IMG_FILTER.$proc$rtl/img_filter.v:617$2636'.
  created $dff cell `$procdff$5217' with positive edge clock.
Creating register for signal `\IMG_FILTER.\pair_q[241]' using process `\IMG_FILTER.$proc$rtl/img_filter.v:617$2631'.
  created $dff cell `$procdff$5218' with positive edge clock.
Creating register for signal `\IMG_FILTER.\pair_q[240]' using process `\IMG_FILTER.$proc$rtl/img_filter.v:617$2626'.
  created $dff cell `$procdff$5219' with positive edge clock.
Creating register for signal `\IMG_FILTER.\pair_q[239]' using process `\IMG_FILTER.$proc$rtl/img_filter.v:617$2621'.
  created $dff cell `$procdff$5220' with positive edge clock.
Creating register for signal `\IMG_FILTER.\pair_q[238]' using process `\IMG_FILTER.$proc$rtl/img_filter.v:617$2616'.
  created $dff cell `$procdff$5221' with positive edge clock.
Creating register for signal `\IMG_FILTER.\pair_q[237]' using process `\IMG_FILTER.$proc$rtl/img_filter.v:617$2611'.
  created $dff cell `$procdff$5222' with positive edge clock.
Creating register for signal `\IMG_FILTER.\pair_q[236]' using process `\IMG_FILTER.$proc$rtl/img_filter.v:617$2606'.
  created $dff cell `$procdff$5223' with positive edge clock.
Creating register for signal `\IMG_FILTER.\pair_q[235]' using process `\IMG_FILTER.$proc$rtl/img_filter.v:617$2601'.
  created $dff cell `$procdff$5224' with positive edge clock.
Creating register for signal `\IMG_FILTER.\pair_q[234]' using process `\IMG_FILTER.$proc$rtl/img_filter.v:617$2596'.
  created $dff cell `$procdff$5225' with positive edge clock.
Creating register for signal `\IMG_FILTER.\pair_q[233]' using process `\IMG_FILTER.$proc$rtl/img_filter.v:617$2591'.
  created $dff cell `$procdff$5226' with positive edge clock.
Creating register for signal `\IMG_FILTER.\pair_q[232]' using process `\IMG_FILTER.$proc$rtl/img_filter.v:617$2586'.
  created $dff cell `$procdff$5227' with positive edge clock.
Creating register for signal `\IMG_FILTER.\pair_q[231]' using process `\IMG_FILTER.$proc$rtl/img_filter.v:617$2581'.
  created $dff cell `$procdff$5228' with positive edge clock.
Creating register for signal `\IMG_FILTER.\pair_q[230]' using process `\IMG_FILTER.$proc$rtl/img_filter.v:617$2576'.
  created $dff cell `$procdff$5229' with positive edge clock.
Creating register for signal `\IMG_FILTER.\pair_q[229]' using process `\IMG_FILTER.$proc$rtl/img_filter.v:617$2571'.
  created $dff cell `$procdff$5230' with positive edge clock.
Creating register for signal `\IMG_FILTER.\pair_q[228]' using process `\IMG_FILTER.$proc$rtl/img_filter.v:617$2566'.
  created $dff cell `$procdff$5231' with positive edge clock.
Creating register for signal `\IMG_FILTER.\pair_q[227]' using process `\IMG_FILTER.$proc$rtl/img_filter.v:617$2561'.
  created $dff cell `$procdff$5232' with positive edge clock.
Creating register for signal `\IMG_FILTER.\pair_q[226]' using process `\IMG_FILTER.$proc$rtl/img_filter.v:617$2556'.
  created $dff cell `$procdff$5233' with positive edge clock.
Creating register for signal `\IMG_FILTER.\pair_q[225]' using process `\IMG_FILTER.$proc$rtl/img_filter.v:617$2551'.
  created $dff cell `$procdff$5234' with positive edge clock.
Creating register for signal `\IMG_FILTER.\part_q[44]' using process `\IMG_FILTER.$proc$rtl/img_filter.v:627$2543'.
  created $dff cell `$procdff$5235' with positive edge clock.
Creating register for signal `\IMG_FILTER.\part_q[43]' using process `\IMG_FILTER.$proc$rtl/img_filter.v:627$2537'.
  created $dff cell `$procdff$5236' with positive edge clock.
Creating register for signal `\IMG_FILTER.\part_q[42]' using process `\IMG_FILTER.$proc$rtl/img_filter.v:627$2531'.
  created $dff cell `$procdff$5237' with positive edge clock.
Creating register for signal `\IMG_FILTER.\part_q[41]' using process `\IMG_FILTER.$proc$rtl/img_filter.v:627$2525'.
  created $dff cell `$procdff$5238' with positive edge clock.
Creating register for signal `\IMG_FILTER.\part_q[40]' using process `\IMG_FILTER.$proc$rtl/img_filter.v:627$2519'.
  created $dff cell `$procdff$5239' with positive edge clock.
Creating register for signal `\IMG_FILTER.\pair_q[224]' using process `\IMG_FILTER.$proc$rtl/img_filter.v:617$2513'.
  created $dff cell `$procdff$5240' with positive edge clock.
Creating register for signal `\IMG_FILTER.\pair_q[223]' using process `\IMG_FILTER.$proc$rtl/img_filter.v:617$2508'.
  created $dff cell `$procdff$5241' with positive edge clock.
Creating register for signal `\IMG_FILTER.\pair_q[222]' using process `\IMG_FILTER.$proc$rtl/img_filter.v:617$2503'.
  created $dff cell `$procdff$5242' with positive edge clock.
Creating register for signal `\IMG_FILTER.\pair_q[221]' using process `\IMG_FILTER.$proc$rtl/img_filter.v:617$2498'.
  created $dff cell `$procdff$5243' with positive edge clock.
Creating register for signal `\IMG_FILTER.\pair_q[220]' using process `\IMG_FILTER.$proc$rtl/img_filter.v:617$2493'.
  created $dff cell `$procdff$5244' with positive edge clock.
Creating register for signal `\IMG_FILTER.\pair_q[219]' using process `\IMG_FILTER.$proc$rtl/img_filter.v:617$2488'.
  created $dff cell `$procdff$5245' with positive edge clock.
Creating register for signal `\IMG_FILTER.\pair_q[218]' using process `\IMG_FILTER.$proc$rtl/img_filter.v:617$2483'.
  created $dff cell `$procdff$5246' with positive edge clock.
Creating register for signal `\IMG_FILTER.\pair_q[217]' using process `\IMG_FILTER.$proc$rtl/img_filter.v:617$2478'.
  created $dff cell `$procdff$5247' with positive edge clock.
Creating register for signal `\IMG_FILTER.\pair_q[216]' using process `\IMG_FILTER.$proc$rtl/img_filter.v:617$2473'.
  created $dff cell `$procdff$5248' with positive edge clock.
Creating register for signal `\IMG_FILTER.\pair_q[215]' using process `\IMG_FILTER.$proc$rtl/img_filter.v:617$2468'.
  created $dff cell `$procdff$5249' with positive edge clock.
Creating register for signal `\IMG_FILTER.\pair_q[214]' using process `\IMG_FILTER.$proc$rtl/img_filter.v:617$2463'.
  created $dff cell `$procdff$5250' with positive edge clock.
Creating register for signal `\IMG_FILTER.\pair_q[213]' using process `\IMG_FILTER.$proc$rtl/img_filter.v:617$2458'.
  created $dff cell `$procdff$5251' with positive edge clock.
Creating register for signal `\IMG_FILTER.\pair_q[212]' using process `\IMG_FILTER.$proc$rtl/img_filter.v:617$2453'.
  created $dff cell `$procdff$5252' with positive edge clock.
Creating register for signal `\IMG_FILTER.\pair_q[211]' using process `\IMG_FILTER.$proc$rtl/img_filter.v:617$2448'.
  created $dff cell `$procdff$5253' with positive edge clock.
Creating register for signal `\IMG_FILTER.\pair_q[210]' using process `\IMG_FILTER.$proc$rtl/img_filter.v:617$2443'.
  created $dff cell `$procdff$5254' with positive edge clock.
Creating register for signal `\IMG_FILTER.\pair_q[209]' using process `\IMG_FILTER.$proc$rtl/img_filter.v:617$2438'.
  created $dff cell `$procdff$5255' with positive edge clock.
Creating register for signal `\IMG_FILTER.\pair_q[208]' using process `\IMG_FILTER.$proc$rtl/img_filter.v:617$2433'.
  created $dff cell `$procdff$5256' with positive edge clock.
Creating register for signal `\IMG_FILTER.\pair_q[207]' using process `\IMG_FILTER.$proc$rtl/img_filter.v:617$2428'.
  created $dff cell `$procdff$5257' with positive edge clock.
Creating register for signal `\IMG_FILTER.\pair_q[206]' using process `\IMG_FILTER.$proc$rtl/img_filter.v:617$2423'.
  created $dff cell `$procdff$5258' with positive edge clock.
Creating register for signal `\IMG_FILTER.\pair_q[205]' using process `\IMG_FILTER.$proc$rtl/img_filter.v:617$2418'.
  created $dff cell `$procdff$5259' with positive edge clock.
Creating register for signal `\IMG_FILTER.\pair_q[204]' using process `\IMG_FILTER.$proc$rtl/img_filter.v:617$2413'.
  created $dff cell `$procdff$5260' with positive edge clock.
Creating register for signal `\IMG_FILTER.\pair_q[203]' using process `\IMG_FILTER.$proc$rtl/img_filter.v:617$2408'.
  created $dff cell `$procdff$5261' with positive edge clock.
Creating register for signal `\IMG_FILTER.\pair_q[202]' using process `\IMG_FILTER.$proc$rtl/img_filter.v:617$2403'.
  created $dff cell `$procdff$5262' with positive edge clock.
Creating register for signal `\IMG_FILTER.\pair_q[201]' using process `\IMG_FILTER.$proc$rtl/img_filter.v:617$2398'.
  created $dff cell `$procdff$5263' with positive edge clock.
Creating register for signal `\IMG_FILTER.\pair_q[200]' using process `\IMG_FILTER.$proc$rtl/img_filter.v:617$2393'.
  created $dff cell `$procdff$5264' with positive edge clock.
Creating register for signal `\IMG_FILTER.\part_q[39]' using process `\IMG_FILTER.$proc$rtl/img_filter.v:627$2385'.
  created $dff cell `$procdff$5265' with positive edge clock.
Creating register for signal `\IMG_FILTER.\part_q[38]' using process `\IMG_FILTER.$proc$rtl/img_filter.v:627$2379'.
  created $dff cell `$procdff$5266' with positive edge clock.
Creating register for signal `\IMG_FILTER.\part_q[37]' using process `\IMG_FILTER.$proc$rtl/img_filter.v:627$2373'.
  created $dff cell `$procdff$5267' with positive edge clock.
Creating register for signal `\IMG_FILTER.\part_q[36]' using process `\IMG_FILTER.$proc$rtl/img_filter.v:627$2367'.
  created $dff cell `$procdff$5268' with positive edge clock.
Creating register for signal `\IMG_FILTER.\part_q[35]' using process `\IMG_FILTER.$proc$rtl/img_filter.v:627$2361'.
  created $dff cell `$procdff$5269' with positive edge clock.
Creating register for signal `\IMG_FILTER.\pair_q[199]' using process `\IMG_FILTER.$proc$rtl/img_filter.v:617$2355'.
  created $dff cell `$procdff$5270' with positive edge clock.
Creating register for signal `\IMG_FILTER.\pair_q[198]' using process `\IMG_FILTER.$proc$rtl/img_filter.v:617$2350'.
  created $dff cell `$procdff$5271' with positive edge clock.
Creating register for signal `\IMG_FILTER.\pair_q[197]' using process `\IMG_FILTER.$proc$rtl/img_filter.v:617$2345'.
  created $dff cell `$procdff$5272' with positive edge clock.
Creating register for signal `\IMG_FILTER.\pair_q[196]' using process `\IMG_FILTER.$proc$rtl/img_filter.v:617$2340'.
  created $dff cell `$procdff$5273' with positive edge clock.
Creating register for signal `\IMG_FILTER.\pair_q[195]' using process `\IMG_FILTER.$proc$rtl/img_filter.v:617$2335'.
  created $dff cell `$procdff$5274' with positive edge clock.
Creating register for signal `\IMG_FILTER.\pair_q[194]' using process `\IMG_FILTER.$proc$rtl/img_filter.v:617$2330'.
  created $dff cell `$procdff$5275' with positive edge clock.
Creating register for signal `\IMG_FILTER.\pair_q[193]' using process `\IMG_FILTER.$proc$rtl/img_filter.v:617$2325'.
  created $dff cell `$procdff$5276' with positive edge clock.
Creating register for signal `\IMG_FILTER.\pair_q[192]' using process `\IMG_FILTER.$proc$rtl/img_filter.v:617$2320'.
  created $dff cell `$procdff$5277' with positive edge clock.
Creating register for signal `\IMG_FILTER.\pair_q[191]' using process `\IMG_FILTER.$proc$rtl/img_filter.v:617$2315'.
  created $dff cell `$procdff$5278' with positive edge clock.
Creating register for signal `\IMG_FILTER.\pair_q[190]' using process `\IMG_FILTER.$proc$rtl/img_filter.v:617$2310'.
  created $dff cell `$procdff$5279' with positive edge clock.
Creating register for signal `\IMG_FILTER.\pair_q[189]' using process `\IMG_FILTER.$proc$rtl/img_filter.v:617$2305'.
  created $dff cell `$procdff$5280' with positive edge clock.
Creating register for signal `\IMG_FILTER.\pair_q[188]' using process `\IMG_FILTER.$proc$rtl/img_filter.v:617$2300'.
  created $dff cell `$procdff$5281' with positive edge clock.
Creating register for signal `\IMG_FILTER.\pair_q[187]' using process `\IMG_FILTER.$proc$rtl/img_filter.v:617$2295'.
  created $dff cell `$procdff$5282' with positive edge clock.
Creating register for signal `\IMG_FILTER.\pair_q[186]' using process `\IMG_FILTER.$proc$rtl/img_filter.v:617$2290'.
  created $dff cell `$procdff$5283' with positive edge clock.
Creating register for signal `\IMG_FILTER.\pair_q[185]' using process `\IMG_FILTER.$proc$rtl/img_filter.v:617$2285'.
  created $dff cell `$procdff$5284' with positive edge clock.
Creating register for signal `\IMG_FILTER.\pair_q[184]' using process `\IMG_FILTER.$proc$rtl/img_filter.v:617$2280'.
  created $dff cell `$procdff$5285' with positive edge clock.
Creating register for signal `\IMG_FILTER.\pair_q[183]' using process `\IMG_FILTER.$proc$rtl/img_filter.v:617$2275'.
  created $dff cell `$procdff$5286' with positive edge clock.
Creating register for signal `\IMG_FILTER.\pair_q[182]' using process `\IMG_FILTER.$proc$rtl/img_filter.v:617$2270'.
  created $dff cell `$procdff$5287' with positive edge clock.
Creating register for signal `\IMG_FILTER.\pair_q[181]' using process `\IMG_FILTER.$proc$rtl/img_filter.v:617$2265'.
  created $dff cell `$procdff$5288' with positive edge clock.
Creating register for signal `\IMG_FILTER.\pair_q[180]' using process `\IMG_FILTER.$proc$rtl/img_filter.v:617$2260'.
  created $dff cell `$procdff$5289' with positive edge clock.
Creating register for signal `\IMG_FILTER.\pair_q[179]' using process `\IMG_FILTER.$proc$rtl/img_filter.v:617$2255'.
  created $dff cell `$procdff$5290' with positive edge clock.
Creating register for signal `\IMG_FILTER.\pair_q[178]' using process `\IMG_FILTER.$proc$rtl/img_filter.v:617$2250'.
  created $dff cell `$procdff$5291' with positive edge clock.
Creating register for signal `\IMG_FILTER.\pair_q[177]' using process `\IMG_FILTER.$proc$rtl/img_filter.v:617$2245'.
  created $dff cell `$procdff$5292' with positive edge clock.
Creating register for signal `\IMG_FILTER.\pair_q[176]' using process `\IMG_FILTER.$proc$rtl/img_filter.v:617$2240'.
  created $dff cell `$procdff$5293' with positive edge clock.
Creating register for signal `\IMG_FILTER.\pair_q[175]' using process `\IMG_FILTER.$proc$rtl/img_filter.v:617$2235'.
  created $dff cell `$procdff$5294' with positive edge clock.
Creating register for signal `\IMG_FILTER.\part_q[34]' using process `\IMG_FILTER.$proc$rtl/img_filter.v:627$2227'.
  created $dff cell `$procdff$5295' with positive edge clock.
Creating register for signal `\IMG_FILTER.\part_q[33]' using process `\IMG_FILTER.$proc$rtl/img_filter.v:627$2221'.
  created $dff cell `$procdff$5296' with positive edge clock.
Creating register for signal `\IMG_FILTER.\part_q[32]' using process `\IMG_FILTER.$proc$rtl/img_filter.v:627$2215'.
  created $dff cell `$procdff$5297' with positive edge clock.
Creating register for signal `\IMG_FILTER.\part_q[31]' using process `\IMG_FILTER.$proc$rtl/img_filter.v:627$2209'.
  created $dff cell `$procdff$5298' with positive edge clock.
Creating register for signal `\IMG_FILTER.\part_q[30]' using process `\IMG_FILTER.$proc$rtl/img_filter.v:627$2203'.
  created $dff cell `$procdff$5299' with positive edge clock.
Creating register for signal `\IMG_FILTER.\pair_q[174]' using process `\IMG_FILTER.$proc$rtl/img_filter.v:617$2197'.
  created $dff cell `$procdff$5300' with positive edge clock.
Creating register for signal `\IMG_FILTER.\pair_q[173]' using process `\IMG_FILTER.$proc$rtl/img_filter.v:617$2192'.
  created $dff cell `$procdff$5301' with positive edge clock.
Creating register for signal `\IMG_FILTER.\pair_q[172]' using process `\IMG_FILTER.$proc$rtl/img_filter.v:617$2187'.
  created $dff cell `$procdff$5302' with positive edge clock.
Creating register for signal `\IMG_FILTER.\pair_q[171]' using process `\IMG_FILTER.$proc$rtl/img_filter.v:617$2182'.
  created $dff cell `$procdff$5303' with positive edge clock.
Creating register for signal `\IMG_FILTER.\pair_q[170]' using process `\IMG_FILTER.$proc$rtl/img_filter.v:617$2177'.
  created $dff cell `$procdff$5304' with positive edge clock.
Creating register for signal `\IMG_FILTER.\pair_q[169]' using process `\IMG_FILTER.$proc$rtl/img_filter.v:617$2172'.
  created $dff cell `$procdff$5305' with positive edge clock.
Creating register for signal `\IMG_FILTER.\pair_q[168]' using process `\IMG_FILTER.$proc$rtl/img_filter.v:617$2167'.
  created $dff cell `$procdff$5306' with positive edge clock.
Creating register for signal `\IMG_FILTER.\pair_q[167]' using process `\IMG_FILTER.$proc$rtl/img_filter.v:617$2162'.
  created $dff cell `$procdff$5307' with positive edge clock.
Creating register for signal `\IMG_FILTER.\pair_q[166]' using process `\IMG_FILTER.$proc$rtl/img_filter.v:617$2157'.
  created $dff cell `$procdff$5308' with positive edge clock.
Creating register for signal `\IMG_FILTER.\pair_q[165]' using process `\IMG_FILTER.$proc$rtl/img_filter.v:617$2152'.
  created $dff cell `$procdff$5309' with positive edge clock.
Creating register for signal `\IMG_FILTER.\pair_q[164]' using process `\IMG_FILTER.$proc$rtl/img_filter.v:617$2147'.
  created $dff cell `$procdff$5310' with positive edge clock.
Creating register for signal `\IMG_FILTER.\pair_q[163]' using process `\IMG_FILTER.$proc$rtl/img_filter.v:617$2142'.
  created $dff cell `$procdff$5311' with positive edge clock.
Creating register for signal `\IMG_FILTER.\pair_q[162]' using process `\IMG_FILTER.$proc$rtl/img_filter.v:617$2137'.
  created $dff cell `$procdff$5312' with positive edge clock.
Creating register for signal `\IMG_FILTER.\pair_q[161]' using process `\IMG_FILTER.$proc$rtl/img_filter.v:617$2132'.
  created $dff cell `$procdff$5313' with positive edge clock.
Creating register for signal `\IMG_FILTER.\pair_q[160]' using process `\IMG_FILTER.$proc$rtl/img_filter.v:617$2127'.
  created $dff cell `$procdff$5314' with positive edge clock.
Creating register for signal `\IMG_FILTER.\pair_q[159]' using process `\IMG_FILTER.$proc$rtl/img_filter.v:617$2122'.
  created $dff cell `$procdff$5315' with positive edge clock.
Creating register for signal `\IMG_FILTER.\pair_q[158]' using process `\IMG_FILTER.$proc$rtl/img_filter.v:617$2117'.
  created $dff cell `$procdff$5316' with positive edge clock.
Creating register for signal `\IMG_FILTER.\pair_q[157]' using process `\IMG_FILTER.$proc$rtl/img_filter.v:617$2112'.
  created $dff cell `$procdff$5317' with positive edge clock.
Creating register for signal `\IMG_FILTER.\pair_q[156]' using process `\IMG_FILTER.$proc$rtl/img_filter.v:617$2107'.
  created $dff cell `$procdff$5318' with positive edge clock.
Creating register for signal `\IMG_FILTER.\pair_q[155]' using process `\IMG_FILTER.$proc$rtl/img_filter.v:617$2102'.
  created $dff cell `$procdff$5319' with positive edge clock.
Creating register for signal `\IMG_FILTER.\pair_q[154]' using process `\IMG_FILTER.$proc$rtl/img_filter.v:617$2097'.
  created $dff cell `$procdff$5320' with positive edge clock.
Creating register for signal `\IMG_FILTER.\pair_q[153]' using process `\IMG_FILTER.$proc$rtl/img_filter.v:617$2092'.
  created $dff cell `$procdff$5321' with positive edge clock.
Creating register for signal `\IMG_FILTER.\pair_q[152]' using process `\IMG_FILTER.$proc$rtl/img_filter.v:617$2087'.
  created $dff cell `$procdff$5322' with positive edge clock.
Creating register for signal `\IMG_FILTER.\pair_q[151]' using process `\IMG_FILTER.$proc$rtl/img_filter.v:617$2082'.
  created $dff cell `$procdff$5323' with positive edge clock.
Creating register for signal `\IMG_FILTER.\pair_q[150]' using process `\IMG_FILTER.$proc$rtl/img_filter.v:617$2077'.
  created $dff cell `$procdff$5324' with positive edge clock.
Creating register for signal `\IMG_FILTER.\part_q[29]' using process `\IMG_FILTER.$proc$rtl/img_filter.v:627$2069'.
  created $dff cell `$procdff$5325' with positive edge clock.
Creating register for signal `\IMG_FILTER.\part_q[28]' using process `\IMG_FILTER.$proc$rtl/img_filter.v:627$2063'.
  created $dff cell `$procdff$5326' with positive edge clock.
Creating register for signal `\IMG_FILTER.\part_q[27]' using process `\IMG_FILTER.$proc$rtl/img_filter.v:627$2057'.
  created $dff cell `$procdff$5327' with positive edge clock.
Creating register for signal `\IMG_FILTER.\part_q[26]' using process `\IMG_FILTER.$proc$rtl/img_filter.v:627$2051'.
  created $dff cell `$procdff$5328' with positive edge clock.
Creating register for signal `\IMG_FILTER.\part_q[25]' using process `\IMG_FILTER.$proc$rtl/img_filter.v:627$2045'.
  created $dff cell `$procdff$5329' with positive edge clock.
Creating register for signal `\IMG_FILTER.\pair_q[149]' using process `\IMG_FILTER.$proc$rtl/img_filter.v:617$2039'.
  created $dff cell `$procdff$5330' with positive edge clock.
Creating register for signal `\IMG_FILTER.\pair_q[148]' using process `\IMG_FILTER.$proc$rtl/img_filter.v:617$2034'.
  created $dff cell `$procdff$5331' with positive edge clock.
Creating register for signal `\IMG_FILTER.\pair_q[147]' using process `\IMG_FILTER.$proc$rtl/img_filter.v:617$2029'.
  created $dff cell `$procdff$5332' with positive edge clock.
Creating register for signal `\IMG_FILTER.\pair_q[146]' using process `\IMG_FILTER.$proc$rtl/img_filter.v:617$2024'.
  created $dff cell `$procdff$5333' with positive edge clock.
Creating register for signal `\IMG_FILTER.\pair_q[145]' using process `\IMG_FILTER.$proc$rtl/img_filter.v:617$2019'.
  created $dff cell `$procdff$5334' with positive edge clock.
Creating register for signal `\IMG_FILTER.\pair_q[144]' using process `\IMG_FILTER.$proc$rtl/img_filter.v:617$2014'.
  created $dff cell `$procdff$5335' with positive edge clock.
Creating register for signal `\IMG_FILTER.\pair_q[143]' using process `\IMG_FILTER.$proc$rtl/img_filter.v:617$2009'.
  created $dff cell `$procdff$5336' with positive edge clock.
Creating register for signal `\IMG_FILTER.\pair_q[142]' using process `\IMG_FILTER.$proc$rtl/img_filter.v:617$2004'.
  created $dff cell `$procdff$5337' with positive edge clock.
Creating register for signal `\IMG_FILTER.\pair_q[141]' using process `\IMG_FILTER.$proc$rtl/img_filter.v:617$1999'.
  created $dff cell `$procdff$5338' with positive edge clock.
Creating register for signal `\IMG_FILTER.\pair_q[140]' using process `\IMG_FILTER.$proc$rtl/img_filter.v:617$1994'.
  created $dff cell `$procdff$5339' with positive edge clock.
Creating register for signal `\IMG_FILTER.\pair_q[139]' using process `\IMG_FILTER.$proc$rtl/img_filter.v:617$1989'.
  created $dff cell `$procdff$5340' with positive edge clock.
Creating register for signal `\IMG_FILTER.\pair_q[138]' using process `\IMG_FILTER.$proc$rtl/img_filter.v:617$1984'.
  created $dff cell `$procdff$5341' with positive edge clock.
Creating register for signal `\IMG_FILTER.\pair_q[137]' using process `\IMG_FILTER.$proc$rtl/img_filter.v:617$1979'.
  created $dff cell `$procdff$5342' with positive edge clock.
Creating register for signal `\IMG_FILTER.\pair_q[136]' using process `\IMG_FILTER.$proc$rtl/img_filter.v:617$1974'.
  created $dff cell `$procdff$5343' with positive edge clock.
Creating register for signal `\IMG_FILTER.\pair_q[135]' using process `\IMG_FILTER.$proc$rtl/img_filter.v:617$1969'.
  created $dff cell `$procdff$5344' with positive edge clock.
Creating register for signal `\IMG_FILTER.\pair_q[134]' using process `\IMG_FILTER.$proc$rtl/img_filter.v:617$1964'.
  created $dff cell `$procdff$5345' with positive edge clock.
Creating register for signal `\IMG_FILTER.\pair_q[133]' using process `\IMG_FILTER.$proc$rtl/img_filter.v:617$1959'.
  created $dff cell `$procdff$5346' with positive edge clock.
Creating register for signal `\IMG_FILTER.\pair_q[132]' using process `\IMG_FILTER.$proc$rtl/img_filter.v:617$1954'.
  created $dff cell `$procdff$5347' with positive edge clock.
Creating register for signal `\IMG_FILTER.\pair_q[131]' using process `\IMG_FILTER.$proc$rtl/img_filter.v:617$1949'.
  created $dff cell `$procdff$5348' with positive edge clock.
Creating register for signal `\IMG_FILTER.\pair_q[130]' using process `\IMG_FILTER.$proc$rtl/img_filter.v:617$1944'.
  created $dff cell `$procdff$5349' with positive edge clock.
Creating register for signal `\IMG_FILTER.\pair_q[129]' using process `\IMG_FILTER.$proc$rtl/img_filter.v:617$1939'.
  created $dff cell `$procdff$5350' with positive edge clock.
Creating register for signal `\IMG_FILTER.\pair_q[128]' using process `\IMG_FILTER.$proc$rtl/img_filter.v:617$1934'.
  created $dff cell `$procdff$5351' with positive edge clock.
Creating register for signal `\IMG_FILTER.\pair_q[127]' using process `\IMG_FILTER.$proc$rtl/img_filter.v:617$1929'.
  created $dff cell `$procdff$5352' with positive edge clock.
Creating register for signal `\IMG_FILTER.\pair_q[126]' using process `\IMG_FILTER.$proc$rtl/img_filter.v:617$1924'.
  created $dff cell `$procdff$5353' with positive edge clock.
Creating register for signal `\IMG_FILTER.\pair_q[125]' using process `\IMG_FILTER.$proc$rtl/img_filter.v:617$1919'.
  created $dff cell `$procdff$5354' with positive edge clock.
Creating register for signal `\IMG_FILTER.\part_q[24]' using process `\IMG_FILTER.$proc$rtl/img_filter.v:627$1911'.
  created $dff cell `$procdff$5355' with positive edge clock.
Creating register for signal `\IMG_FILTER.\part_q[23]' using process `\IMG_FILTER.$proc$rtl/img_filter.v:627$1905'.
  created $dff cell `$procdff$5356' with positive edge clock.
Creating register for signal `\IMG_FILTER.\part_q[22]' using process `\IMG_FILTER.$proc$rtl/img_filter.v:627$1899'.
  created $dff cell `$procdff$5357' with positive edge clock.
Creating register for signal `\IMG_FILTER.\part_q[21]' using process `\IMG_FILTER.$proc$rtl/img_filter.v:627$1893'.
  created $dff cell `$procdff$5358' with positive edge clock.
Creating register for signal `\IMG_FILTER.\part_q[20]' using process `\IMG_FILTER.$proc$rtl/img_filter.v:627$1887'.
  created $dff cell `$procdff$5359' with positive edge clock.
Creating register for signal `\IMG_FILTER.\pair_q[124]' using process `\IMG_FILTER.$proc$rtl/img_filter.v:617$1881'.
  created $dff cell `$procdff$5360' with positive edge clock.
Creating register for signal `\IMG_FILTER.\pair_q[123]' using process `\IMG_FILTER.$proc$rtl/img_filter.v:617$1876'.
  created $dff cell `$procdff$5361' with positive edge clock.
Creating register for signal `\IMG_FILTER.\pair_q[122]' using process `\IMG_FILTER.$proc$rtl/img_filter.v:617$1871'.
  created $dff cell `$procdff$5362' with positive edge clock.
Creating register for signal `\IMG_FILTER.\pair_q[121]' using process `\IMG_FILTER.$proc$rtl/img_filter.v:617$1866'.
  created $dff cell `$procdff$5363' with positive edge clock.
Creating register for signal `\IMG_FILTER.\pair_q[120]' using process `\IMG_FILTER.$proc$rtl/img_filter.v:617$1861'.
  created $dff cell `$procdff$5364' with positive edge clock.
Creating register for signal `\IMG_FILTER.\pair_q[119]' using process `\IMG_FILTER.$proc$rtl/img_filter.v:617$1856'.
  created $dff cell `$procdff$5365' with positive edge clock.
Creating register for signal `\IMG_FILTER.\pair_q[118]' using process `\IMG_FILTER.$proc$rtl/img_filter.v:617$1851'.
  created $dff cell `$procdff$5366' with positive edge clock.
Creating register for signal `\IMG_FILTER.\pair_q[117]' using process `\IMG_FILTER.$proc$rtl/img_filter.v:617$1846'.
  created $dff cell `$procdff$5367' with positive edge clock.
Creating register for signal `\IMG_FILTER.\pair_q[116]' using process `\IMG_FILTER.$proc$rtl/img_filter.v:617$1841'.
  created $dff cell `$procdff$5368' with positive edge clock.
Creating register for signal `\IMG_FILTER.\pair_q[115]' using process `\IMG_FILTER.$proc$rtl/img_filter.v:617$1836'.
  created $dff cell `$procdff$5369' with positive edge clock.
Creating register for signal `\IMG_FILTER.\pair_q[114]' using process `\IMG_FILTER.$proc$rtl/img_filter.v:617$1831'.
  created $dff cell `$procdff$5370' with positive edge clock.
Creating register for signal `\IMG_FILTER.\pair_q[113]' using process `\IMG_FILTER.$proc$rtl/img_filter.v:617$1826'.
  created $dff cell `$procdff$5371' with positive edge clock.
Creating register for signal `\IMG_FILTER.\pair_q[112]' using process `\IMG_FILTER.$proc$rtl/img_filter.v:617$1821'.
  created $dff cell `$procdff$5372' with positive edge clock.
Creating register for signal `\IMG_FILTER.\pair_q[111]' using process `\IMG_FILTER.$proc$rtl/img_filter.v:617$1816'.
  created $dff cell `$procdff$5373' with positive edge clock.
Creating register for signal `\IMG_FILTER.\pair_q[110]' using process `\IMG_FILTER.$proc$rtl/img_filter.v:617$1811'.
  created $dff cell `$procdff$5374' with positive edge clock.
Creating register for signal `\IMG_FILTER.\pair_q[109]' using process `\IMG_FILTER.$proc$rtl/img_filter.v:617$1806'.
  created $dff cell `$procdff$5375' with positive edge clock.
Creating register for signal `\IMG_FILTER.\pair_q[108]' using process `\IMG_FILTER.$proc$rtl/img_filter.v:617$1801'.
  created $dff cell `$procdff$5376' with positive edge clock.
Creating register for signal `\IMG_FILTER.\pair_q[107]' using process `\IMG_FILTER.$proc$rtl/img_filter.v:617$1796'.
  created $dff cell `$procdff$5377' with positive edge clock.
Creating register for signal `\IMG_FILTER.\pair_q[106]' using process `\IMG_FILTER.$proc$rtl/img_filter.v:617$1791'.
  created $dff cell `$procdff$5378' with positive edge clock.
Creating register for signal `\IMG_FILTER.\pair_q[105]' using process `\IMG_FILTER.$proc$rtl/img_filter.v:617$1786'.
  created $dff cell `$procdff$5379' with positive edge clock.
Creating register for signal `\IMG_FILTER.\pair_q[104]' using process `\IMG_FILTER.$proc$rtl/img_filter.v:617$1781'.
  created $dff cell `$procdff$5380' with positive edge clock.
Creating register for signal `\IMG_FILTER.\pair_q[103]' using process `\IMG_FILTER.$proc$rtl/img_filter.v:617$1776'.
  created $dff cell `$procdff$5381' with positive edge clock.
Creating register for signal `\IMG_FILTER.\pair_q[102]' using process `\IMG_FILTER.$proc$rtl/img_filter.v:617$1771'.
  created $dff cell `$procdff$5382' with positive edge clock.
Creating register for signal `\IMG_FILTER.\pair_q[101]' using process `\IMG_FILTER.$proc$rtl/img_filter.v:617$1766'.
  created $dff cell `$procdff$5383' with positive edge clock.
Creating register for signal `\IMG_FILTER.\pair_q[100]' using process `\IMG_FILTER.$proc$rtl/img_filter.v:617$1761'.
  created $dff cell `$procdff$5384' with positive edge clock.
Creating register for signal `\IMG_FILTER.\part_q[19]' using process `\IMG_FILTER.$proc$rtl/img_filter.v:627$1753'.
  created $dff cell `$procdff$5385' with positive edge clock.
Creating register for signal `\IMG_FILTER.\part_q[18]' using process `\IMG_FILTER.$proc$rtl/img_filter.v:627$1747'.
  created $dff cell `$procdff$5386' with positive edge clock.
Creating register for signal `\IMG_FILTER.\part_q[17]' using process `\IMG_FILTER.$proc$rtl/img_filter.v:627$1741'.
  created $dff cell `$procdff$5387' with positive edge clock.
Creating register for signal `\IMG_FILTER.\part_q[16]' using process `\IMG_FILTER.$proc$rtl/img_filter.v:627$1735'.
  created $dff cell `$procdff$5388' with positive edge clock.
Creating register for signal `\IMG_FILTER.\part_q[15]' using process `\IMG_FILTER.$proc$rtl/img_filter.v:627$1729'.
  created $dff cell `$procdff$5389' with positive edge clock.
Creating register for signal `\IMG_FILTER.\pair_q[99]' using process `\IMG_FILTER.$proc$rtl/img_filter.v:617$1723'.
  created $dff cell `$procdff$5390' with positive edge clock.
Creating register for signal `\IMG_FILTER.\pair_q[98]' using process `\IMG_FILTER.$proc$rtl/img_filter.v:617$1718'.
  created $dff cell `$procdff$5391' with positive edge clock.
Creating register for signal `\IMG_FILTER.\pair_q[97]' using process `\IMG_FILTER.$proc$rtl/img_filter.v:617$1713'.
  created $dff cell `$procdff$5392' with positive edge clock.
Creating register for signal `\IMG_FILTER.\pair_q[96]' using process `\IMG_FILTER.$proc$rtl/img_filter.v:617$1708'.
  created $dff cell `$procdff$5393' with positive edge clock.
Creating register for signal `\IMG_FILTER.\pair_q[95]' using process `\IMG_FILTER.$proc$rtl/img_filter.v:617$1703'.
  created $dff cell `$procdff$5394' with positive edge clock.
Creating register for signal `\IMG_FILTER.\pair_q[94]' using process `\IMG_FILTER.$proc$rtl/img_filter.v:617$1698'.
  created $dff cell `$procdff$5395' with positive edge clock.
Creating register for signal `\IMG_FILTER.\pair_q[93]' using process `\IMG_FILTER.$proc$rtl/img_filter.v:617$1693'.
  created $dff cell `$procdff$5396' with positive edge clock.
Creating register for signal `\IMG_FILTER.\pair_q[92]' using process `\IMG_FILTER.$proc$rtl/img_filter.v:617$1688'.
  created $dff cell `$procdff$5397' with positive edge clock.
Creating register for signal `\IMG_FILTER.\pair_q[91]' using process `\IMG_FILTER.$proc$rtl/img_filter.v:617$1683'.
  created $dff cell `$procdff$5398' with positive edge clock.
Creating register for signal `\IMG_FILTER.\pair_q[90]' using process `\IMG_FILTER.$proc$rtl/img_filter.v:617$1678'.
  created $dff cell `$procdff$5399' with positive edge clock.
Creating register for signal `\IMG_FILTER.\pair_q[89]' using process `\IMG_FILTER.$proc$rtl/img_filter.v:617$1673'.
  created $dff cell `$procdff$5400' with positive edge clock.
Creating register for signal `\IMG_FILTER.\pair_q[88]' using process `\IMG_FILTER.$proc$rtl/img_filter.v:617$1668'.
  created $dff cell `$procdff$5401' with positive edge clock.
Creating register for signal `\IMG_FILTER.\pair_q[87]' using process `\IMG_FILTER.$proc$rtl/img_filter.v:617$1663'.
  created $dff cell `$procdff$5402' with positive edge clock.
Creating register for signal `\IMG_FILTER.\pair_q[86]' using process `\IMG_FILTER.$proc$rtl/img_filter.v:617$1658'.
  created $dff cell `$procdff$5403' with positive edge clock.
Creating register for signal `\IMG_FILTER.\pair_q[85]' using process `\IMG_FILTER.$proc$rtl/img_filter.v:617$1653'.
  created $dff cell `$procdff$5404' with positive edge clock.
Creating register for signal `\IMG_FILTER.\pair_q[84]' using process `\IMG_FILTER.$proc$rtl/img_filter.v:617$1648'.
  created $dff cell `$procdff$5405' with positive edge clock.
Creating register for signal `\IMG_FILTER.\pair_q[83]' using process `\IMG_FILTER.$proc$rtl/img_filter.v:617$1643'.
  created $dff cell `$procdff$5406' with positive edge clock.
Creating register for signal `\IMG_FILTER.\pair_q[82]' using process `\IMG_FILTER.$proc$rtl/img_filter.v:617$1638'.
  created $dff cell `$procdff$5407' with positive edge clock.
Creating register for signal `\IMG_FILTER.\pair_q[81]' using process `\IMG_FILTER.$proc$rtl/img_filter.v:617$1633'.
  created $dff cell `$procdff$5408' with positive edge clock.
Creating register for signal `\IMG_FILTER.\pair_q[80]' using process `\IMG_FILTER.$proc$rtl/img_filter.v:617$1628'.
  created $dff cell `$procdff$5409' with positive edge clock.
Creating register for signal `\IMG_FILTER.\pair_q[79]' using process `\IMG_FILTER.$proc$rtl/img_filter.v:617$1623'.
  created $dff cell `$procdff$5410' with positive edge clock.
Creating register for signal `\IMG_FILTER.\pair_q[78]' using process `\IMG_FILTER.$proc$rtl/img_filter.v:617$1618'.
  created $dff cell `$procdff$5411' with positive edge clock.
Creating register for signal `\IMG_FILTER.\pair_q[77]' using process `\IMG_FILTER.$proc$rtl/img_filter.v:617$1613'.
  created $dff cell `$procdff$5412' with positive edge clock.
Creating register for signal `\IMG_FILTER.\pair_q[76]' using process `\IMG_FILTER.$proc$rtl/img_filter.v:617$1608'.
  created $dff cell `$procdff$5413' with positive edge clock.
Creating register for signal `\IMG_FILTER.\pair_q[75]' using process `\IMG_FILTER.$proc$rtl/img_filter.v:617$1603'.
  created $dff cell `$procdff$5414' with positive edge clock.
Creating register for signal `\IMG_FILTER.\part_q[14]' using process `\IMG_FILTER.$proc$rtl/img_filter.v:627$1595'.
  created $dff cell `$procdff$5415' with positive edge clock.
Creating register for signal `\IMG_FILTER.\part_q[13]' using process `\IMG_FILTER.$proc$rtl/img_filter.v:627$1589'.
  created $dff cell `$procdff$5416' with positive edge clock.
Creating register for signal `\IMG_FILTER.\part_q[12]' using process `\IMG_FILTER.$proc$rtl/img_filter.v:627$1583'.
  created $dff cell `$procdff$5417' with positive edge clock.
Creating register for signal `\IMG_FILTER.\part_q[11]' using process `\IMG_FILTER.$proc$rtl/img_filter.v:627$1577'.
  created $dff cell `$procdff$5418' with positive edge clock.
Creating register for signal `\IMG_FILTER.\part_q[10]' using process `\IMG_FILTER.$proc$rtl/img_filter.v:627$1571'.
  created $dff cell `$procdff$5419' with positive edge clock.
Creating register for signal `\IMG_FILTER.\pair_q[74]' using process `\IMG_FILTER.$proc$rtl/img_filter.v:617$1565'.
  created $dff cell `$procdff$5420' with positive edge clock.
Creating register for signal `\IMG_FILTER.\pair_q[73]' using process `\IMG_FILTER.$proc$rtl/img_filter.v:617$1560'.
  created $dff cell `$procdff$5421' with positive edge clock.
Creating register for signal `\IMG_FILTER.\pair_q[72]' using process `\IMG_FILTER.$proc$rtl/img_filter.v:617$1555'.
  created $dff cell `$procdff$5422' with positive edge clock.
Creating register for signal `\IMG_FILTER.\pair_q[71]' using process `\IMG_FILTER.$proc$rtl/img_filter.v:617$1550'.
  created $dff cell `$procdff$5423' with positive edge clock.
Creating register for signal `\IMG_FILTER.\pair_q[70]' using process `\IMG_FILTER.$proc$rtl/img_filter.v:617$1545'.
  created $dff cell `$procdff$5424' with positive edge clock.
Creating register for signal `\IMG_FILTER.\pair_q[69]' using process `\IMG_FILTER.$proc$rtl/img_filter.v:617$1540'.
  created $dff cell `$procdff$5425' with positive edge clock.
Creating register for signal `\IMG_FILTER.\pair_q[68]' using process `\IMG_FILTER.$proc$rtl/img_filter.v:617$1535'.
  created $dff cell `$procdff$5426' with positive edge clock.
Creating register for signal `\IMG_FILTER.\pair_q[67]' using process `\IMG_FILTER.$proc$rtl/img_filter.v:617$1530'.
  created $dff cell `$procdff$5427' with positive edge clock.
Creating register for signal `\IMG_FILTER.\pair_q[66]' using process `\IMG_FILTER.$proc$rtl/img_filter.v:617$1525'.
  created $dff cell `$procdff$5428' with positive edge clock.
Creating register for signal `\IMG_FILTER.\pair_q[65]' using process `\IMG_FILTER.$proc$rtl/img_filter.v:617$1520'.
  created $dff cell `$procdff$5429' with positive edge clock.
Creating register for signal `\IMG_FILTER.\pair_q[64]' using process `\IMG_FILTER.$proc$rtl/img_filter.v:617$1515'.
  created $dff cell `$procdff$5430' with positive edge clock.
Creating register for signal `\IMG_FILTER.\pair_q[63]' using process `\IMG_FILTER.$proc$rtl/img_filter.v:617$1510'.
  created $dff cell `$procdff$5431' with positive edge clock.
Creating register for signal `\IMG_FILTER.\pair_q[62]' using process `\IMG_FILTER.$proc$rtl/img_filter.v:617$1505'.
  created $dff cell `$procdff$5432' with positive edge clock.
Creating register for signal `\IMG_FILTER.\pair_q[61]' using process `\IMG_FILTER.$proc$rtl/img_filter.v:617$1500'.
  created $dff cell `$procdff$5433' with positive edge clock.
Creating register for signal `\IMG_FILTER.\pair_q[60]' using process `\IMG_FILTER.$proc$rtl/img_filter.v:617$1495'.
  created $dff cell `$procdff$5434' with positive edge clock.
Creating register for signal `\IMG_FILTER.\pair_q[59]' using process `\IMG_FILTER.$proc$rtl/img_filter.v:617$1490'.
  created $dff cell `$procdff$5435' with positive edge clock.
Creating register for signal `\IMG_FILTER.\pair_q[58]' using process `\IMG_FILTER.$proc$rtl/img_filter.v:617$1485'.
  created $dff cell `$procdff$5436' with positive edge clock.
Creating register for signal `\IMG_FILTER.\pair_q[57]' using process `\IMG_FILTER.$proc$rtl/img_filter.v:617$1480'.
  created $dff cell `$procdff$5437' with positive edge clock.
Creating register for signal `\IMG_FILTER.\pair_q[56]' using process `\IMG_FILTER.$proc$rtl/img_filter.v:617$1475'.
  created $dff cell `$procdff$5438' with positive edge clock.
Creating register for signal `\IMG_FILTER.\pair_q[55]' using process `\IMG_FILTER.$proc$rtl/img_filter.v:617$1470'.
  created $dff cell `$procdff$5439' with positive edge clock.
Creating register for signal `\IMG_FILTER.\pair_q[54]' using process `\IMG_FILTER.$proc$rtl/img_filter.v:617$1465'.
  created $dff cell `$procdff$5440' with positive edge clock.
Creating register for signal `\IMG_FILTER.\pair_q[53]' using process `\IMG_FILTER.$proc$rtl/img_filter.v:617$1460'.
  created $dff cell `$procdff$5441' with positive edge clock.
Creating register for signal `\IMG_FILTER.\pair_q[52]' using process `\IMG_FILTER.$proc$rtl/img_filter.v:617$1455'.
  created $dff cell `$procdff$5442' with positive edge clock.
Creating register for signal `\IMG_FILTER.\pair_q[51]' using process `\IMG_FILTER.$proc$rtl/img_filter.v:617$1450'.
  created $dff cell `$procdff$5443' with positive edge clock.
Creating register for signal `\IMG_FILTER.\pair_q[50]' using process `\IMG_FILTER.$proc$rtl/img_filter.v:617$1445'.
  created $dff cell `$procdff$5444' with positive edge clock.
Creating register for signal `\IMG_FILTER.\part_q[9]' using process `\IMG_FILTER.$proc$rtl/img_filter.v:627$1437'.
  created $dff cell `$procdff$5445' with positive edge clock.
Creating register for signal `\IMG_FILTER.\part_q[8]' using process `\IMG_FILTER.$proc$rtl/img_filter.v:627$1431'.
  created $dff cell `$procdff$5446' with positive edge clock.
Creating register for signal `\IMG_FILTER.\part_q[7]' using process `\IMG_FILTER.$proc$rtl/img_filter.v:627$1425'.
  created $dff cell `$procdff$5447' with positive edge clock.
Creating register for signal `\IMG_FILTER.\part_q[6]' using process `\IMG_FILTER.$proc$rtl/img_filter.v:627$1419'.
  created $dff cell `$procdff$5448' with positive edge clock.
Creating register for signal `\IMG_FILTER.\part_q[5]' using process `\IMG_FILTER.$proc$rtl/img_filter.v:627$1413'.
  created $dff cell `$procdff$5449' with positive edge clock.
Creating register for signal `\IMG_FILTER.\pair_q[49]' using process `\IMG_FILTER.$proc$rtl/img_filter.v:617$1407'.
  created $dff cell `$procdff$5450' with positive edge clock.
Creating register for signal `\IMG_FILTER.\pair_q[48]' using process `\IMG_FILTER.$proc$rtl/img_filter.v:617$1402'.
  created $dff cell `$procdff$5451' with positive edge clock.
Creating register for signal `\IMG_FILTER.\pair_q[47]' using process `\IMG_FILTER.$proc$rtl/img_filter.v:617$1397'.
  created $dff cell `$procdff$5452' with positive edge clock.
Creating register for signal `\IMG_FILTER.\pair_q[46]' using process `\IMG_FILTER.$proc$rtl/img_filter.v:617$1392'.
  created $dff cell `$procdff$5453' with positive edge clock.
Creating register for signal `\IMG_FILTER.\pair_q[45]' using process `\IMG_FILTER.$proc$rtl/img_filter.v:617$1387'.
  created $dff cell `$procdff$5454' with positive edge clock.
Creating register for signal `\IMG_FILTER.\pair_q[44]' using process `\IMG_FILTER.$proc$rtl/img_filter.v:617$1382'.
  created $dff cell `$procdff$5455' with positive edge clock.
Creating register for signal `\IMG_FILTER.\pair_q[43]' using process `\IMG_FILTER.$proc$rtl/img_filter.v:617$1377'.
  created $dff cell `$procdff$5456' with positive edge clock.
Creating register for signal `\IMG_FILTER.\pair_q[42]' using process `\IMG_FILTER.$proc$rtl/img_filter.v:617$1372'.
  created $dff cell `$procdff$5457' with positive edge clock.
Creating register for signal `\IMG_FILTER.\pair_q[41]' using process `\IMG_FILTER.$proc$rtl/img_filter.v:617$1367'.
  created $dff cell `$procdff$5458' with positive edge clock.
Creating register for signal `\IMG_FILTER.\pair_q[40]' using process `\IMG_FILTER.$proc$rtl/img_filter.v:617$1362'.
  created $dff cell `$procdff$5459' with positive edge clock.
Creating register for signal `\IMG_FILTER.\pair_q[39]' using process `\IMG_FILTER.$proc$rtl/img_filter.v:617$1357'.
  created $dff cell `$procdff$5460' with positive edge clock.
Creating register for signal `\IMG_FILTER.\pair_q[38]' using process `\IMG_FILTER.$proc$rtl/img_filter.v:617$1352'.
  created $dff cell `$procdff$5461' with positive edge clock.
Creating register for signal `\IMG_FILTER.\pair_q[37]' using process `\IMG_FILTER.$proc$rtl/img_filter.v:617$1347'.
  created $dff cell `$procdff$5462' with positive edge clock.
Creating register for signal `\IMG_FILTER.\pair_q[36]' using process `\IMG_FILTER.$proc$rtl/img_filter.v:617$1342'.
  created $dff cell `$procdff$5463' with positive edge clock.
Creating register for signal `\IMG_FILTER.\pair_q[35]' using process `\IMG_FILTER.$proc$rtl/img_filter.v:617$1337'.
  created $dff cell `$procdff$5464' with positive edge clock.
Creating register for signal `\IMG_FILTER.\pair_q[34]' using process `\IMG_FILTER.$proc$rtl/img_filter.v:617$1332'.
  created $dff cell `$procdff$5465' with positive edge clock.
Creating register for signal `\IMG_FILTER.\pair_q[33]' using process `\IMG_FILTER.$proc$rtl/img_filter.v:617$1327'.
  created $dff cell `$procdff$5466' with positive edge clock.
Creating register for signal `\IMG_FILTER.\pair_q[32]' using process `\IMG_FILTER.$proc$rtl/img_filter.v:617$1322'.
  created $dff cell `$procdff$5467' with positive edge clock.
Creating register for signal `\IMG_FILTER.\pair_q[31]' using process `\IMG_FILTER.$proc$rtl/img_filter.v:617$1317'.
  created $dff cell `$procdff$5468' with positive edge clock.
Creating register for signal `\IMG_FILTER.\pair_q[30]' using process `\IMG_FILTER.$proc$rtl/img_filter.v:617$1312'.
  created $dff cell `$procdff$5469' with positive edge clock.
Creating register for signal `\IMG_FILTER.\pair_q[29]' using process `\IMG_FILTER.$proc$rtl/img_filter.v:617$1307'.
  created $dff cell `$procdff$5470' with positive edge clock.
Creating register for signal `\IMG_FILTER.\pair_q[28]' using process `\IMG_FILTER.$proc$rtl/img_filter.v:617$1302'.
  created $dff cell `$procdff$5471' with positive edge clock.
Creating register for signal `\IMG_FILTER.\pair_q[27]' using process `\IMG_FILTER.$proc$rtl/img_filter.v:617$1297'.
  created $dff cell `$procdff$5472' with positive edge clock.
Creating register for signal `\IMG_FILTER.\pair_q[26]' using process `\IMG_FILTER.$proc$rtl/img_filter.v:617$1292'.
  created $dff cell `$procdff$5473' with positive edge clock.
Creating register for signal `\IMG_FILTER.\pair_q[25]' using process `\IMG_FILTER.$proc$rtl/img_filter.v:617$1287'.
  created $dff cell `$procdff$5474' with positive edge clock.
Creating register for signal `\IMG_FILTER.\part_q[4]' using process `\IMG_FILTER.$proc$rtl/img_filter.v:627$1279'.
  created $dff cell `$procdff$5475' with positive edge clock.
Creating register for signal `\IMG_FILTER.\part_q[3]' using process `\IMG_FILTER.$proc$rtl/img_filter.v:627$1273'.
  created $dff cell `$procdff$5476' with positive edge clock.
Creating register for signal `\IMG_FILTER.\part_q[2]' using process `\IMG_FILTER.$proc$rtl/img_filter.v:627$1267'.
  created $dff cell `$procdff$5477' with positive edge clock.
Creating register for signal `\IMG_FILTER.\part_q[1]' using process `\IMG_FILTER.$proc$rtl/img_filter.v:627$1261'.
  created $dff cell `$procdff$5478' with positive edge clock.
Creating register for signal `\IMG_FILTER.\part_q[0]' using process `\IMG_FILTER.$proc$rtl/img_filter.v:627$1255'.
  created $dff cell `$procdff$5479' with positive edge clock.
Creating register for signal `\IMG_FILTER.\pair_q[24]' using process `\IMG_FILTER.$proc$rtl/img_filter.v:617$1249'.
  created $dff cell `$procdff$5480' with positive edge clock.
Creating register for signal `\IMG_FILTER.\pair_q[23]' using process `\IMG_FILTER.$proc$rtl/img_filter.v:617$1244'.
  created $dff cell `$procdff$5481' with positive edge clock.
Creating register for signal `\IMG_FILTER.\pair_q[22]' using process `\IMG_FILTER.$proc$rtl/img_filter.v:617$1239'.
  created $dff cell `$procdff$5482' with positive edge clock.
Creating register for signal `\IMG_FILTER.\pair_q[21]' using process `\IMG_FILTER.$proc$rtl/img_filter.v:617$1234'.
  created $dff cell `$procdff$5483' with positive edge clock.
Creating register for signal `\IMG_FILTER.\pair_q[20]' using process `\IMG_FILTER.$proc$rtl/img_filter.v:617$1229'.
  created $dff cell `$procdff$5484' with positive edge clock.
Creating register for signal `\IMG_FILTER.\pair_q[19]' using process `\IMG_FILTER.$proc$rtl/img_filter.v:617$1224'.
  created $dff cell `$procdff$5485' with positive edge clock.
Creating register for signal `\IMG_FILTER.\pair_q[18]' using process `\IMG_FILTER.$proc$rtl/img_filter.v:617$1219'.
  created $dff cell `$procdff$5486' with positive edge clock.
Creating register for signal `\IMG_FILTER.\pair_q[17]' using process `\IMG_FILTER.$proc$rtl/img_filter.v:617$1214'.
  created $dff cell `$procdff$5487' with positive edge clock.
Creating register for signal `\IMG_FILTER.\pair_q[16]' using process `\IMG_FILTER.$proc$rtl/img_filter.v:617$1209'.
  created $dff cell `$procdff$5488' with positive edge clock.
Creating register for signal `\IMG_FILTER.\pair_q[15]' using process `\IMG_FILTER.$proc$rtl/img_filter.v:617$1204'.
  created $dff cell `$procdff$5489' with positive edge clock.
Creating register for signal `\IMG_FILTER.\pair_q[14]' using process `\IMG_FILTER.$proc$rtl/img_filter.v:617$1199'.
  created $dff cell `$procdff$5490' with positive edge clock.
Creating register for signal `\IMG_FILTER.\pair_q[13]' using process `\IMG_FILTER.$proc$rtl/img_filter.v:617$1194'.
  created $dff cell `$procdff$5491' with positive edge clock.
Creating register for signal `\IMG_FILTER.\pair_q[12]' using process `\IMG_FILTER.$proc$rtl/img_filter.v:617$1189'.
  created $dff cell `$procdff$5492' with positive edge clock.
Creating register for signal `\IMG_FILTER.\pair_q[11]' using process `\IMG_FILTER.$proc$rtl/img_filter.v:617$1184'.
  created $dff cell `$procdff$5493' with positive edge clock.
Creating register for signal `\IMG_FILTER.\pair_q[10]' using process `\IMG_FILTER.$proc$rtl/img_filter.v:617$1179'.
  created $dff cell `$procdff$5494' with positive edge clock.
Creating register for signal `\IMG_FILTER.\pair_q[9]' using process `\IMG_FILTER.$proc$rtl/img_filter.v:617$1174'.
  created $dff cell `$procdff$5495' with positive edge clock.
Creating register for signal `\IMG_FILTER.\pair_q[8]' using process `\IMG_FILTER.$proc$rtl/img_filter.v:617$1169'.
  created $dff cell `$procdff$5496' with positive edge clock.
Creating register for signal `\IMG_FILTER.\pair_q[7]' using process `\IMG_FILTER.$proc$rtl/img_filter.v:617$1164'.
  created $dff cell `$procdff$5497' with positive edge clock.
Creating register for signal `\IMG_FILTER.\pair_q[6]' using process `\IMG_FILTER.$proc$rtl/img_filter.v:617$1159'.
  created $dff cell `$procdff$5498' with positive edge clock.
Creating register for signal `\IMG_FILTER.\pair_q[5]' using process `\IMG_FILTER.$proc$rtl/img_filter.v:617$1154'.
  created $dff cell `$procdff$5499' with positive edge clock.
Creating register for signal `\IMG_FILTER.\pair_q[4]' using process `\IMG_FILTER.$proc$rtl/img_filter.v:617$1149'.
  created $dff cell `$procdff$5500' with positive edge clock.
Creating register for signal `\IMG_FILTER.\pair_q[3]' using process `\IMG_FILTER.$proc$rtl/img_filter.v:617$1144'.
  created $dff cell `$procdff$5501' with positive edge clock.
Creating register for signal `\IMG_FILTER.\pair_q[2]' using process `\IMG_FILTER.$proc$rtl/img_filter.v:617$1139'.
  created $dff cell `$procdff$5502' with positive edge clock.
Creating register for signal `\IMG_FILTER.\pair_q[1]' using process `\IMG_FILTER.$proc$rtl/img_filter.v:617$1134'.
  created $dff cell `$procdff$5503' with positive edge clock.
Creating register for signal `\IMG_FILTER.\pair_q[0]' using process `\IMG_FILTER.$proc$rtl/img_filter.v:617$1129'.
  created $dff cell `$procdff$5504' with positive edge clock.
Creating register for signal `\IMG_FILTER.\out_pix_data' using process `\IMG_FILTER.$proc$rtl/img_filter.v:669$313'.
  created $adff cell `$procdff$5509' with positive edge clock and positive level reset.
Creating register for signal `\IMG_FILTER.\oskid_d' using process `\IMG_FILTER.$proc$rtl/img_filter.v:669$313'.
  created $adff cell `$procdff$5514' with positive edge clock and positive level reset.
Creating register for signal `\IMG_FILTER.\out_v_q' using process `\IMG_FILTER.$proc$rtl/img_filter.v:652$307'.
  created $adff cell `$procdff$5519' with positive edge clock and positive level reset.
Creating register for signal `\IMG_FILTER.\oskid_v' using process `\IMG_FILTER.$proc$rtl/img_filter.v:652$307'.
  created $adff cell `$procdff$5524' with positive edge clock and positive level reset.
Creating register for signal `\IMG_FILTER.\rdata_q' using process `\IMG_FILTER.$proc$rtl/img_filter.v:567$302'.
  created $dff cell `$procdff$5525' with positive edge clock.
Creating register for signal `\IMG_FILTER.\c_d1' using process `\IMG_FILTER.$proc$rtl/img_filter.v:567$302'.
  created $dff cell `$procdff$5526' with positive edge clock.
Creating register for signal `\IMG_FILTER.\c_d2' using process `\IMG_FILTER.$proc$rtl/img_filter.v:567$302'.
  created $dff cell `$procdff$5527' with positive edge clock.
Creating register for signal `\IMG_FILTER.\cbp_d1' using process `\IMG_FILTER.$proc$rtl/img_filter.v:567$302'.
  created $dff cell `$procdff$5528' with positive edge clock.
Creating register for signal `\IMG_FILTER.\cbp_d2' using process `\IMG_FILTER.$proc$rtl/img_filter.v:567$302'.
  created $dff cell `$procdff$5529' with positive edge clock.
Creating register for signal `\IMG_FILTER.\byp_d1' using process `\IMG_FILTER.$proc$rtl/img_filter.v:567$302'.
  created $dff cell `$procdff$5530' with positive edge clock.
Creating register for signal `\IMG_FILTER.\byp_d2' using process `\IMG_FILTER.$proc$rtl/img_filter.v:567$302'.
  created $dff cell `$procdff$5531' with positive edge clock.
Creating register for signal `\IMG_FILTER.\ce_d1' using process `\IMG_FILTER.$proc$rtl/img_filter.v:549$300'.
  created $adff cell `$procdff$5536' with positive edge clock and positive level reset.
Creating register for signal `\IMG_FILTER.\ce_d2' using process `\IMG_FILTER.$proc$rtl/img_filter.v:549$300'.
  created $adff cell `$procdff$5541' with positive edge clock and positive level reset.
Creating register for signal `\IMG_FILTER.\out_d1' using process `\IMG_FILTER.$proc$rtl/img_filter.v:549$300'.
  created $adff cell `$procdff$5546' with positive edge clock and positive level reset.
Creating register for signal `\IMG_FILTER.\out_d2' using process `\IMG_FILTER.$proc$rtl/img_filter.v:549$300'.
  created $adff cell `$procdff$5551' with positive edge clock and positive level reset.
Creating register for signal `\IMG_FILTER.\out_d3' using process `\IMG_FILTER.$proc$rtl/img_filter.v:549$300'.
  created $adff cell `$procdff$5556' with positive edge clock and positive level reset.
Creating register for signal `\IMG_FILTER.\out_d4' using process `\IMG_FILTER.$proc$rtl/img_filter.v:549$300'.
  created $adff cell `$procdff$5561' with positive edge clock and positive level reset.
Creating register for signal `\IMG_FILTER.\m_c' using process `\IMG_FILTER.$proc$rtl/img_filter.v:521$294'.
  created $dff cell `$procdff$5562' with positive edge clock.
Creating register for signal `\IMG_FILTER.\m_cbp' using process `\IMG_FILTER.$proc$rtl/img_filter.v:521$294'.
  created $dff cell `$procdff$5563' with positive edge clock.
Creating register for signal `\IMG_FILTER.\m_ce' using process `\IMG_FILTER.$proc$rtl/img_filter.v:508$287'.
  created $adff cell `$procdff$5568' with positive edge clock and positive level reset.
Creating register for signal `\IMG_FILTER.\m_1h' using process `\IMG_FILTER.$proc$rtl/img_filter.v:508$287'.
  created $adff cell `$procdff$5573' with positive edge clock and positive level reset.
Creating register for signal `\IMG_FILTER.\m_addr' using process `\IMG_FILTER.$proc$rtl/img_filter.v:508$287'.
  created $adff cell `$procdff$5578' with positive edge clock and positive level reset.
Creating register for signal `\IMG_FILTER.\m_out' using process `\IMG_FILTER.$proc$rtl/img_filter.v:508$287'.
  created $adff cell `$procdff$5583' with positive edge clock and positive level reset.
Creating register for signal `\IMG_FILTER.\in_data_q' using process `\IMG_FILTER.$proc$rtl/img_filter.v:494$283'.
  created $adff cell `$procdff$5588' with positive edge clock and positive level reset.
Creating register for signal `\IMG_FILTER.\ibuf0' using process `\IMG_FILTER.$proc$rtl/img_filter.v:487$282'.
  created $dff cell `$procdff$5589' with positive edge clock.
Creating register for signal `\IMG_FILTER.\ibuf1' using process `\IMG_FILTER.$proc$rtl/img_filter.v:487$282'.
  created $dff cell `$procdff$5590' with positive edge clock.
Creating register for signal `\IMG_FILTER.\icnt' using process `\IMG_FILTER.$proc$rtl/img_filter.v:474$276'.
  created $adff cell `$procdff$5595' with positive edge clock and positive level reset.
Creating register for signal `\IMG_FILTER.\in_need_q' using process `\IMG_FILTER.$proc$rtl/img_filter.v:474$276'.
  created $adff cell `$procdff$5600' with positive edge clock and positive level reset.
Creating register for signal `\IMG_FILTER.\iwr' using process `\IMG_FILTER.$proc$rtl/img_filter.v:474$276'.
  created $adff cell `$procdff$5605' with positive edge clock and positive level reset.
Creating register for signal `\IMG_FILTER.\ird' using process `\IMG_FILTER.$proc$rtl/img_filter.v:474$276'.
  created $adff cell `$procdff$5610' with positive edge clock and positive level reset.
Creating register for signal `\IMG_FILTER.\rem_f' using process `\IMG_FILTER.$proc$rtl/img_filter.v:439$264'.
  created $adff cell `$procdff$5615' with positive edge clock and positive level reset.
Creating register for signal `\IMG_FILTER.\ymod_f' using process `\IMG_FILTER.$proc$rtl/img_filter.v:439$264'.
  created $adff cell `$procdff$5620' with positive edge clock and positive level reset.
Creating register for signal `\IMG_FILTER.\tlo_f' using process `\IMG_FILTER.$proc$rtl/img_filter.v:439$264'.
  created $adff cell `$procdff$5625' with positive edge clock and positive level reset.
Creating register for signal `\IMG_FILTER.\c_cur' using process `\IMG_FILTER.$proc$rtl/img_filter.v:431$263'.
  created $dff cell `$procdff$5626' with positive edge clock.
Creating register for signal `\IMG_FILTER.\ce_cur' using process `\IMG_FILTER.$proc$rtl/img_filter.v:431$263'.
  created $dff cell `$procdff$5627' with positive edge clock.
Creating register for signal `\IMG_FILTER.\cbp_cur' using process `\IMG_FILTER.$proc$rtl/img_filter.v:431$263'.
  created $dff cell `$procdff$5628' with positive edge clock.
Creating register for signal `\IMG_FILTER.\c_fut' using process `\IMG_FILTER.$proc$rtl/img_filter.v:418$259'.
  created $dff cell `$procdff$5629' with positive edge clock.
Creating register for signal `\IMG_FILTER.\ce_fut' using process `\IMG_FILTER.$proc$rtl/img_filter.v:418$259'.
  created $dff cell `$procdff$5630' with positive edge clock.
Creating register for signal `\IMG_FILTER.\cbp_fut' using process `\IMG_FILTER.$proc$rtl/img_filter.v:418$259'.
  created $dff cell `$procdff$5631' with positive edge clock.
Creating register for signal `\IMG_FILTER.\cvlo1_q' using process `\IMG_FILTER.$proc$rtl/img_filter.v:383$258'.
  created $dff cell `$procdff$5632' with positive edge clock.
Creating register for signal `\IMG_FILTER.\cvlo2_q' using process `\IMG_FILTER.$proc$rtl/img_filter.v:383$258'.
  created $dff cell `$procdff$5633' with positive edge clock.
Creating register for signal `\IMG_FILTER.\cvlo3_q' using process `\IMG_FILTER.$proc$rtl/img_filter.v:383$258'.
  created $dff cell `$procdff$5634' with positive edge clock.
Creating register for signal `\IMG_FILTER.\shi1_q' using process `\IMG_FILTER.$proc$rtl/img_filter.v:383$258'.
  created $dff cell `$procdff$5635' with positive edge clock.
Creating register for signal `\IMG_FILTER.\shi2_q' using process `\IMG_FILTER.$proc$rtl/img_filter.v:383$258'.
  created $dff cell `$procdff$5636' with positive edge clock.
Creating register for signal `\IMG_FILTER.\shi3_q' using process `\IMG_FILTER.$proc$rtl/img_filter.v:383$258'.
  created $dff cell `$procdff$5637' with positive edge clock.
Creating register for signal `\IMG_FILTER.\cbp_mid_q' using process `\IMG_FILTER.$proc$rtl/img_filter.v:383$258'.
  created $dff cell `$procdff$5638' with positive edge clock.
Creating register for signal `\IMG_FILTER.\prep_cnt' using process `\IMG_FILTER.$proc$rtl/img_filter.v:267$222'.
  created $adff cell `$procdff$5643' with positive edge clock and positive level reset.
Creating register for signal `\IMG_FILTER.\state' using process `\IMG_FILTER.$proc$rtl/img_filter.v:267$222'.
  created $adff cell `$procdff$5648' with positive edge clock and positive level reset.
Creating register for signal `\IMG_FILTER.\c_cnt' using process `\IMG_FILTER.$proc$rtl/img_filter.v:267$222'.
  created $adff cell `$procdff$5653' with positive edge clock and positive level reset.
Creating register for signal `\IMG_FILTER.\r_cnt' using process `\IMG_FILTER.$proc$rtl/img_filter.v:267$222'.
  created $adff cell `$procdff$5658' with positive edge clock and positive level reset.
Creating register for signal `\IMG_FILTER.\wbank' using process `\IMG_FILTER.$proc$rtl/img_filter.v:267$222'.
  created $adff cell `$procdff$5663' with positive edge clock and positive level reset.
Creating register for signal `\IMG_FILTER.\rem_q' using process `\IMG_FILTER.$proc$rtl/img_filter.v:267$222'.
  created $adff cell `$procdff$5668' with positive edge clock and positive level reset.
Creating register for signal `\IMG_FILTER.\mod_x' using process `\IMG_FILTER.$proc$rtl/img_filter.v:197$177'.
  created $adff cell `$procdff$5673' with positive edge clock and positive level reset.
Creating register for signal `\IMG_FILTER.\i' using process `\IMG_FILTER.$proc$rtl/img_filter.v:186$24'.
  created $adff cell `$procdff$5678' with positive edge clock and positive level reset.
Creating register for signal `\IMG_FILTER.\a_sym[0]' using process `\IMG_FILTER.$proc$rtl/img_filter.v:186$24'.
  created $adff cell `$procdff$5683' with positive edge clock and positive level reset.
Creating register for signal `\IMG_FILTER.\a_sym[1]' using process `\IMG_FILTER.$proc$rtl/img_filter.v:186$24'.
  created $adff cell `$procdff$5688' with positive edge clock and positive level reset.
Creating register for signal `\IMG_FILTER.\a_sym[2]' using process `\IMG_FILTER.$proc$rtl/img_filter.v:186$24'.
  created $adff cell `$procdff$5693' with positive edge clock and positive level reset.
Creating register for signal `\IMG_FILTER.\a_sym[3]' using process `\IMG_FILTER.$proc$rtl/img_filter.v:186$24'.
  created $adff cell `$procdff$5698' with positive edge clock and positive level reset.
Creating register for signal `\IMG_FILTER.\a_sym[4]' using process `\IMG_FILTER.$proc$rtl/img_filter.v:186$24'.
  created $adff cell `$procdff$5703' with positive edge clock and positive level reset.
Creating register for signal `\IMG_FILTER.\a_sym[5]' using process `\IMG_FILTER.$proc$rtl/img_filter.v:186$24'.
  created $adff cell `$procdff$5708' with positive edge clock and positive level reset.
Creating register for signal `\IMG_FILTER.\a_sym[6]' using process `\IMG_FILTER.$proc$rtl/img_filter.v:186$24'.
  created $adff cell `$procdff$5713' with positive edge clock and positive level reset.
Creating register for signal `\IMG_FILTER.\a_sym[7]' using process `\IMG_FILTER.$proc$rtl/img_filter.v:186$24'.
  created $adff cell `$procdff$5718' with positive edge clock and positive level reset.
Creating register for signal `\IMG_FILTER.\a_sym[8]' using process `\IMG_FILTER.$proc$rtl/img_filter.v:186$24'.
  created $adff cell `$procdff$5723' with positive edge clock and positive level reset.
Creating register for signal `\IMG_FILTER.\a_sym[9]' using process `\IMG_FILTER.$proc$rtl/img_filter.v:186$24'.
  created $adff cell `$procdff$5728' with positive edge clock and positive level reset.
Creating register for signal `\IMG_FILTER.\a_sym[10]' using process `\IMG_FILTER.$proc$rtl/img_filter.v:186$24'.
  created $adff cell `$procdff$5733' with positive edge clock and positive level reset.
Creating register for signal `\IMG_FILTER.\a_sym[11]' using process `\IMG_FILTER.$proc$rtl/img_filter.v:186$24'.
  created $adff cell `$procdff$5738' with positive edge clock and positive level reset.
Creating register for signal `\IMG_FILTER.\a_sym[12]' using process `\IMG_FILTER.$proc$rtl/img_filter.v:186$24'.
  created $adff cell `$procdff$5743' with positive edge clock and positive level reset.
Creating register for signal `\IMG_FILTER.\a_sym[13]' using process `\IMG_FILTER.$proc$rtl/img_filter.v:186$24'.
  created $adff cell `$procdff$5748' with positive edge clock and positive level reset.
Creating register for signal `\IMG_FILTER.\a_sym[14]' using process `\IMG_FILTER.$proc$rtl/img_filter.v:186$24'.
  created $adff cell `$procdff$5753' with positive edge clock and positive level reset.
Creating register for signal `\IMG_FILTER.\a_sym[15]' using process `\IMG_FILTER.$proc$rtl/img_filter.v:186$24'.
  created $adff cell `$procdff$5758' with positive edge clock and positive level reset.
Creating register for signal `\IMG_FILTER.\a_sym[16]' using process `\IMG_FILTER.$proc$rtl/img_filter.v:186$24'.
  created $adff cell `$procdff$5763' with positive edge clock and positive level reset.
Creating register for signal `\IMG_FILTER.\a_sym[17]' using process `\IMG_FILTER.$proc$rtl/img_filter.v:186$24'.
  created $adff cell `$procdff$5768' with positive edge clock and positive level reset.
Creating register for signal `\IMG_FILTER.\a_sym[18]' using process `\IMG_FILTER.$proc$rtl/img_filter.v:186$24'.
  created $adff cell `$procdff$5773' with positive edge clock and positive level reset.
Creating register for signal `\IMG_FILTER.\a_sym[19]' using process `\IMG_FILTER.$proc$rtl/img_filter.v:186$24'.
  created $adff cell `$procdff$5778' with positive edge clock and positive level reset.
Creating register for signal `\IMG_FILTER.\a_sym[20]' using process `\IMG_FILTER.$proc$rtl/img_filter.v:186$24'.
  created $adff cell `$procdff$5783' with positive edge clock and positive level reset.
Creating register for signal `\IMG_FILTER.\a_sym[21]' using process `\IMG_FILTER.$proc$rtl/img_filter.v:186$24'.
  created $adff cell `$procdff$5788' with positive edge clock and positive level reset.
Creating register for signal `\IMG_FILTER.\a_sym[22]' using process `\IMG_FILTER.$proc$rtl/img_filter.v:186$24'.
  created $adff cell `$procdff$5793' with positive edge clock and positive level reset.
Creating register for signal `\IMG_FILTER.\a_sym[23]' using process `\IMG_FILTER.$proc$rtl/img_filter.v:186$24'.
  created $adff cell `$procdff$5798' with positive edge clock and positive level reset.
Creating register for signal `\IMG_FILTER.\a_sym[24]' using process `\IMG_FILTER.$proc$rtl/img_filter.v:186$24'.
  created $adff cell `$procdff$5803' with positive edge clock and positive level reset.
Creating register for signal `\IMG_FILTER.\h_m1_q' using process `\IMG_FILTER.$proc$rtl/img_filter.v:157$20'.
  created $adff cell `$procdff$5808' with positive edge clock and positive level reset.
Creating register for signal `\IMG_FILTER.\nbm1_q' using process `\IMG_FILTER.$proc$rtl/img_filter.v:157$20'.
  created $adff cell `$procdff$5813' with positive edge clock and positive level reset.
Creating register for signal `\IMG_FILTER.\hv_q' using process `\IMG_FILTER.$proc$rtl/img_filter.v:157$20'.
  created $adff cell `$procdff$5818' with positive edge clock and positive level reset.
Creating register for signal `\IMG_FILTER.\coef_q' using process `\IMG_FILTER.$proc$rtl/img_filter.v:157$20'.
  created $adff cell `$procdff$5823' with positive edge clock and positive level reset.

4.10. Executing PROC_MEMWR pass (convert process memory writes to cells).

4.11. Executing PROC_CLEAN pass (remove empty switches from decision trees).
Removing empty process `IMG_FILTER.$proc$rtl/img_filter.v:635$3749'.
Removing empty process `IMG_FILTER.$proc$rtl/img_filter.v:631$3744'.
Removing empty process `IMG_FILTER.$proc$rtl/img_filter.v:635$3743'.
Removing empty process `IMG_FILTER.$proc$rtl/img_filter.v:631$3738'.
Removing empty process `IMG_FILTER.$proc$rtl/img_filter.v:635$3737'.
Removing empty process `IMG_FILTER.$proc$rtl/img_filter.v:631$3732'.
Removing empty process `IMG_FILTER.$proc$rtl/img_filter.v:635$3731'.
Removing empty process `IMG_FILTER.$proc$rtl/img_filter.v:631$3726'.
Removing empty process `IMG_FILTER.$proc$rtl/img_filter.v:635$3725'.
Removing empty process `IMG_FILTER.$proc$rtl/img_filter.v:631$3720'.
Removing empty process `IMG_FILTER.$proc$rtl/img_filter.v:635$3719'.
Removing empty process `IMG_FILTER.$proc$rtl/img_filter.v:631$3714'.
Removing empty process `IMG_FILTER.$proc$rtl/img_filter.v:635$3713'.
Removing empty process `IMG_FILTER.$proc$rtl/img_filter.v:631$3708'.
Removing empty process `IMG_FILTER.$proc$rtl/img_filter.v:635$3707'.
Removing empty process `IMG_FILTER.$proc$rtl/img_filter.v:631$3702'.
Removing empty process `IMG_FILTER.$proc$rtl/img_filter.v:635$3701'.
Removing empty process `IMG_FILTER.$proc$rtl/img_filter.v:631$3696'.
Removing empty process `IMG_FILTER.$proc$rtl/img_filter.v:635$3695'.
Removing empty process `IMG_FILTER.$proc$rtl/img_filter.v:631$3690'.
Removing empty process `IMG_FILTER.$proc$rtl/img_filter.v:635$3689'.
Removing empty process `IMG_FILTER.$proc$rtl/img_filter.v:631$3684'.
Removing empty process `IMG_FILTER.$proc$rtl/img_filter.v:635$3683'.
Removing empty process `IMG_FILTER.$proc$rtl/img_filter.v:631$3678'.
Removing empty process `IMG_FILTER.$proc$rtl/img_filter.v:635$3677'.
Removing empty process `IMG_FILTER.$proc$rtl/img_filter.v:631$3672'.
Removing empty process `IMG_FILTER.$proc$rtl/img_filter.v:635$3671'.
Removing empty process `IMG_FILTER.$proc$rtl/img_filter.v:631$3666'.
Removing empty process `IMG_FILTER.$proc$rtl/img_filter.v:635$3665'.
Removing empty process `IMG_FILTER.$proc$rtl/img_filter.v:631$3660'.
Removing empty process `IMG_FILTER.$proc$rtl/img_filter.v:635$3659'.
Removing empty process `IMG_FILTER.$proc$rtl/img_filter.v:631$3654'.
Found and cleaned up 1 empty switch in `\IMG_FILTER.$proc$rtl/img_filter.v:627$3649'.
Removing empty process `IMG_FILTER.$proc$rtl/img_filter.v:627$3649'.
Found and cleaned up 1 empty switch in `\IMG_FILTER.$proc$rtl/img_filter.v:627$3643'.
Removing empty process `IMG_FILTER.$proc$rtl/img_filter.v:627$3643'.
Found and cleaned up 1 empty switch in `\IMG_FILTER.$proc$rtl/img_filter.v:627$3637'.
Removing empty process `IMG_FILTER.$proc$rtl/img_filter.v:627$3637'.
Found and cleaned up 1 empty switch in `\IMG_FILTER.$proc$rtl/img_filter.v:627$3631'.
Removing empty process `IMG_FILTER.$proc$rtl/img_filter.v:627$3631'.
Found and cleaned up 1 empty switch in `\IMG_FILTER.$proc$rtl/img_filter.v:627$3625'.
Removing empty process `IMG_FILTER.$proc$rtl/img_filter.v:627$3625'.
Found and cleaned up 1 empty switch in `\IMG_FILTER.$proc$rtl/img_filter.v:617$3619'.
Removing empty process `IMG_FILTER.$proc$rtl/img_filter.v:617$3619'.
Found and cleaned up 1 empty switch in `\IMG_FILTER.$proc$rtl/img_filter.v:617$3614'.
Removing empty process `IMG_FILTER.$proc$rtl/img_filter.v:617$3614'.
Found and cleaned up 1 empty switch in `\IMG_FILTER.$proc$rtl/img_filter.v:617$3609'.
Removing empty process `IMG_FILTER.$proc$rtl/img_filter.v:617$3609'.
Found and cleaned up 1 empty switch in `\IMG_FILTER.$proc$rtl/img_filter.v:617$3604'.
Removing empty process `IMG_FILTER.$proc$rtl/img_filter.v:617$3604'.
Found and cleaned up 1 empty switch in `\IMG_FILTER.$proc$rtl/img_filter.v:617$3599'.
Removing empty process `IMG_FILTER.$proc$rtl/img_filter.v:617$3599'.
Found and cleaned up 1 empty switch in `\IMG_FILTER.$proc$rtl/img_filter.v:617$3594'.
Removing empty process `IMG_FILTER.$proc$rtl/img_filter.v:617$3594'.
Found and cleaned up 1 empty switch in `\IMG_FILTER.$proc$rtl/img_filter.v:617$3589'.
Removing empty process `IMG_FILTER.$proc$rtl/img_filter.v:617$3589'.
Found and cleaned up 1 empty switch in `\IMG_FILTER.$proc$rtl/img_filter.v:617$3584'.
Removing empty process `IMG_FILTER.$proc$rtl/img_filter.v:617$3584'.
Found and cleaned up 1 empty switch in `\IMG_FILTER.$proc$rtl/img_filter.v:617$3579'.
Removing empty process `IMG_FILTER.$proc$rtl/img_filter.v:617$3579'.
Found and cleaned up 1 empty switch in `\IMG_FILTER.$proc$rtl/img_filter.v:617$3574'.
Removing empty process `IMG_FILTER.$proc$rtl/img_filter.v:617$3574'.
Found and cleaned up 1 empty switch in `\IMG_FILTER.$proc$rtl/img_filter.v:617$3569'.
Removing empty process `IMG_FILTER.$proc$rtl/img_filter.v:617$3569'.
Found and cleaned up 1 empty switch in `\IMG_FILTER.$proc$rtl/img_filter.v:617$3564'.
Removing empty process `IMG_FILTER.$proc$rtl/img_filter.v:617$3564'.
Found and cleaned up 1 empty switch in `\IMG_FILTER.$proc$rtl/img_filter.v:617$3559'.
Removing empty process `IMG_FILTER.$proc$rtl/img_filter.v:617$3559'.
Found and cleaned up 1 empty switch in `\IMG_FILTER.$proc$rtl/img_filter.v:617$3554'.
Removing empty process `IMG_FILTER.$proc$rtl/img_filter.v:617$3554'.
Found and cleaned up 1 empty switch in `\IMG_FILTER.$proc$rtl/img_filter.v:617$3549'.
Removing empty process `IMG_FILTER.$proc$rtl/img_filter.v:617$3549'.
Found and cleaned up 1 empty switch in `\IMG_FILTER.$proc$rtl/img_filter.v:617$3544'.
Removing empty process `IMG_FILTER.$proc$rtl/img_filter.v:617$3544'.
Found and cleaned up 1 empty switch in `\IMG_FILTER.$proc$rtl/img_filter.v:617$3539'.
Removing empty process `IMG_FILTER.$proc$rtl/img_filter.v:617$3539'.
Found and cleaned up 1 empty switch in `\IMG_FILTER.$proc$rtl/img_filter.v:617$3534'.
Removing empty process `IMG_FILTER.$proc$rtl/img_filter.v:617$3534'.
Found and cleaned up 1 empty switch in `\IMG_FILTER.$proc$rtl/img_filter.v:617$3529'.
Removing empty process `IMG_FILTER.$proc$rtl/img_filter.v:617$3529'.
Found and cleaned up 1 empty switch in `\IMG_FILTER.$proc$rtl/img_filter.v:617$3524'.
Removing empty process `IMG_FILTER.$proc$rtl/img_filter.v:617$3524'.
Found and cleaned up 1 empty switch in `\IMG_FILTER.$proc$rtl/img_filter.v:617$3519'.
Removing empty process `IMG_FILTER.$proc$rtl/img_filter.v:617$3519'.
Found and cleaned up 1 empty switch in `\IMG_FILTER.$proc$rtl/img_filter.v:617$3514'.
Removing empty process `IMG_FILTER.$proc$rtl/img_filter.v:617$3514'.
Found and cleaned up 1 empty switch in `\IMG_FILTER.$proc$rtl/img_filter.v:617$3509'.
Removing empty process `IMG_FILTER.$proc$rtl/img_filter.v:617$3509'.
Found and cleaned up 1 empty switch in `\IMG_FILTER.$proc$rtl/img_filter.v:617$3504'.
Removing empty process `IMG_FILTER.$proc$rtl/img_filter.v:617$3504'.
Found and cleaned up 1 empty switch in `\IMG_FILTER.$proc$rtl/img_filter.v:617$3499'.
Removing empty process `IMG_FILTER.$proc$rtl/img_filter.v:617$3499'.
Found and cleaned up 1 empty switch in `\IMG_FILTER.$proc$rtl/img_filter.v:627$3491'.
Removing empty process `IMG_FILTER.$proc$rtl/img_filter.v:627$3491'.
Found and cleaned up 1 empty switch in `\IMG_FILTER.$proc$rtl/img_filter.v:627$3485'.
Removing empty process `IMG_FILTER.$proc$rtl/img_filter.v:627$3485'.
Found and cleaned up 1 empty switch in `\IMG_FILTER.$proc$rtl/img_filter.v:627$3479'.
Removing empty process `IMG_FILTER.$proc$rtl/img_filter.v:627$3479'.
Found and cleaned up 1 empty switch in `\IMG_FILTER.$proc$rtl/img_filter.v:627$3473'.
Removing empty process `IMG_FILTER.$proc$rtl/img_filter.v:627$3473'.
Found and cleaned up 1 empty switch in `\IMG_FILTER.$proc$rtl/img_filter.v:627$3467'.
Removing empty process `IMG_FILTER.$proc$rtl/img_filter.v:627$3467'.
Found and cleaned up 1 empty switch in `\IMG_FILTER.$proc$rtl/img_filter.v:617$3461'.
Removing empty process `IMG_FILTER.$proc$rtl/img_filter.v:617$3461'.
Found and cleaned up 1 empty switch in `\IMG_FILTER.$proc$rtl/img_filter.v:617$3456'.
Removing empty process `IMG_FILTER.$proc$rtl/img_filter.v:617$3456'.
Found and cleaned up 1 empty switch in `\IMG_FILTER.$proc$rtl/img_filter.v:617$3451'.
Removing empty process `IMG_FILTER.$proc$rtl/img_filter.v:617$3451'.
Found and cleaned up 1 empty switch in `\IMG_FILTER.$proc$rtl/img_filter.v:617$3446'.
Removing empty process `IMG_FILTER.$proc$rtl/img_filter.v:617$3446'.
Found and cleaned up 1 empty switch in `\IMG_FILTER.$proc$rtl/img_filter.v:617$3441'.
Removing empty process `IMG_FILTER.$proc$rtl/img_filter.v:617$3441'.
Found and cleaned up 1 empty switch in `\IMG_FILTER.$proc$rtl/img_filter.v:617$3436'.
Removing empty process `IMG_FILTER.$proc$rtl/img_filter.v:617$3436'.
Found and cleaned up 1 empty switch in `\IMG_FILTER.$proc$rtl/img_filter.v:617$3431'.
Removing empty process `IMG_FILTER.$proc$rtl/img_filter.v:617$3431'.
Found and cleaned up 1 empty switch in `\IMG_FILTER.$proc$rtl/img_filter.v:617$3426'.
Removing empty process `IMG_FILTER.$proc$rtl/img_filter.v:617$3426'.
Found and cleaned up 1 empty switch in `\IMG_FILTER.$proc$rtl/img_filter.v:617$3421'.
Removing empty process `IMG_FILTER.$proc$rtl/img_filter.v:617$3421'.
Found and cleaned up 1 empty switch in `\IMG_FILTER.$proc$rtl/img_filter.v:617$3416'.
Removing empty process `IMG_FILTER.$proc$rtl/img_filter.v:617$3416'.
Found and cleaned up 1 empty switch in `\IMG_FILTER.$proc$rtl/img_filter.v:617$3411'.
Removing empty process `IMG_FILTER.$proc$rtl/img_filter.v:617$3411'.
Found and cleaned up 1 empty switch in `\IMG_FILTER.$proc$rtl/img_filter.v:617$3406'.
Removing empty process `IMG_FILTER.$proc$rtl/img_filter.v:617$3406'.
Found and cleaned up 1 empty switch in `\IMG_FILTER.$proc$rtl/img_filter.v:617$3401'.
Removing empty process `IMG_FILTER.$proc$rtl/img_filter.v:617$3401'.
Found and cleaned up 1 empty switch in `\IMG_FILTER.$proc$rtl/img_filter.v:617$3396'.
Removing empty process `IMG_FILTER.$proc$rtl/img_filter.v:617$3396'.
Found and cleaned up 1 empty switch in `\IMG_FILTER.$proc$rtl/img_filter.v:617$3391'.
Removing empty process `IMG_FILTER.$proc$rtl/img_filter.v:617$3391'.
Found and cleaned up 1 empty switch in `\IMG_FILTER.$proc$rtl/img_filter.v:617$3386'.
Removing empty process `IMG_FILTER.$proc$rtl/img_filter.v:617$3386'.
Found and cleaned up 1 empty switch in `\IMG_FILTER.$proc$rtl/img_filter.v:617$3381'.
Removing empty process `IMG_FILTER.$proc$rtl/img_filter.v:617$3381'.
Found and cleaned up 1 empty switch in `\IMG_FILTER.$proc$rtl/img_filter.v:617$3376'.
Removing empty process `IMG_FILTER.$proc$rtl/img_filter.v:617$3376'.
Found and cleaned up 1 empty switch in `\IMG_FILTER.$proc$rtl/img_filter.v:617$3371'.
Removing empty process `IMG_FILTER.$proc$rtl/img_filter.v:617$3371'.
Found and cleaned up 1 empty switch in `\IMG_FILTER.$proc$rtl/img_filter.v:617$3366'.
Removing empty process `IMG_FILTER.$proc$rtl/img_filter.v:617$3366'.
Found and cleaned up 1 empty switch in `\IMG_FILTER.$proc$rtl/img_filter.v:617$3361'.
Removing empty process `IMG_FILTER.$proc$rtl/img_filter.v:617$3361'.
Found and cleaned up 1 empty switch in `\IMG_FILTER.$proc$rtl/img_filter.v:617$3356'.
Removing empty process `IMG_FILTER.$proc$rtl/img_filter.v:617$3356'.
Found and cleaned up 1 empty switch in `\IMG_FILTER.$proc$rtl/img_filter.v:617$3351'.
Removing empty process `IMG_FILTER.$proc$rtl/img_filter.v:617$3351'.
Found and cleaned up 1 empty switch in `\IMG_FILTER.$proc$rtl/img_filter.v:617$3346'.
Removing empty process `IMG_FILTER.$proc$rtl/img_filter.v:617$3346'.
Found and cleaned up 1 empty switch in `\IMG_FILTER.$proc$rtl/img_filter.v:617$3341'.
Removing empty process `IMG_FILTER.$proc$rtl/img_filter.v:617$3341'.
Found and cleaned up 1 empty switch in `\IMG_FILTER.$proc$rtl/img_filter.v:627$3333'.
Removing empty process `IMG_FILTER.$proc$rtl/img_filter.v:627$3333'.
Found and cleaned up 1 empty switch in `\IMG_FILTER.$proc$rtl/img_filter.v:627$3327'.
Removing empty process `IMG_FILTER.$proc$rtl/img_filter.v:627$3327'.
Found and cleaned up 1 empty switch in `\IMG_FILTER.$proc$rtl/img_filter.v:627$3321'.
Removing empty process `IMG_FILTER.$proc$rtl/img_filter.v:627$3321'.
Found and cleaned up 1 empty switch in `\IMG_FILTER.$proc$rtl/img_filter.v:627$3315'.
Removing empty process `IMG_FILTER.$proc$rtl/img_filter.v:627$3315'.
Found and cleaned up 1 empty switch in `\IMG_FILTER.$proc$rtl/img_filter.v:627$3309'.
Removing empty process `IMG_FILTER.$proc$rtl/img_filter.v:627$3309'.
Found and cleaned up 1 empty switch in `\IMG_FILTER.$proc$rtl/img_filter.v:617$3303'.
Removing empty process `IMG_FILTER.$proc$rtl/img_filter.v:617$3303'.
Found and cleaned up 1 empty switch in `\IMG_FILTER.$proc$rtl/img_filter.v:617$3298'.
Removing empty process `IMG_FILTER.$proc$rtl/img_filter.v:617$3298'.
Found and cleaned up 1 empty switch in `\IMG_FILTER.$proc$rtl/img_filter.v:617$3293'.
Removing empty process `IMG_FILTER.$proc$rtl/img_filter.v:617$3293'.
Found and cleaned up 1 empty switch in `\IMG_FILTER.$proc$rtl/img_filter.v:617$3288'.
Removing empty process `IMG_FILTER.$proc$rtl/img_filter.v:617$3288'.
Found and cleaned up 1 empty switch in `\IMG_FILTER.$proc$rtl/img_filter.v:617$3283'.
Removing empty process `IMG_FILTER.$proc$rtl/img_filter.v:617$3283'.
Found and cleaned up 1 empty switch in `\IMG_FILTER.$proc$rtl/img_filter.v:617$3278'.
Removing empty process `IMG_FILTER.$proc$rtl/img_filter.v:617$3278'.
Found and cleaned up 1 empty switch in `\IMG_FILTER.$proc$rtl/img_filter.v:617$3273'.
Removing empty process `IMG_FILTER.$proc$rtl/img_filter.v:617$3273'.
Found and cleaned up 1 empty switch in `\IMG_FILTER.$proc$rtl/img_filter.v:617$3268'.
Removing empty process `IMG_FILTER.$proc$rtl/img_filter.v:617$3268'.
Found and cleaned up 1 empty switch in `\IMG_FILTER.$proc$rtl/img_filter.v:617$3263'.
Removing empty process `IMG_FILTER.$proc$rtl/img_filter.v:617$3263'.
Found and cleaned up 1 empty switch in `\IMG_FILTER.$proc$rtl/img_filter.v:617$3258'.
Removing empty process `IMG_FILTER.$proc$rtl/img_filter.v:617$3258'.
Found and cleaned up 1 empty switch in `\IMG_FILTER.$proc$rtl/img_filter.v:617$3253'.
Removing empty process `IMG_FILTER.$proc$rtl/img_filter.v:617$3253'.
Found and cleaned up 1 empty switch in `\IMG_FILTER.$proc$rtl/img_filter.v:617$3248'.
Removing empty process `IMG_FILTER.$proc$rtl/img_filter.v:617$3248'.
Found and cleaned up 1 empty switch in `\IMG_FILTER.$proc$rtl/img_filter.v:617$3243'.
Removing empty process `IMG_FILTER.$proc$rtl/img_filter.v:617$3243'.
Found and cleaned up 1 empty switch in `\IMG_FILTER.$proc$rtl/img_filter.v:617$3238'.
Removing empty process `IMG_FILTER.$proc$rtl/img_filter.v:617$3238'.
Found and cleaned up 1 empty switch in `\IMG_FILTER.$proc$rtl/img_filter.v:617$3233'.
Removing empty process `IMG_FILTER.$proc$rtl/img_filter.v:617$3233'.
Found and cleaned up 1 empty switch in `\IMG_FILTER.$proc$rtl/img_filter.v:617$3228'.
Removing empty process `IMG_FILTER.$proc$rtl/img_filter.v:617$3228'.
Found and cleaned up 1 empty switch in `\IMG_FILTER.$proc$rtl/img_filter.v:617$3223'.
Removing empty process `IMG_FILTER.$proc$rtl/img_filter.v:617$3223'.
Found and cleaned up 1 empty switch in `\IMG_FILTER.$proc$rtl/img_filter.v:617$3218'.
Removing empty process `IMG_FILTER.$proc$rtl/img_filter.v:617$3218'.
Found and cleaned up 1 empty switch in `\IMG_FILTER.$proc$rtl/img_filter.v:617$3213'.
Removing empty process `IMG_FILTER.$proc$rtl/img_filter.v:617$3213'.
Found and cleaned up 1 empty switch in `\IMG_FILTER.$proc$rtl/img_filter.v:617$3208'.
Removing empty process `IMG_FILTER.$proc$rtl/img_filter.v:617$3208'.
Found and cleaned up 1 empty switch in `\IMG_FILTER.$proc$rtl/img_filter.v:617$3203'.
Removing empty process `IMG_FILTER.$proc$rtl/img_filter.v:617$3203'.
Found and cleaned up 1 empty switch in `\IMG_FILTER.$proc$rtl/img_filter.v:617$3198'.
Removing empty process `IMG_FILTER.$proc$rtl/img_filter.v:617$3198'.
Found and cleaned up 1 empty switch in `\IMG_FILTER.$proc$rtl/img_filter.v:617$3193'.
Removing empty process `IMG_FILTER.$proc$rtl/img_filter.v:617$3193'.
Found and cleaned up 1 empty switch in `\IMG_FILTER.$proc$rtl/img_filter.v:617$3188'.
Removing empty process `IMG_FILTER.$proc$rtl/img_filter.v:617$3188'.
Found and cleaned up 1 empty switch in `\IMG_FILTER.$proc$rtl/img_filter.v:617$3183'.
Removing empty process `IMG_FILTER.$proc$rtl/img_filter.v:617$3183'.
Found and cleaned up 1 empty switch in `\IMG_FILTER.$proc$rtl/img_filter.v:627$3175'.
Removing empty process `IMG_FILTER.$proc$rtl/img_filter.v:627$3175'.
Found and cleaned up 1 empty switch in `\IMG_FILTER.$proc$rtl/img_filter.v:627$3169'.
Removing empty process `IMG_FILTER.$proc$rtl/img_filter.v:627$3169'.
Found and cleaned up 1 empty switch in `\IMG_FILTER.$proc$rtl/img_filter.v:627$3163'.
Removing empty process `IMG_FILTER.$proc$rtl/img_filter.v:627$3163'.
Found and cleaned up 1 empty switch in `\IMG_FILTER.$proc$rtl/img_filter.v:627$3157'.
Removing empty process `IMG_FILTER.$proc$rtl/img_filter.v:627$3157'.
Found and cleaned up 1 empty switch in `\IMG_FILTER.$proc$rtl/img_filter.v:627$3151'.
Removing empty process `IMG_FILTER.$proc$rtl/img_filter.v:627$3151'.
Found and cleaned up 1 empty switch in `\IMG_FILTER.$proc$rtl/img_filter.v:617$3145'.
Removing empty process `IMG_FILTER.$proc$rtl/img_filter.v:617$3145'.
Found and cleaned up 1 empty switch in `\IMG_FILTER.$proc$rtl/img_filter.v:617$3140'.
Removing empty process `IMG_FILTER.$proc$rtl/img_filter.v:617$3140'.
Found and cleaned up 1 empty switch in `\IMG_FILTER.$proc$rtl/img_filter.v:617$3135'.
Removing empty process `IMG_FILTER.$proc$rtl/img_filter.v:617$3135'.
Found and cleaned up 1 empty switch in `\IMG_FILTER.$proc$rtl/img_filter.v:617$3130'.
Removing empty process `IMG_FILTER.$proc$rtl/img_filter.v:617$3130'.
Found and cleaned up 1 empty switch in `\IMG_FILTER.$proc$rtl/img_filter.v:617$3125'.
Removing empty process `IMG_FILTER.$proc$rtl/img_filter.v:617$3125'.
Found and cleaned up 1 empty switch in `\IMG_FILTER.$proc$rtl/img_filter.v:617$3120'.
Removing empty process `IMG_FILTER.$proc$rtl/img_filter.v:617$3120'.
Found and cleaned up 1 empty switch in `\IMG_FILTER.$proc$rtl/img_filter.v:617$3115'.
Removing empty process `IMG_FILTER.$proc$rtl/img_filter.v:617$3115'.
Found and cleaned up 1 empty switch in `\IMG_FILTER.$proc$rtl/img_filter.v:617$3110'.
Removing empty process `IMG_FILTER.$proc$rtl/img_filter.v:617$3110'.
Found and cleaned up 1 empty switch in `\IMG_FILTER.$proc$rtl/img_filter.v:617$3105'.
Removing empty process `IMG_FILTER.$proc$rtl/img_filter.v:617$3105'.
Found and cleaned up 1 empty switch in `\IMG_FILTER.$proc$rtl/img_filter.v:617$3100'.
Removing empty process `IMG_FILTER.$proc$rtl/img_filter.v:617$3100'.
Found and cleaned up 1 empty switch in `\IMG_FILTER.$proc$rtl/img_filter.v:617$3095'.
Removing empty process `IMG_FILTER.$proc$rtl/img_filter.v:617$3095'.
Found and cleaned up 1 empty switch in `\IMG_FILTER.$proc$rtl/img_filter.v:617$3090'.
Removing empty process `IMG_FILTER.$proc$rtl/img_filter.v:617$3090'.
Found and cleaned up 1 empty switch in `\IMG_FILTER.$proc$rtl/img_filter.v:617$3085'.
Removing empty process `IMG_FILTER.$proc$rtl/img_filter.v:617$3085'.
Found and cleaned up 1 empty switch in `\IMG_FILTER.$proc$rtl/img_filter.v:617$3080'.
Removing empty process `IMG_FILTER.$proc$rtl/img_filter.v:617$3080'.
Found and cleaned up 1 empty switch in `\IMG_FILTER.$proc$rtl/img_filter.v:617$3075'.
Removing empty process `IMG_FILTER.$proc$rtl/img_filter.v:617$3075'.
Found and cleaned up 1 empty switch in `\IMG_FILTER.$proc$rtl/img_filter.v:617$3070'.
Removing empty process `IMG_FILTER.$proc$rtl/img_filter.v:617$3070'.
Found and cleaned up 1 empty switch in `\IMG_FILTER.$proc$rtl/img_filter.v:617$3065'.
Removing empty process `IMG_FILTER.$proc$rtl/img_filter.v:617$3065'.
Found and cleaned up 1 empty switch in `\IMG_FILTER.$proc$rtl/img_filter.v:617$3060'.
Removing empty process `IMG_FILTER.$proc$rtl/img_filter.v:617$3060'.
Found and cleaned up 1 empty switch in `\IMG_FILTER.$proc$rtl/img_filter.v:617$3055'.
Removing empty process `IMG_FILTER.$proc$rtl/img_filter.v:617$3055'.
Found and cleaned up 1 empty switch in `\IMG_FILTER.$proc$rtl/img_filter.v:617$3050'.
Removing empty process `IMG_FILTER.$proc$rtl/img_filter.v:617$3050'.
Found and cleaned up 1 empty switch in `\IMG_FILTER.$proc$rtl/img_filter.v:617$3045'.
Removing empty process `IMG_FILTER.$proc$rtl/img_filter.v:617$3045'.
Found and cleaned up 1 empty switch in `\IMG_FILTER.$proc$rtl/img_filter.v:617$3040'.
Removing empty process `IMG_FILTER.$proc$rtl/img_filter.v:617$3040'.
Found and cleaned up 1 empty switch in `\IMG_FILTER.$proc$rtl/img_filter.v:617$3035'.
Removing empty process `IMG_FILTER.$proc$rtl/img_filter.v:617$3035'.
Found and cleaned up 1 empty switch in `\IMG_FILTER.$proc$rtl/img_filter.v:617$3030'.
Removing empty process `IMG_FILTER.$proc$rtl/img_filter.v:617$3030'.
Found and cleaned up 1 empty switch in `\IMG_FILTER.$proc$rtl/img_filter.v:617$3025'.
Removing empty process `IMG_FILTER.$proc$rtl/img_filter.v:617$3025'.
Found and cleaned up 1 empty switch in `\IMG_FILTER.$proc$rtl/img_filter.v:627$3017'.
Removing empty process `IMG_FILTER.$proc$rtl/img_filter.v:627$3017'.
Found and cleaned up 1 empty switch in `\IMG_FILTER.$proc$rtl/img_filter.v:627$3011'.
Removing empty process `IMG_FILTER.$proc$rtl/img_filter.v:627$3011'.
Found and cleaned up 1 empty switch in `\IMG_FILTER.$proc$rtl/img_filter.v:627$3005'.
Removing empty process `IMG_FILTER.$proc$rtl/img_filter.v:627$3005'.
Found and cleaned up 1 empty switch in `\IMG_FILTER.$proc$rtl/img_filter.v:627$2999'.
Removing empty process `IMG_FILTER.$proc$rtl/img_filter.v:627$2999'.
Found and cleaned up 1 empty switch in `\IMG_FILTER.$proc$rtl/img_filter.v:627$2993'.
Removing empty process `IMG_FILTER.$proc$rtl/img_filter.v:627$2993'.
Found and cleaned up 1 empty switch in `\IMG_FILTER.$proc$rtl/img_filter.v:617$2987'.
Removing empty process `IMG_FILTER.$proc$rtl/img_filter.v:617$2987'.
Found and cleaned up 1 empty switch in `\IMG_FILTER.$proc$rtl/img_filter.v:617$2982'.
Removing empty process `IMG_FILTER.$proc$rtl/img_filter.v:617$2982'.
Found and cleaned up 1 empty switch in `\IMG_FILTER.$proc$rtl/img_filter.v:617$2977'.
Removing empty process `IMG_FILTER.$proc$rtl/img_filter.v:617$2977'.
Found and cleaned up 1 empty switch in `\IMG_FILTER.$proc$rtl/img_filter.v:617$2972'.
Removing empty process `IMG_FILTER.$proc$rtl/img_filter.v:617$2972'.
Found and cleaned up 1 empty switch in `\IMG_FILTER.$proc$rtl/img_filter.v:617$2967'.
Removing empty process `IMG_FILTER.$proc$rtl/img_filter.v:617$2967'.
Found and cleaned up 1 empty switch in `\IMG_FILTER.$proc$rtl/img_filter.v:617$2962'.
Removing empty process `IMG_FILTER.$proc$rtl/img_filter.v:617$2962'.
Found and cleaned up 1 empty switch in `\IMG_FILTER.$proc$rtl/img_filter.v:617$2957'.
Removing empty process `IMG_FILTER.$proc$rtl/img_filter.v:617$2957'.
Found and cleaned up 1 empty switch in `\IMG_FILTER.$proc$rtl/img_filter.v:617$2952'.
Removing empty process `IMG_FILTER.$proc$rtl/img_filter.v:617$2952'.
Found and cleaned up 1 empty switch in `\IMG_FILTER.$proc$rtl/img_filter.v:617$2947'.
Removing empty process `IMG_FILTER.$proc$rtl/img_filter.v:617$2947'.
Found and cleaned up 1 empty switch in `\IMG_FILTER.$proc$rtl/img_filter.v:617$2942'.
Removing empty process `IMG_FILTER.$proc$rtl/img_filter.v:617$2942'.
Found and cleaned up 1 empty switch in `\IMG_FILTER.$proc$rtl/img_filter.v:617$2937'.
Removing empty process `IMG_FILTER.$proc$rtl/img_filter.v:617$2937'.
Found and cleaned up 1 empty switch in `\IMG_FILTER.$proc$rtl/img_filter.v:617$2932'.
Removing empty process `IMG_FILTER.$proc$rtl/img_filter.v:617$2932'.
Found and cleaned up 1 empty switch in `\IMG_FILTER.$proc$rtl/img_filter.v:617$2927'.
Removing empty process `IMG_FILTER.$proc$rtl/img_filter.v:617$2927'.
Found and cleaned up 1 empty switch in `\IMG_FILTER.$proc$rtl/img_filter.v:617$2922'.
Removing empty process `IMG_FILTER.$proc$rtl/img_filter.v:617$2922'.
Found and cleaned up 1 empty switch in `\IMG_FILTER.$proc$rtl/img_filter.v:617$2917'.
Removing empty process `IMG_FILTER.$proc$rtl/img_filter.v:617$2917'.
Found and cleaned up 1 empty switch in `\IMG_FILTER.$proc$rtl/img_filter.v:617$2912'.
Removing empty process `IMG_FILTER.$proc$rtl/img_filter.v:617$2912'.
Found and cleaned up 1 empty switch in `\IMG_FILTER.$proc$rtl/img_filter.v:617$2907'.
Removing empty process `IMG_FILTER.$proc$rtl/img_filter.v:617$2907'.
Found and cleaned up 1 empty switch in `\IMG_FILTER.$proc$rtl/img_filter.v:617$2902'.
Removing empty process `IMG_FILTER.$proc$rtl/img_filter.v:617$2902'.
Found and cleaned up 1 empty switch in `\IMG_FILTER.$proc$rtl/img_filter.v:617$2897'.
Removing empty process `IMG_FILTER.$proc$rtl/img_filter.v:617$2897'.
Found and cleaned up 1 empty switch in `\IMG_FILTER.$proc$rtl/img_filter.v:617$2892'.
Removing empty process `IMG_FILTER.$proc$rtl/img_filter.v:617$2892'.
Found and cleaned up 1 empty switch in `\IMG_FILTER.$proc$rtl/img_filter.v:617$2887'.
Removing empty process `IMG_FILTER.$proc$rtl/img_filter.v:617$2887'.
Found and cleaned up 1 empty switch in `\IMG_FILTER.$proc$rtl/img_filter.v:617$2882'.
Removing empty process `IMG_FILTER.$proc$rtl/img_filter.v:617$2882'.
Found and cleaned up 1 empty switch in `\IMG_FILTER.$proc$rtl/img_filter.v:617$2877'.
Removing empty process `IMG_FILTER.$proc$rtl/img_filter.v:617$2877'.
Found and cleaned up 1 empty switch in `\IMG_FILTER.$proc$rtl/img_filter.v:617$2872'.
Removing empty process `IMG_FILTER.$proc$rtl/img_filter.v:617$2872'.
Found and cleaned up 1 empty switch in `\IMG_FILTER.$proc$rtl/img_filter.v:617$2867'.
Removing empty process `IMG_FILTER.$proc$rtl/img_filter.v:617$2867'.
Found and cleaned up 1 empty switch in `\IMG_FILTER.$proc$rtl/img_filter.v:627$2859'.
Removing empty process `IMG_FILTER.$proc$rtl/img_filter.v:627$2859'.
Found and cleaned up 1 empty switch in `\IMG_FILTER.$proc$rtl/img_filter.v:627$2853'.
Removing empty process `IMG_FILTER.$proc$rtl/img_filter.v:627$2853'.
Found and cleaned up 1 empty switch in `\IMG_FILTER.$proc$rtl/img_filter.v:627$2847'.
Removing empty process `IMG_FILTER.$proc$rtl/img_filter.v:627$2847'.
Found and cleaned up 1 empty switch in `\IMG_FILTER.$proc$rtl/img_filter.v:627$2841'.
Removing empty process `IMG_FILTER.$proc$rtl/img_filter.v:627$2841'.
Found and cleaned up 1 empty switch in `\IMG_FILTER.$proc$rtl/img_filter.v:627$2835'.
Removing empty process `IMG_FILTER.$proc$rtl/img_filter.v:627$2835'.
Found and cleaned up 1 empty switch in `\IMG_FILTER.$proc$rtl/img_filter.v:617$2829'.
Removing empty process `IMG_FILTER.$proc$rtl/img_filter.v:617$2829'.
Found and cleaned up 1 empty switch in `\IMG_FILTER.$proc$rtl/img_filter.v:617$2824'.
Removing empty process `IMG_FILTER.$proc$rtl/img_filter.v:617$2824'.
Found and cleaned up 1 empty switch in `\IMG_FILTER.$proc$rtl/img_filter.v:617$2819'.
Removing empty process `IMG_FILTER.$proc$rtl/img_filter.v:617$2819'.
Found and cleaned up 1 empty switch in `\IMG_FILTER.$proc$rtl/img_filter.v:617$2814'.
Removing empty process `IMG_FILTER.$proc$rtl/img_filter.v:617$2814'.
Found and cleaned up 1 empty switch in `\IMG_FILTER.$proc$rtl/img_filter.v:617$2809'.
Removing empty process `IMG_FILTER.$proc$rtl/img_filter.v:617$2809'.
Found and cleaned up 1 empty switch in `\IMG_FILTER.$proc$rtl/img_filter.v:617$2804'.
Removing empty process `IMG_FILTER.$proc$rtl/img_filter.v:617$2804'.
Found and cleaned up 1 empty switch in `\IMG_FILTER.$proc$rtl/img_filter.v:617$2799'.
Removing empty process `IMG_FILTER.$proc$rtl/img_filter.v:617$2799'.
Found and cleaned up 1 empty switch in `\IMG_FILTER.$proc$rtl/img_filter.v:617$2794'.
Removing empty process `IMG_FILTER.$proc$rtl/img_filter.v:617$2794'.
Found and cleaned up 1 empty switch in `\IMG_FILTER.$proc$rtl/img_filter.v:617$2789'.
Removing empty process `IMG_FILTER.$proc$rtl/img_filter.v:617$2789'.
Found and cleaned up 1 empty switch in `\IMG_FILTER.$proc$rtl/img_filter.v:617$2784'.
Removing empty process `IMG_FILTER.$proc$rtl/img_filter.v:617$2784'.
Found and cleaned up 1 empty switch in `\IMG_FILTER.$proc$rtl/img_filter.v:617$2779'.
Removing empty process `IMG_FILTER.$proc$rtl/img_filter.v:617$2779'.
Found and cleaned up 1 empty switch in `\IMG_FILTER.$proc$rtl/img_filter.v:617$2774'.
Removing empty process `IMG_FILTER.$proc$rtl/img_filter.v:617$2774'.
Found and cleaned up 1 empty switch in `\IMG_FILTER.$proc$rtl/img_filter.v:617$2769'.
Removing empty process `IMG_FILTER.$proc$rtl/img_filter.v:617$2769'.
Found and cleaned up 1 empty switch in `\IMG_FILTER.$proc$rtl/img_filter.v:617$2764'.
Removing empty process `IMG_FILTER.$proc$rtl/img_filter.v:617$2764'.
Found and cleaned up 1 empty switch in `\IMG_FILTER.$proc$rtl/img_filter.v:617$2759'.
Removing empty process `IMG_FILTER.$proc$rtl/img_filter.v:617$2759'.
Found and cleaned up 1 empty switch in `\IMG_FILTER.$proc$rtl/img_filter.v:617$2754'.
Removing empty process `IMG_FILTER.$proc$rtl/img_filter.v:617$2754'.
Found and cleaned up 1 empty switch in `\IMG_FILTER.$proc$rtl/img_filter.v:617$2749'.
Removing empty process `IMG_FILTER.$proc$rtl/img_filter.v:617$2749'.
Found and cleaned up 1 empty switch in `\IMG_FILTER.$proc$rtl/img_filter.v:617$2744'.
Removing empty process `IMG_FILTER.$proc$rtl/img_filter.v:617$2744'.
Found and cleaned up 1 empty switch in `\IMG_FILTER.$proc$rtl/img_filter.v:617$2739'.
Removing empty process `IMG_FILTER.$proc$rtl/img_filter.v:617$2739'.
Found and cleaned up 1 empty switch in `\IMG_FILTER.$proc$rtl/img_filter.v:617$2734'.
Removing empty process `IMG_FILTER.$proc$rtl/img_filter.v:617$2734'.
Found and cleaned up 1 empty switch in `\IMG_FILTER.$proc$rtl/img_filter.v:617$2729'.
Removing empty process `IMG_FILTER.$proc$rtl/img_filter.v:617$2729'.
Found and cleaned up 1 empty switch in `\IMG_FILTER.$proc$rtl/img_filter.v:617$2724'.
Removing empty process `IMG_FILTER.$proc$rtl/img_filter.v:617$2724'.
Found and cleaned up 1 empty switch in `\IMG_FILTER.$proc$rtl/img_filter.v:617$2719'.
Removing empty process `IMG_FILTER.$proc$rtl/img_filter.v:617$2719'.
Found and cleaned up 1 empty switch in `\IMG_FILTER.$proc$rtl/img_filter.v:617$2714'.
Removing empty process `IMG_FILTER.$proc$rtl/img_filter.v:617$2714'.
Found and cleaned up 1 empty switch in `\IMG_FILTER.$proc$rtl/img_filter.v:617$2709'.
Removing empty process `IMG_FILTER.$proc$rtl/img_filter.v:617$2709'.
Found and cleaned up 1 empty switch in `\IMG_FILTER.$proc$rtl/img_filter.v:627$2701'.
Removing empty process `IMG_FILTER.$proc$rtl/img_filter.v:627$2701'.
Found and cleaned up 1 empty switch in `\IMG_FILTER.$proc$rtl/img_filter.v:627$2695'.
Removing empty process `IMG_FILTER.$proc$rtl/img_filter.v:627$2695'.
Found and cleaned up 1 empty switch in `\IMG_FILTER.$proc$rtl/img_filter.v:627$2689'.
Removing empty process `IMG_FILTER.$proc$rtl/img_filter.v:627$2689'.
Found and cleaned up 1 empty switch in `\IMG_FILTER.$proc$rtl/img_filter.v:627$2683'.
Removing empty process `IMG_FILTER.$proc$rtl/img_filter.v:627$2683'.
Found and cleaned up 1 empty switch in `\IMG_FILTER.$proc$rtl/img_filter.v:627$2677'.
Removing empty process `IMG_FILTER.$proc$rtl/img_filter.v:627$2677'.
Found and cleaned up 1 empty switch in `\IMG_FILTER.$proc$rtl/img_filter.v:617$2671'.
Removing empty process `IMG_FILTER.$proc$rtl/img_filter.v:617$2671'.
Found and cleaned up 1 empty switch in `\IMG_FILTER.$proc$rtl/img_filter.v:617$2666'.
Removing empty process `IMG_FILTER.$proc$rtl/img_filter.v:617$2666'.
Found and cleaned up 1 empty switch in `\IMG_FILTER.$proc$rtl/img_filter.v:617$2661'.
Removing empty process `IMG_FILTER.$proc$rtl/img_filter.v:617$2661'.
Found and cleaned up 1 empty switch in `\IMG_FILTER.$proc$rtl/img_filter.v:617$2656'.
Removing empty process `IMG_FILTER.$proc$rtl/img_filter.v:617$2656'.
Found and cleaned up 1 empty switch in `\IMG_FILTER.$proc$rtl/img_filter.v:617$2651'.
Removing empty process `IMG_FILTER.$proc$rtl/img_filter.v:617$2651'.
Found and cleaned up 1 empty switch in `\IMG_FILTER.$proc$rtl/img_filter.v:617$2646'.
Removing empty process `IMG_FILTER.$proc$rtl/img_filter.v:617$2646'.
Found and cleaned up 1 empty switch in `\IMG_FILTER.$proc$rtl/img_filter.v:617$2641'.
Removing empty process `IMG_FILTER.$proc$rtl/img_filter.v:617$2641'.
Found and cleaned up 1 empty switch in `\IMG_FILTER.$proc$rtl/img_filter.v:617$2636'.
Removing empty process `IMG_FILTER.$proc$rtl/img_filter.v:617$2636'.
Found and cleaned up 1 empty switch in `\IMG_FILTER.$proc$rtl/img_filter.v:617$2631'.
Removing empty process `IMG_FILTER.$proc$rtl/img_filter.v:617$2631'.
Found and cleaned up 1 empty switch in `\IMG_FILTER.$proc$rtl/img_filter.v:617$2626'.
Removing empty process `IMG_FILTER.$proc$rtl/img_filter.v:617$2626'.
Found and cleaned up 1 empty switch in `\IMG_FILTER.$proc$rtl/img_filter.v:617$2621'.
Removing empty process `IMG_FILTER.$proc$rtl/img_filter.v:617$2621'.
Found and cleaned up 1 empty switch in `\IMG_FILTER.$proc$rtl/img_filter.v:617$2616'.
Removing empty process `IMG_FILTER.$proc$rtl/img_filter.v:617$2616'.
Found and cleaned up 1 empty switch in `\IMG_FILTER.$proc$rtl/img_filter.v:617$2611'.
Removing empty process `IMG_FILTER.$proc$rtl/img_filter.v:617$2611'.
Found and cleaned up 1 empty switch in `\IMG_FILTER.$proc$rtl/img_filter.v:617$2606'.
Removing empty process `IMG_FILTER.$proc$rtl/img_filter.v:617$2606'.
Found and cleaned up 1 empty switch in `\IMG_FILTER.$proc$rtl/img_filter.v:617$2601'.
Removing empty process `IMG_FILTER.$proc$rtl/img_filter.v:617$2601'.
Found and cleaned up 1 empty switch in `\IMG_FILTER.$proc$rtl/img_filter.v:617$2596'.
Removing empty process `IMG_FILTER.$proc$rtl/img_filter.v:617$2596'.
Found and cleaned up 1 empty switch in `\IMG_FILTER.$proc$rtl/img_filter.v:617$2591'.
Removing empty process `IMG_FILTER.$proc$rtl/img_filter.v:617$2591'.
Found and cleaned up 1 empty switch in `\IMG_FILTER.$proc$rtl/img_filter.v:617$2586'.
Removing empty process `IMG_FILTER.$proc$rtl/img_filter.v:617$2586'.
Found and cleaned up 1 empty switch in `\IMG_FILTER.$proc$rtl/img_filter.v:617$2581'.
Removing empty process `IMG_FILTER.$proc$rtl/img_filter.v:617$2581'.
Found and cleaned up 1 empty switch in `\IMG_FILTER.$proc$rtl/img_filter.v:617$2576'.
Removing empty process `IMG_FILTER.$proc$rtl/img_filter.v:617$2576'.
Found and cleaned up 1 empty switch in `\IMG_FILTER.$proc$rtl/img_filter.v:617$2571'.
Removing empty process `IMG_FILTER.$proc$rtl/img_filter.v:617$2571'.
Found and cleaned up 1 empty switch in `\IMG_FILTER.$proc$rtl/img_filter.v:617$2566'.
Removing empty process `IMG_FILTER.$proc$rtl/img_filter.v:617$2566'.
Found and cleaned up 1 empty switch in `\IMG_FILTER.$proc$rtl/img_filter.v:617$2561'.
Removing empty process `IMG_FILTER.$proc$rtl/img_filter.v:617$2561'.
Found and cleaned up 1 empty switch in `\IMG_FILTER.$proc$rtl/img_filter.v:617$2556'.
Removing empty process `IMG_FILTER.$proc$rtl/img_filter.v:617$2556'.
Found and cleaned up 1 empty switch in `\IMG_FILTER.$proc$rtl/img_filter.v:617$2551'.
Removing empty process `IMG_FILTER.$proc$rtl/img_filter.v:617$2551'.
Found and cleaned up 1 empty switch in `\IMG_FILTER.$proc$rtl/img_filter.v:627$2543'.
Removing empty process `IMG_FILTER.$proc$rtl/img_filter.v:627$2543'.
Found and cleaned up 1 empty switch in `\IMG_FILTER.$proc$rtl/img_filter.v:627$2537'.
Removing empty process `IMG_FILTER.$proc$rtl/img_filter.v:627$2537'.
Found and cleaned up 1 empty switch in `\IMG_FILTER.$proc$rtl/img_filter.v:627$2531'.
Removing empty process `IMG_FILTER.$proc$rtl/img_filter.v:627$2531'.
Found and cleaned up 1 empty switch in `\IMG_FILTER.$proc$rtl/img_filter.v:627$2525'.
Removing empty process `IMG_FILTER.$proc$rtl/img_filter.v:627$2525'.
Found and cleaned up 1 empty switch in `\IMG_FILTER.$proc$rtl/img_filter.v:627$2519'.
Removing empty process `IMG_FILTER.$proc$rtl/img_filter.v:627$2519'.
Found and cleaned up 1 empty switch in `\IMG_FILTER.$proc$rtl/img_filter.v:617$2513'.
Removing empty process `IMG_FILTER.$proc$rtl/img_filter.v:617$2513'.
Found and cleaned up 1 empty switch in `\IMG_FILTER.$proc$rtl/img_filter.v:617$2508'.
Removing empty process `IMG_FILTER.$proc$rtl/img_filter.v:617$2508'.
Found and cleaned up 1 empty switch in `\IMG_FILTER.$proc$rtl/img_filter.v:617$2503'.
Removing empty process `IMG_FILTER.$proc$rtl/img_filter.v:617$2503'.
Found and cleaned up 1 empty switch in `\IMG_FILTER.$proc$rtl/img_filter.v:617$2498'.
Removing empty process `IMG_FILTER.$proc$rtl/img_filter.v:617$2498'.
Found and cleaned up 1 empty switch in `\IMG_FILTER.$proc$rtl/img_filter.v:617$2493'.
Removing empty process `IMG_FILTER.$proc$rtl/img_filter.v:617$2493'.
Found and cleaned up 1 empty switch in `\IMG_FILTER.$proc$rtl/img_filter.v:617$2488'.
Removing empty process `IMG_FILTER.$proc$rtl/img_filter.v:617$2488'.
Found and cleaned up 1 empty switch in `\IMG_FILTER.$proc$rtl/img_filter.v:617$2483'.
Removing empty process `IMG_FILTER.$proc$rtl/img_filter.v:617$2483'.
Found and cleaned up 1 empty switch in `\IMG_FILTER.$proc$rtl/img_filter.v:617$2478'.
Removing empty process `IMG_FILTER.$proc$rtl/img_filter.v:617$2478'.
Found and cleaned up 1 empty switch in `\IMG_FILTER.$proc$rtl/img_filter.v:617$2473'.
Removing empty process `IMG_FILTER.$proc$rtl/img_filter.v:617$2473'.
Found and cleaned up 1 empty switch in `\IMG_FILTER.$proc$rtl/img_filter.v:617$2468'.
Removing empty process `IMG_FILTER.$proc$rtl/img_filter.v:617$2468'.
Found and cleaned up 1 empty switch in `\IMG_FILTER.$proc$rtl/img_filter.v:617$2463'.
Removing empty process `IMG_FILTER.$proc$rtl/img_filter.v:617$2463'.
Found and cleaned up 1 empty switch in `\IMG_FILTER.$proc$rtl/img_filter.v:617$2458'.
Removing empty process `IMG_FILTER.$proc$rtl/img_filter.v:617$2458'.
Found and cleaned up 1 empty switch in `\IMG_FILTER.$proc$rtl/img_filter.v:617$2453'.
Removing empty process `IMG_FILTER.$proc$rtl/img_filter.v:617$2453'.
Found and cleaned up 1 empty switch in `\IMG_FILTER.$proc$rtl/img_filter.v:617$2448'.
Removing empty process `IMG_FILTER.$proc$rtl/img_filter.v:617$2448'.
Found and cleaned up 1 empty switch in `\IMG_FILTER.$proc$rtl/img_filter.v:617$2443'.
Removing empty process `IMG_FILTER.$proc$rtl/img_filter.v:617$2443'.
Found and cleaned up 1 empty switch in `\IMG_FILTER.$proc$rtl/img_filter.v:617$2438'.
Removing empty process `IMG_FILTER.$proc$rtl/img_filter.v:617$2438'.
Found and cleaned up 1 empty switch in `\IMG_FILTER.$proc$rtl/img_filter.v:617$2433'.
Removing empty process `IMG_FILTER.$proc$rtl/img_filter.v:617$2433'.
Found and cleaned up 1 empty switch in `\IMG_FILTER.$proc$rtl/img_filter.v:617$2428'.
Removing empty process `IMG_FILTER.$proc$rtl/img_filter.v:617$2428'.
Found and cleaned up 1 empty switch in `\IMG_FILTER.$proc$rtl/img_filter.v:617$2423'.
Removing empty process `IMG_FILTER.$proc$rtl/img_filter.v:617$2423'.
Found and cleaned up 1 empty switch in `\IMG_FILTER.$proc$rtl/img_filter.v:617$2418'.
Removing empty process `IMG_FILTER.$proc$rtl/img_filter.v:617$2418'.
Found and cleaned up 1 empty switch in `\IMG_FILTER.$proc$rtl/img_filter.v:617$2413'.
Removing empty process `IMG_FILTER.$proc$rtl/img_filter.v:617$2413'.
Found and cleaned up 1 empty switch in `\IMG_FILTER.$proc$rtl/img_filter.v:617$2408'.
Removing empty process `IMG_FILTER.$proc$rtl/img_filter.v:617$2408'.
Found and cleaned up 1 empty switch in `\IMG_FILTER.$proc$rtl/img_filter.v:617$2403'.
Removing empty process `IMG_FILTER.$proc$rtl/img_filter.v:617$2403'.
Found and cleaned up 1 empty switch in `\IMG_FILTER.$proc$rtl/img_filter.v:617$2398'.
Removing empty process `IMG_FILTER.$proc$rtl/img_filter.v:617$2398'.
Found and cleaned up 1 empty switch in `\IMG_FILTER.$proc$rtl/img_filter.v:617$2393'.
Removing empty process `IMG_FILTER.$proc$rtl/img_filter.v:617$2393'.
Found and cleaned up 1 empty switch in `\IMG_FILTER.$proc$rtl/img_filter.v:627$2385'.
Removing empty process `IMG_FILTER.$proc$rtl/img_filter.v:627$2385'.
Found and cleaned up 1 empty switch in `\IMG_FILTER.$proc$rtl/img_filter.v:627$2379'.
Removing empty process `IMG_FILTER.$proc$rtl/img_filter.v:627$2379'.
Found and cleaned up 1 empty switch in `\IMG_FILTER.$proc$rtl/img_filter.v:627$2373'.
Removing empty process `IMG_FILTER.$proc$rtl/img_filter.v:627$2373'.
Found and cleaned up 1 empty switch in `\IMG_FILTER.$proc$rtl/img_filter.v:627$2367'.
Removing empty process `IMG_FILTER.$proc$rtl/img_filter.v:627$2367'.
Found and cleaned up 1 empty switch in `\IMG_FILTER.$proc$rtl/img_filter.v:627$2361'.
Removing empty process `IMG_FILTER.$proc$rtl/img_filter.v:627$2361'.
Found and cleaned up 1 empty switch in `\IMG_FILTER.$proc$rtl/img_filter.v:617$2355'.
Removing empty process `IMG_FILTER.$proc$rtl/img_filter.v:617$2355'.
Found and cleaned up 1 empty switch in `\IMG_FILTER.$proc$rtl/img_filter.v:617$2350'.
Removing empty process `IMG_FILTER.$proc$rtl/img_filter.v:617$2350'.
Found and cleaned up 1 empty switch in `\IMG_FILTER.$proc$rtl/img_filter.v:617$2345'.
Removing empty process `IMG_FILTER.$proc$rtl/img_filter.v:617$2345'.
Found and cleaned up 1 empty switch in `\IMG_FILTER.$proc$rtl/img_filter.v:617$2340'.
Removing empty process `IMG_FILTER.$proc$rtl/img_filter.v:617$2340'.
Found and cleaned up 1 empty switch in `\IMG_FILTER.$proc$rtl/img_filter.v:617$2335'.
Removing empty process `IMG_FILTER.$proc$rtl/img_filter.v:617$2335'.
Found and cleaned up 1 empty switch in `\IMG_FILTER.$proc$rtl/img_filter.v:617$2330'.
Removing empty process `IMG_FILTER.$proc$rtl/img_filter.v:617$2330'.
Found and cleaned up 1 empty switch in `\IMG_FILTER.$proc$rtl/img_filter.v:617$2325'.
Removing empty process `IMG_FILTER.$proc$rtl/img_filter.v:617$2325'.
Found and cleaned up 1 empty switch in `\IMG_FILTER.$proc$rtl/img_filter.v:617$2320'.
Removing empty process `IMG_FILTER.$proc$rtl/img_filter.v:617$2320'.
Found and cleaned up 1 empty switch in `\IMG_FILTER.$proc$rtl/img_filter.v:617$2315'.
Removing empty process `IMG_FILTER.$proc$rtl/img_filter.v:617$2315'.
Found and cleaned up 1 empty switch in `\IMG_FILTER.$proc$rtl/img_filter.v:617$2310'.
Removing empty process `IMG_FILTER.$proc$rtl/img_filter.v:617$2310'.
Found and cleaned up 1 empty switch in `\IMG_FILTER.$proc$rtl/img_filter.v:617$2305'.
Removing empty process `IMG_FILTER.$proc$rtl/img_filter.v:617$2305'.
Found and cleaned up 1 empty switch in `\IMG_FILTER.$proc$rtl/img_filter.v:617$2300'.
Removing empty process `IMG_FILTER.$proc$rtl/img_filter.v:617$2300'.
Found and cleaned up 1 empty switch in `\IMG_FILTER.$proc$rtl/img_filter.v:617$2295'.
Removing empty process `IMG_FILTER.$proc$rtl/img_filter.v:617$2295'.
Found and cleaned up 1 empty switch in `\IMG_FILTER.$proc$rtl/img_filter.v:617$2290'.
Removing empty process `IMG_FILTER.$proc$rtl/img_filter.v:617$2290'.
Found and cleaned up 1 empty switch in `\IMG_FILTER.$proc$rtl/img_filter.v:617$2285'.
Removing empty process `IMG_FILTER.$proc$rtl/img_filter.v:617$2285'.
Found and cleaned up 1 empty switch in `\IMG_FILTER.$proc$rtl/img_filter.v:617$2280'.
Removing empty process `IMG_FILTER.$proc$rtl/img_filter.v:617$2280'.
Found and cleaned up 1 empty switch in `\IMG_FILTER.$proc$rtl/img_filter.v:617$2275'.
Removing empty process `IMG_FILTER.$proc$rtl/img_filter.v:617$2275'.
Found and cleaned up 1 empty switch in `\IMG_FILTER.$proc$rtl/img_filter.v:617$2270'.
Removing empty process `IMG_FILTER.$proc$rtl/img_filter.v:617$2270'.
Found and cleaned up 1 empty switch in `\IMG_FILTER.$proc$rtl/img_filter.v:617$2265'.
Removing empty process `IMG_FILTER.$proc$rtl/img_filter.v:617$2265'.
Found and cleaned up 1 empty switch in `\IMG_FILTER.$proc$rtl/img_filter.v:617$2260'.
Removing empty process `IMG_FILTER.$proc$rtl/img_filter.v:617$2260'.
Found and cleaned up 1 empty switch in `\IMG_FILTER.$proc$rtl/img_filter.v:617$2255'.
Removing empty process `IMG_FILTER.$proc$rtl/img_filter.v:617$2255'.
Found and cleaned up 1 empty switch in `\IMG_FILTER.$proc$rtl/img_filter.v:617$2250'.
Removing empty process `IMG_FILTER.$proc$rtl/img_filter.v:617$2250'.
Found and cleaned up 1 empty switch in `\IMG_FILTER.$proc$rtl/img_filter.v:617$2245'.
Removing empty process `IMG_FILTER.$proc$rtl/img_filter.v:617$2245'.
Found and cleaned up 1 empty switch in `\IMG_FILTER.$proc$rtl/img_filter.v:617$2240'.
Removing empty process `IMG_FILTER.$proc$rtl/img_filter.v:617$2240'.
Found and cleaned up 1 empty switch in `\IMG_FILTER.$proc$rtl/img_filter.v:617$2235'.
Removing empty process `IMG_FILTER.$proc$rtl/img_filter.v:617$2235'.
Found and cleaned up 1 empty switch in `\IMG_FILTER.$proc$rtl/img_filter.v:627$2227'.
Removing empty process `IMG_FILTER.$proc$rtl/img_filter.v:627$2227'.
Found and cleaned up 1 empty switch in `\IMG_FILTER.$proc$rtl/img_filter.v:627$2221'.
Removing empty process `IMG_FILTER.$proc$rtl/img_filter.v:627$2221'.
Found and cleaned up 1 empty switch in `\IMG_FILTER.$proc$rtl/img_filter.v:627$2215'.
Removing empty process `IMG_FILTER.$proc$rtl/img_filter.v:627$2215'.
Found and cleaned up 1 empty switch in `\IMG_FILTER.$proc$rtl/img_filter.v:627$2209'.
Removing empty process `IMG_FILTER.$proc$rtl/img_filter.v:627$2209'.
Found and cleaned up 1 empty switch in `\IMG_FILTER.$proc$rtl/img_filter.v:627$2203'.
Removing empty process `IMG_FILTER.$proc$rtl/img_filter.v:627$2203'.
Found and cleaned up 1 empty switch in `\IMG_FILTER.$proc$rtl/img_filter.v:617$2197'.
Removing empty process `IMG_FILTER.$proc$rtl/img_filter.v:617$2197'.
Found and cleaned up 1 empty switch in `\IMG_FILTER.$proc$rtl/img_filter.v:617$2192'.
Removing empty process `IMG_FILTER.$proc$rtl/img_filter.v:617$2192'.
Found and cleaned up 1 empty switch in `\IMG_FILTER.$proc$rtl/img_filter.v:617$2187'.
Removing empty process `IMG_FILTER.$proc$rtl/img_filter.v:617$2187'.
Found and cleaned up 1 empty switch in `\IMG_FILTER.$proc$rtl/img_filter.v:617$2182'.
Removing empty process `IMG_FILTER.$proc$rtl/img_filter.v:617$2182'.
Found and cleaned up 1 empty switch in `\IMG_FILTER.$proc$rtl/img_filter.v:617$2177'.
Removing empty process `IMG_FILTER.$proc$rtl/img_filter.v:617$2177'.
Found and cleaned up 1 empty switch in `\IMG_FILTER.$proc$rtl/img_filter.v:617$2172'.
Removing empty process `IMG_FILTER.$proc$rtl/img_filter.v:617$2172'.
Found and cleaned up 1 empty switch in `\IMG_FILTER.$proc$rtl/img_filter.v:617$2167'.
Removing empty process `IMG_FILTER.$proc$rtl/img_filter.v:617$2167'.
Found and cleaned up 1 empty switch in `\IMG_FILTER.$proc$rtl/img_filter.v:617$2162'.
Removing empty process `IMG_FILTER.$proc$rtl/img_filter.v:617$2162'.
Found and cleaned up 1 empty switch in `\IMG_FILTER.$proc$rtl/img_filter.v:617$2157'.
Removing empty process `IMG_FILTER.$proc$rtl/img_filter.v:617$2157'.
Found and cleaned up 1 empty switch in `\IMG_FILTER.$proc$rtl/img_filter.v:617$2152'.
Removing empty process `IMG_FILTER.$proc$rtl/img_filter.v:617$2152'.
Found and cleaned up 1 empty switch in `\IMG_FILTER.$proc$rtl/img_filter.v:617$2147'.
Removing empty process `IMG_FILTER.$proc$rtl/img_filter.v:617$2147'.
Found and cleaned up 1 empty switch in `\IMG_FILTER.$proc$rtl/img_filter.v:617$2142'.
Removing empty process `IMG_FILTER.$proc$rtl/img_filter.v:617$2142'.
Found and cleaned up 1 empty switch in `\IMG_FILTER.$proc$rtl/img_filter.v:617$2137'.
Removing empty process `IMG_FILTER.$proc$rtl/img_filter.v:617$2137'.
Found and cleaned up 1 empty switch in `\IMG_FILTER.$proc$rtl/img_filter.v:617$2132'.
Removing empty process `IMG_FILTER.$proc$rtl/img_filter.v:617$2132'.
Found and cleaned up 1 empty switch in `\IMG_FILTER.$proc$rtl/img_filter.v:617$2127'.
Removing empty process `IMG_FILTER.$proc$rtl/img_filter.v:617$2127'.
Found and cleaned up 1 empty switch in `\IMG_FILTER.$proc$rtl/img_filter.v:617$2122'.
Removing empty process `IMG_FILTER.$proc$rtl/img_filter.v:617$2122'.
Found and cleaned up 1 empty switch in `\IMG_FILTER.$proc$rtl/img_filter.v:617$2117'.
Removing empty process `IMG_FILTER.$proc$rtl/img_filter.v:617$2117'.
Found and cleaned up 1 empty switch in `\IMG_FILTER.$proc$rtl/img_filter.v:617$2112'.
Removing empty process `IMG_FILTER.$proc$rtl/img_filter.v:617$2112'.
Found and cleaned up 1 empty switch in `\IMG_FILTER.$proc$rtl/img_filter.v:617$2107'.
Removing empty process `IMG_FILTER.$proc$rtl/img_filter.v:617$2107'.
Found and cleaned up 1 empty switch in `\IMG_FILTER.$proc$rtl/img_filter.v:617$2102'.
Removing empty process `IMG_FILTER.$proc$rtl/img_filter.v:617$2102'.
Found and cleaned up 1 empty switch in `\IMG_FILTER.$proc$rtl/img_filter.v:617$2097'.
Removing empty process `IMG_FILTER.$proc$rtl/img_filter.v:617$2097'.
Found and cleaned up 1 empty switch in `\IMG_FILTER.$proc$rtl/img_filter.v:617$2092'.
Removing empty process `IMG_FILTER.$proc$rtl/img_filter.v:617$2092'.
Found and cleaned up 1 empty switch in `\IMG_FILTER.$proc$rtl/img_filter.v:617$2087'.
Removing empty process `IMG_FILTER.$proc$rtl/img_filter.v:617$2087'.
Found and cleaned up 1 empty switch in `\IMG_FILTER.$proc$rtl/img_filter.v:617$2082'.
Removing empty process `IMG_FILTER.$proc$rtl/img_filter.v:617$2082'.
Found and cleaned up 1 empty switch in `\IMG_FILTER.$proc$rtl/img_filter.v:617$2077'.
Removing empty process `IMG_FILTER.$proc$rtl/img_filter.v:617$2077'.
Found and cleaned up 1 empty switch in `\IMG_FILTER.$proc$rtl/img_filter.v:627$2069'.
Removing empty process `IMG_FILTER.$proc$rtl/img_filter.v:627$2069'.
Found and cleaned up 1 empty switch in `\IMG_FILTER.$proc$rtl/img_filter.v:627$2063'.
Removing empty process `IMG_FILTER.$proc$rtl/img_filter.v:627$2063'.
Found and cleaned up 1 empty switch in `\IMG_FILTER.$proc$rtl/img_filter.v:627$2057'.
Removing empty process `IMG_FILTER.$proc$rtl/img_filter.v:627$2057'.
Found and cleaned up 1 empty switch in `\IMG_FILTER.$proc$rtl/img_filter.v:627$2051'.
Removing empty process `IMG_FILTER.$proc$rtl/img_filter.v:627$2051'.
Found and cleaned up 1 empty switch in `\IMG_FILTER.$proc$rtl/img_filter.v:627$2045'.
Removing empty process `IMG_FILTER.$proc$rtl/img_filter.v:627$2045'.
Found and cleaned up 1 empty switch in `\IMG_FILTER.$proc$rtl/img_filter.v:617$2039'.
Removing empty process `IMG_FILTER.$proc$rtl/img_filter.v:617$2039'.
Found and cleaned up 1 empty switch in `\IMG_FILTER.$proc$rtl/img_filter.v:617$2034'.
Removing empty process `IMG_FILTER.$proc$rtl/img_filter.v:617$2034'.
Found and cleaned up 1 empty switch in `\IMG_FILTER.$proc$rtl/img_filter.v:617$2029'.
Removing empty process `IMG_FILTER.$proc$rtl/img_filter.v:617$2029'.
Found and cleaned up 1 empty switch in `\IMG_FILTER.$proc$rtl/img_filter.v:617$2024'.
Removing empty process `IMG_FILTER.$proc$rtl/img_filter.v:617$2024'.
Found and cleaned up 1 empty switch in `\IMG_FILTER.$proc$rtl/img_filter.v:617$2019'.
Removing empty process `IMG_FILTER.$proc$rtl/img_filter.v:617$2019'.
Found and cleaned up 1 empty switch in `\IMG_FILTER.$proc$rtl/img_filter.v:617$2014'.
Removing empty process `IMG_FILTER.$proc$rtl/img_filter.v:617$2014'.
Found and cleaned up 1 empty switch in `\IMG_FILTER.$proc$rtl/img_filter.v:617$2009'.
Removing empty process `IMG_FILTER.$proc$rtl/img_filter.v:617$2009'.
Found and cleaned up 1 empty switch in `\IMG_FILTER.$proc$rtl/img_filter.v:617$2004'.
Removing empty process `IMG_FILTER.$proc$rtl/img_filter.v:617$2004'.
Found and cleaned up 1 empty switch in `\IMG_FILTER.$proc$rtl/img_filter.v:617$1999'.
Removing empty process `IMG_FILTER.$proc$rtl/img_filter.v:617$1999'.
Found and cleaned up 1 empty switch in `\IMG_FILTER.$proc$rtl/img_filter.v:617$1994'.
Removing empty process `IMG_FILTER.$proc$rtl/img_filter.v:617$1994'.
Found and cleaned up 1 empty switch in `\IMG_FILTER.$proc$rtl/img_filter.v:617$1989'.
Removing empty process `IMG_FILTER.$proc$rtl/img_filter.v:617$1989'.
Found and cleaned up 1 empty switch in `\IMG_FILTER.$proc$rtl/img_filter.v:617$1984'.
Removing empty process `IMG_FILTER.$proc$rtl/img_filter.v:617$1984'.
Found and cleaned up 1 empty switch in `\IMG_FILTER.$proc$rtl/img_filter.v:617$1979'.
Removing empty process `IMG_FILTER.$proc$rtl/img_filter.v:617$1979'.
Found and cleaned up 1 empty switch in `\IMG_FILTER.$proc$rtl/img_filter.v:617$1974'.
Removing empty process `IMG_FILTER.$proc$rtl/img_filter.v:617$1974'.
Found and cleaned up 1 empty switch in `\IMG_FILTER.$proc$rtl/img_filter.v:617$1969'.
Removing empty process `IMG_FILTER.$proc$rtl/img_filter.v:617$1969'.
Found and cleaned up 1 empty switch in `\IMG_FILTER.$proc$rtl/img_filter.v:617$1964'.
Removing empty process `IMG_FILTER.$proc$rtl/img_filter.v:617$1964'.
Found and cleaned up 1 empty switch in `\IMG_FILTER.$proc$rtl/img_filter.v:617$1959'.
Removing empty process `IMG_FILTER.$proc$rtl/img_filter.v:617$1959'.
Found and cleaned up 1 empty switch in `\IMG_FILTER.$proc$rtl/img_filter.v:617$1954'.
Removing empty process `IMG_FILTER.$proc$rtl/img_filter.v:617$1954'.
Found and cleaned up 1 empty switch in `\IMG_FILTER.$proc$rtl/img_filter.v:617$1949'.
Removing empty process `IMG_FILTER.$proc$rtl/img_filter.v:617$1949'.
Found and cleaned up 1 empty switch in `\IMG_FILTER.$proc$rtl/img_filter.v:617$1944'.
Removing empty process `IMG_FILTER.$proc$rtl/img_filter.v:617$1944'.
Found and cleaned up 1 empty switch in `\IMG_FILTER.$proc$rtl/img_filter.v:617$1939'.
Removing empty process `IMG_FILTER.$proc$rtl/img_filter.v:617$1939'.
Found and cleaned up 1 empty switch in `\IMG_FILTER.$proc$rtl/img_filter.v:617$1934'.
Removing empty process `IMG_FILTER.$proc$rtl/img_filter.v:617$1934'.
Found and cleaned up 1 empty switch in `\IMG_FILTER.$proc$rtl/img_filter.v:617$1929'.
Removing empty process `IMG_FILTER.$proc$rtl/img_filter.v:617$1929'.
Found and cleaned up 1 empty switch in `\IMG_FILTER.$proc$rtl/img_filter.v:617$1924'.
Removing empty process `IMG_FILTER.$proc$rtl/img_filter.v:617$1924'.
Found and cleaned up 1 empty switch in `\IMG_FILTER.$proc$rtl/img_filter.v:617$1919'.
Removing empty process `IMG_FILTER.$proc$rtl/img_filter.v:617$1919'.
Found and cleaned up 1 empty switch in `\IMG_FILTER.$proc$rtl/img_filter.v:627$1911'.
Removing empty process `IMG_FILTER.$proc$rtl/img_filter.v:627$1911'.
Found and cleaned up 1 empty switch in `\IMG_FILTER.$proc$rtl/img_filter.v:627$1905'.
Removing empty process `IMG_FILTER.$proc$rtl/img_filter.v:627$1905'.
Found and cleaned up 1 empty switch in `\IMG_FILTER.$proc$rtl/img_filter.v:627$1899'.
Removing empty process `IMG_FILTER.$proc$rtl/img_filter.v:627$1899'.
Found and cleaned up 1 empty switch in `\IMG_FILTER.$proc$rtl/img_filter.v:627$1893'.
Removing empty process `IMG_FILTER.$proc$rtl/img_filter.v:627$1893'.
Found and cleaned up 1 empty switch in `\IMG_FILTER.$proc$rtl/img_filter.v:627$1887'.
Removing empty process `IMG_FILTER.$proc$rtl/img_filter.v:627$1887'.
Found and cleaned up 1 empty switch in `\IMG_FILTER.$proc$rtl/img_filter.v:617$1881'.
Removing empty process `IMG_FILTER.$proc$rtl/img_filter.v:617$1881'.
Found and cleaned up 1 empty switch in `\IMG_FILTER.$proc$rtl/img_filter.v:617$1876'.
Removing empty process `IMG_FILTER.$proc$rtl/img_filter.v:617$1876'.
Found and cleaned up 1 empty switch in `\IMG_FILTER.$proc$rtl/img_filter.v:617$1871'.
Removing empty process `IMG_FILTER.$proc$rtl/img_filter.v:617$1871'.
Found and cleaned up 1 empty switch in `\IMG_FILTER.$proc$rtl/img_filter.v:617$1866'.
Removing empty process `IMG_FILTER.$proc$rtl/img_filter.v:617$1866'.
Found and cleaned up 1 empty switch in `\IMG_FILTER.$proc$rtl/img_filter.v:617$1861'.
Removing empty process `IMG_FILTER.$proc$rtl/img_filter.v:617$1861'.
Found and cleaned up 1 empty switch in `\IMG_FILTER.$proc$rtl/img_filter.v:617$1856'.
Removing empty process `IMG_FILTER.$proc$rtl/img_filter.v:617$1856'.
Found and cleaned up 1 empty switch in `\IMG_FILTER.$proc$rtl/img_filter.v:617$1851'.
Removing empty process `IMG_FILTER.$proc$rtl/img_filter.v:617$1851'.
Found and cleaned up 1 empty switch in `\IMG_FILTER.$proc$rtl/img_filter.v:617$1846'.
Removing empty process `IMG_FILTER.$proc$rtl/img_filter.v:617$1846'.
Found and cleaned up 1 empty switch in `\IMG_FILTER.$proc$rtl/img_filter.v:617$1841'.
Removing empty process `IMG_FILTER.$proc$rtl/img_filter.v:617$1841'.
Found and cleaned up 1 empty switch in `\IMG_FILTER.$proc$rtl/img_filter.v:617$1836'.
Removing empty process `IMG_FILTER.$proc$rtl/img_filter.v:617$1836'.
Found and cleaned up 1 empty switch in `\IMG_FILTER.$proc$rtl/img_filter.v:617$1831'.
Removing empty process `IMG_FILTER.$proc$rtl/img_filter.v:617$1831'.
Found and cleaned up 1 empty switch in `\IMG_FILTER.$proc$rtl/img_filter.v:617$1826'.
Removing empty process `IMG_FILTER.$proc$rtl/img_filter.v:617$1826'.
Found and cleaned up 1 empty switch in `\IMG_FILTER.$proc$rtl/img_filter.v:617$1821'.
Removing empty process `IMG_FILTER.$proc$rtl/img_filter.v:617$1821'.
Found and cleaned up 1 empty switch in `\IMG_FILTER.$proc$rtl/img_filter.v:617$1816'.
Removing empty process `IMG_FILTER.$proc$rtl/img_filter.v:617$1816'.
Found and cleaned up 1 empty switch in `\IMG_FILTER.$proc$rtl/img_filter.v:617$1811'.
Removing empty process `IMG_FILTER.$proc$rtl/img_filter.v:617$1811'.
Found and cleaned up 1 empty switch in `\IMG_FILTER.$proc$rtl/img_filter.v:617$1806'.
Removing empty process `IMG_FILTER.$proc$rtl/img_filter.v:617$1806'.
Found and cleaned up 1 empty switch in `\IMG_FILTER.$proc$rtl/img_filter.v:617$1801'.
Removing empty process `IMG_FILTER.$proc$rtl/img_filter.v:617$1801'.
Found and cleaned up 1 empty switch in `\IMG_FILTER.$proc$rtl/img_filter.v:617$1796'.
Removing empty process `IMG_FILTER.$proc$rtl/img_filter.v:617$1796'.
Found and cleaned up 1 empty switch in `\IMG_FILTER.$proc$rtl/img_filter.v:617$1791'.
Removing empty process `IMG_FILTER.$proc$rtl/img_filter.v:617$1791'.
Found and cleaned up 1 empty switch in `\IMG_FILTER.$proc$rtl/img_filter.v:617$1786'.
Removing empty process `IMG_FILTER.$proc$rtl/img_filter.v:617$1786'.
Found and cleaned up 1 empty switch in `\IMG_FILTER.$proc$rtl/img_filter.v:617$1781'.
Removing empty process `IMG_FILTER.$proc$rtl/img_filter.v:617$1781'.
Found and cleaned up 1 empty switch in `\IMG_FILTER.$proc$rtl/img_filter.v:617$1776'.
Removing empty process `IMG_FILTER.$proc$rtl/img_filter.v:617$1776'.
Found and cleaned up 1 empty switch in `\IMG_FILTER.$proc$rtl/img_filter.v:617$1771'.
Removing empty process `IMG_FILTER.$proc$rtl/img_filter.v:617$1771'.
Found and cleaned up 1 empty switch in `\IMG_FILTER.$proc$rtl/img_filter.v:617$1766'.
Removing empty process `IMG_FILTER.$proc$rtl/img_filter.v:617$1766'.
Found and cleaned up 1 empty switch in `\IMG_FILTER.$proc$rtl/img_filter.v:617$1761'.
Removing empty process `IMG_FILTER.$proc$rtl/img_filter.v:617$1761'.
Found and cleaned up 1 empty switch in `\IMG_FILTER.$proc$rtl/img_filter.v:627$1753'.
Removing empty process `IMG_FILTER.$proc$rtl/img_filter.v:627$1753'.
Found and cleaned up 1 empty switch in `\IMG_FILTER.$proc$rtl/img_filter.v:627$1747'.
Removing empty process `IMG_FILTER.$proc$rtl/img_filter.v:627$1747'.
Found and cleaned up 1 empty switch in `\IMG_FILTER.$proc$rtl/img_filter.v:627$1741'.
Removing empty process `IMG_FILTER.$proc$rtl/img_filter.v:627$1741'.
Found and cleaned up 1 empty switch in `\IMG_FILTER.$proc$rtl/img_filter.v:627$1735'.
Removing empty process `IMG_FILTER.$proc$rtl/img_filter.v:627$1735'.
Found and cleaned up 1 empty switch in `\IMG_FILTER.$proc$rtl/img_filter.v:627$1729'.
Removing empty process `IMG_FILTER.$proc$rtl/img_filter.v:627$1729'.
Found and cleaned up 1 empty switch in `\IMG_FILTER.$proc$rtl/img_filter.v:617$1723'.
Removing empty process `IMG_FILTER.$proc$rtl/img_filter.v:617$1723'.
Found and cleaned up 1 empty switch in `\IMG_FILTER.$proc$rtl/img_filter.v:617$1718'.
Removing empty process `IMG_FILTER.$proc$rtl/img_filter.v:617$1718'.
Found and cleaned up 1 empty switch in `\IMG_FILTER.$proc$rtl/img_filter.v:617$1713'.
Removing empty process `IMG_FILTER.$proc$rtl/img_filter.v:617$1713'.
Found and cleaned up 1 empty switch in `\IMG_FILTER.$proc$rtl/img_filter.v:617$1708'.
Removing empty process `IMG_FILTER.$proc$rtl/img_filter.v:617$1708'.
Found and cleaned up 1 empty switch in `\IMG_FILTER.$proc$rtl/img_filter.v:617$1703'.
Removing empty process `IMG_FILTER.$proc$rtl/img_filter.v:617$1703'.
Found and cleaned up 1 empty switch in `\IMG_FILTER.$proc$rtl/img_filter.v:617$1698'.
Removing empty process `IMG_FILTER.$proc$rtl/img_filter.v:617$1698'.
Found and cleaned up 1 empty switch in `\IMG_FILTER.$proc$rtl/img_filter.v:617$1693'.
Removing empty process `IMG_FILTER.$proc$rtl/img_filter.v:617$1693'.
Found and cleaned up 1 empty switch in `\IMG_FILTER.$proc$rtl/img_filter.v:617$1688'.
Removing empty process `IMG_FILTER.$proc$rtl/img_filter.v:617$1688'.
Found and cleaned up 1 empty switch in `\IMG_FILTER.$proc$rtl/img_filter.v:617$1683'.
Removing empty process `IMG_FILTER.$proc$rtl/img_filter.v:617$1683'.
Found and cleaned up 1 empty switch in `\IMG_FILTER.$proc$rtl/img_filter.v:617$1678'.
Removing empty process `IMG_FILTER.$proc$rtl/img_filter.v:617$1678'.
Found and cleaned up 1 empty switch in `\IMG_FILTER.$proc$rtl/img_filter.v:617$1673'.
Removing empty process `IMG_FILTER.$proc$rtl/img_filter.v:617$1673'.
Found and cleaned up 1 empty switch in `\IMG_FILTER.$proc$rtl/img_filter.v:617$1668'.
Removing empty process `IMG_FILTER.$proc$rtl/img_filter.v:617$1668'.
Found and cleaned up 1 empty switch in `\IMG_FILTER.$proc$rtl/img_filter.v:617$1663'.
Removing empty process `IMG_FILTER.$proc$rtl/img_filter.v:617$1663'.
Found and cleaned up 1 empty switch in `\IMG_FILTER.$proc$rtl/img_filter.v:617$1658'.
Removing empty process `IMG_FILTER.$proc$rtl/img_filter.v:617$1658'.
Found and cleaned up 1 empty switch in `\IMG_FILTER.$proc$rtl/img_filter.v:617$1653'.
Removing empty process `IMG_FILTER.$proc$rtl/img_filter.v:617$1653'.
Found and cleaned up 1 empty switch in `\IMG_FILTER.$proc$rtl/img_filter.v:617$1648'.
Removing empty process `IMG_FILTER.$proc$rtl/img_filter.v:617$1648'.
Found and cleaned up 1 empty switch in `\IMG_FILTER.$proc$rtl/img_filter.v:617$1643'.
Removing empty process `IMG_FILTER.$proc$rtl/img_filter.v:617$1643'.
Found and cleaned up 1 empty switch in `\IMG_FILTER.$proc$rtl/img_filter.v:617$1638'.
Removing empty process `IMG_FILTER.$proc$rtl/img_filter.v:617$1638'.
Found and cleaned up 1 empty switch in `\IMG_FILTER.$proc$rtl/img_filter.v:617$1633'.
Removing empty process `IMG_FILTER.$proc$rtl/img_filter.v:617$1633'.
Found and cleaned up 1 empty switch in `\IMG_FILTER.$proc$rtl/img_filter.v:617$1628'.
Removing empty process `IMG_FILTER.$proc$rtl/img_filter.v:617$1628'.
Found and cleaned up 1 empty switch in `\IMG_FILTER.$proc$rtl/img_filter.v:617$1623'.
Removing empty process `IMG_FILTER.$proc$rtl/img_filter.v:617$1623'.
Found and cleaned up 1 empty switch in `\IMG_FILTER.$proc$rtl/img_filter.v:617$1618'.
Removing empty process `IMG_FILTER.$proc$rtl/img_filter.v:617$1618'.
Found and cleaned up 1 empty switch in `\IMG_FILTER.$proc$rtl/img_filter.v:617$1613'.
Removing empty process `IMG_FILTER.$proc$rtl/img_filter.v:617$1613'.
Found and cleaned up 1 empty switch in `\IMG_FILTER.$proc$rtl/img_filter.v:617$1608'.
Removing empty process `IMG_FILTER.$proc$rtl/img_filter.v:617$1608'.
Found and cleaned up 1 empty switch in `\IMG_FILTER.$proc$rtl/img_filter.v:617$1603'.
Removing empty process `IMG_FILTER.$proc$rtl/img_filter.v:617$1603'.
Found and cleaned up 1 empty switch in `\IMG_FILTER.$proc$rtl/img_filter.v:627$1595'.
Removing empty process `IMG_FILTER.$proc$rtl/img_filter.v:627$1595'.
Found and cleaned up 1 empty switch in `\IMG_FILTER.$proc$rtl/img_filter.v:627$1589'.
Removing empty process `IMG_FILTER.$proc$rtl/img_filter.v:627$1589'.
Found and cleaned up 1 empty switch in `\IMG_FILTER.$proc$rtl/img_filter.v:627$1583'.
Removing empty process `IMG_FILTER.$proc$rtl/img_filter.v:627$1583'.
Found and cleaned up 1 empty switch in `\IMG_FILTER.$proc$rtl/img_filter.v:627$1577'.
Removing empty process `IMG_FILTER.$proc$rtl/img_filter.v:627$1577'.
Found and cleaned up 1 empty switch in `\IMG_FILTER.$proc$rtl/img_filter.v:627$1571'.
Removing empty process `IMG_FILTER.$proc$rtl/img_filter.v:627$1571'.
Found and cleaned up 1 empty switch in `\IMG_FILTER.$proc$rtl/img_filter.v:617$1565'.
Removing empty process `IMG_FILTER.$proc$rtl/img_filter.v:617$1565'.
Found and cleaned up 1 empty switch in `\IMG_FILTER.$proc$rtl/img_filter.v:617$1560'.
Removing empty process `IMG_FILTER.$proc$rtl/img_filter.v:617$1560'.
Found and cleaned up 1 empty switch in `\IMG_FILTER.$proc$rtl/img_filter.v:617$1555'.
Removing empty process `IMG_FILTER.$proc$rtl/img_filter.v:617$1555'.
Found and cleaned up 1 empty switch in `\IMG_FILTER.$proc$rtl/img_filter.v:617$1550'.
Removing empty process `IMG_FILTER.$proc$rtl/img_filter.v:617$1550'.
Found and cleaned up 1 empty switch in `\IMG_FILTER.$proc$rtl/img_filter.v:617$1545'.
Removing empty process `IMG_FILTER.$proc$rtl/img_filter.v:617$1545'.
Found and cleaned up 1 empty switch in `\IMG_FILTER.$proc$rtl/img_filter.v:617$1540'.
Removing empty process `IMG_FILTER.$proc$rtl/img_filter.v:617$1540'.
Found and cleaned up 1 empty switch in `\IMG_FILTER.$proc$rtl/img_filter.v:617$1535'.
Removing empty process `IMG_FILTER.$proc$rtl/img_filter.v:617$1535'.
Found and cleaned up 1 empty switch in `\IMG_FILTER.$proc$rtl/img_filter.v:617$1530'.
Removing empty process `IMG_FILTER.$proc$rtl/img_filter.v:617$1530'.
Found and cleaned up 1 empty switch in `\IMG_FILTER.$proc$rtl/img_filter.v:617$1525'.
Removing empty process `IMG_FILTER.$proc$rtl/img_filter.v:617$1525'.
Found and cleaned up 1 empty switch in `\IMG_FILTER.$proc$rtl/img_filter.v:617$1520'.
Removing empty process `IMG_FILTER.$proc$rtl/img_filter.v:617$1520'.
Found and cleaned up 1 empty switch in `\IMG_FILTER.$proc$rtl/img_filter.v:617$1515'.
Removing empty process `IMG_FILTER.$proc$rtl/img_filter.v:617$1515'.
Found and cleaned up 1 empty switch in `\IMG_FILTER.$proc$rtl/img_filter.v:617$1510'.
Removing empty process `IMG_FILTER.$proc$rtl/img_filter.v:617$1510'.
Found and cleaned up 1 empty switch in `\IMG_FILTER.$proc$rtl/img_filter.v:617$1505'.
Removing empty process `IMG_FILTER.$proc$rtl/img_filter.v:617$1505'.
Found and cleaned up 1 empty switch in `\IMG_FILTER.$proc$rtl/img_filter.v:617$1500'.
Removing empty process `IMG_FILTER.$proc$rtl/img_filter.v:617$1500'.
Found and cleaned up 1 empty switch in `\IMG_FILTER.$proc$rtl/img_filter.v:617$1495'.
Removing empty process `IMG_FILTER.$proc$rtl/img_filter.v:617$1495'.
Found and cleaned up 1 empty switch in `\IMG_FILTER.$proc$rtl/img_filter.v:617$1490'.
Removing empty process `IMG_FILTER.$proc$rtl/img_filter.v:617$1490'.
Found and cleaned up 1 empty switch in `\IMG_FILTER.$proc$rtl/img_filter.v:617$1485'.
Removing empty process `IMG_FILTER.$proc$rtl/img_filter.v:617$1485'.
Found and cleaned up 1 empty switch in `\IMG_FILTER.$proc$rtl/img_filter.v:617$1480'.
Removing empty process `IMG_FILTER.$proc$rtl/img_filter.v:617$1480'.
Found and cleaned up 1 empty switch in `\IMG_FILTER.$proc$rtl/img_filter.v:617$1475'.
Removing empty process `IMG_FILTER.$proc$rtl/img_filter.v:617$1475'.
Found and cleaned up 1 empty switch in `\IMG_FILTER.$proc$rtl/img_filter.v:617$1470'.
Removing empty process `IMG_FILTER.$proc$rtl/img_filter.v:617$1470'.
Found and cleaned up 1 empty switch in `\IMG_FILTER.$proc$rtl/img_filter.v:617$1465'.
Removing empty process `IMG_FILTER.$proc$rtl/img_filter.v:617$1465'.
Found and cleaned up 1 empty switch in `\IMG_FILTER.$proc$rtl/img_filter.v:617$1460'.
Removing empty process `IMG_FILTER.$proc$rtl/img_filter.v:617$1460'.
Found and cleaned up 1 empty switch in `\IMG_FILTER.$proc$rtl/img_filter.v:617$1455'.
Removing empty process `IMG_FILTER.$proc$rtl/img_filter.v:617$1455'.
Found and cleaned up 1 empty switch in `\IMG_FILTER.$proc$rtl/img_filter.v:617$1450'.
Removing empty process `IMG_FILTER.$proc$rtl/img_filter.v:617$1450'.
Found and cleaned up 1 empty switch in `\IMG_FILTER.$proc$rtl/img_filter.v:617$1445'.
Removing empty process `IMG_FILTER.$proc$rtl/img_filter.v:617$1445'.
Found and cleaned up 1 empty switch in `\IMG_FILTER.$proc$rtl/img_filter.v:627$1437'.
Removing empty process `IMG_FILTER.$proc$rtl/img_filter.v:627$1437'.
Found and cleaned up 1 empty switch in `\IMG_FILTER.$proc$rtl/img_filter.v:627$1431'.
Removing empty process `IMG_FILTER.$proc$rtl/img_filter.v:627$1431'.
Found and cleaned up 1 empty switch in `\IMG_FILTER.$proc$rtl/img_filter.v:627$1425'.
Removing empty process `IMG_FILTER.$proc$rtl/img_filter.v:627$1425'.
Found and cleaned up 1 empty switch in `\IMG_FILTER.$proc$rtl/img_filter.v:627$1419'.
Removing empty process `IMG_FILTER.$proc$rtl/img_filter.v:627$1419'.
Found and cleaned up 1 empty switch in `\IMG_FILTER.$proc$rtl/img_filter.v:627$1413'.
Removing empty process `IMG_FILTER.$proc$rtl/img_filter.v:627$1413'.
Found and cleaned up 1 empty switch in `\IMG_FILTER.$proc$rtl/img_filter.v:617$1407'.
Removing empty process `IMG_FILTER.$proc$rtl/img_filter.v:617$1407'.
Found and cleaned up 1 empty switch in `\IMG_FILTER.$proc$rtl/img_filter.v:617$1402'.
Removing empty process `IMG_FILTER.$proc$rtl/img_filter.v:617$1402'.
Found and cleaned up 1 empty switch in `\IMG_FILTER.$proc$rtl/img_filter.v:617$1397'.
Removing empty process `IMG_FILTER.$proc$rtl/img_filter.v:617$1397'.
Found and cleaned up 1 empty switch in `\IMG_FILTER.$proc$rtl/img_filter.v:617$1392'.
Removing empty process `IMG_FILTER.$proc$rtl/img_filter.v:617$1392'.
Found and cleaned up 1 empty switch in `\IMG_FILTER.$proc$rtl/img_filter.v:617$1387'.
Removing empty process `IMG_FILTER.$proc$rtl/img_filter.v:617$1387'.
Found and cleaned up 1 empty switch in `\IMG_FILTER.$proc$rtl/img_filter.v:617$1382'.
Removing empty process `IMG_FILTER.$proc$rtl/img_filter.v:617$1382'.
Found and cleaned up 1 empty switch in `\IMG_FILTER.$proc$rtl/img_filter.v:617$1377'.
Removing empty process `IMG_FILTER.$proc$rtl/img_filter.v:617$1377'.
Found and cleaned up 1 empty switch in `\IMG_FILTER.$proc$rtl/img_filter.v:617$1372'.
Removing empty process `IMG_FILTER.$proc$rtl/img_filter.v:617$1372'.
Found and cleaned up 1 empty switch in `\IMG_FILTER.$proc$rtl/img_filter.v:617$1367'.
Removing empty process `IMG_FILTER.$proc$rtl/img_filter.v:617$1367'.
Found and cleaned up 1 empty switch in `\IMG_FILTER.$proc$rtl/img_filter.v:617$1362'.
Removing empty process `IMG_FILTER.$proc$rtl/img_filter.v:617$1362'.
Found and cleaned up 1 empty switch in `\IMG_FILTER.$proc$rtl/img_filter.v:617$1357'.
Removing empty process `IMG_FILTER.$proc$rtl/img_filter.v:617$1357'.
Found and cleaned up 1 empty switch in `\IMG_FILTER.$proc$rtl/img_filter.v:617$1352'.
Removing empty process `IMG_FILTER.$proc$rtl/img_filter.v:617$1352'.
Found and cleaned up 1 empty switch in `\IMG_FILTER.$proc$rtl/img_filter.v:617$1347'.
Removing empty process `IMG_FILTER.$proc$rtl/img_filter.v:617$1347'.
Found and cleaned up 1 empty switch in `\IMG_FILTER.$proc$rtl/img_filter.v:617$1342'.
Removing empty process `IMG_FILTER.$proc$rtl/img_filter.v:617$1342'.
Found and cleaned up 1 empty switch in `\IMG_FILTER.$proc$rtl/img_filter.v:617$1337'.
Removing empty process `IMG_FILTER.$proc$rtl/img_filter.v:617$1337'.
Found and cleaned up 1 empty switch in `\IMG_FILTER.$proc$rtl/img_filter.v:617$1332'.
Removing empty process `IMG_FILTER.$proc$rtl/img_filter.v:617$1332'.
Found and cleaned up 1 empty switch in `\IMG_FILTER.$proc$rtl/img_filter.v:617$1327'.
Removing empty process `IMG_FILTER.$proc$rtl/img_filter.v:617$1327'.
Found and cleaned up 1 empty switch in `\IMG_FILTER.$proc$rtl/img_filter.v:617$1322'.
Removing empty process `IMG_FILTER.$proc$rtl/img_filter.v:617$1322'.
Found and cleaned up 1 empty switch in `\IMG_FILTER.$proc$rtl/img_filter.v:617$1317'.
Removing empty process `IMG_FILTER.$proc$rtl/img_filter.v:617$1317'.
Found and cleaned up 1 empty switch in `\IMG_FILTER.$proc$rtl/img_filter.v:617$1312'.
Removing empty process `IMG_FILTER.$proc$rtl/img_filter.v:617$1312'.
Found and cleaned up 1 empty switch in `\IMG_FILTER.$proc$rtl/img_filter.v:617$1307'.
Removing empty process `IMG_FILTER.$proc$rtl/img_filter.v:617$1307'.
Found and cleaned up 1 empty switch in `\IMG_FILTER.$proc$rtl/img_filter.v:617$1302'.
Removing empty process `IMG_FILTER.$proc$rtl/img_filter.v:617$1302'.
Found and cleaned up 1 empty switch in `\IMG_FILTER.$proc$rtl/img_filter.v:617$1297'.
Removing empty process `IMG_FILTER.$proc$rtl/img_filter.v:617$1297'.
Found and cleaned up 1 empty switch in `\IMG_FILTER.$proc$rtl/img_filter.v:617$1292'.
Removing empty process `IMG_FILTER.$proc$rtl/img_filter.v:617$1292'.
Found and cleaned up 1 empty switch in `\IMG_FILTER.$proc$rtl/img_filter.v:617$1287'.
Removing empty process `IMG_FILTER.$proc$rtl/img_filter.v:617$1287'.
Found and cleaned up 1 empty switch in `\IMG_FILTER.$proc$rtl/img_filter.v:627$1279'.
Removing empty process `IMG_FILTER.$proc$rtl/img_filter.v:627$1279'.
Found and cleaned up 1 empty switch in `\IMG_FILTER.$proc$rtl/img_filter.v:627$1273'.
Removing empty process `IMG_FILTER.$proc$rtl/img_filter.v:627$1273'.
Found and cleaned up 1 empty switch in `\IMG_FILTER.$proc$rtl/img_filter.v:627$1267'.
Removing empty process `IMG_FILTER.$proc$rtl/img_filter.v:627$1267'.
Found and cleaned up 1 empty switch in `\IMG_FILTER.$proc$rtl/img_filter.v:627$1261'.
Removing empty process `IMG_FILTER.$proc$rtl/img_filter.v:627$1261'.
Found and cleaned up 1 empty switch in `\IMG_FILTER.$proc$rtl/img_filter.v:627$1255'.
Removing empty process `IMG_FILTER.$proc$rtl/img_filter.v:627$1255'.
Found and cleaned up 1 empty switch in `\IMG_FILTER.$proc$rtl/img_filter.v:617$1249'.
Removing empty process `IMG_FILTER.$proc$rtl/img_filter.v:617$1249'.
Found and cleaned up 1 empty switch in `\IMG_FILTER.$proc$rtl/img_filter.v:617$1244'.
Removing empty process `IMG_FILTER.$proc$rtl/img_filter.v:617$1244'.
Found and cleaned up 1 empty switch in `\IMG_FILTER.$proc$rtl/img_filter.v:617$1239'.
Removing empty process `IMG_FILTER.$proc$rtl/img_filter.v:617$1239'.
Found and cleaned up 1 empty switch in `\IMG_FILTER.$proc$rtl/img_filter.v:617$1234'.
Removing empty process `IMG_FILTER.$proc$rtl/img_filter.v:617$1234'.
Found and cleaned up 1 empty switch in `\IMG_FILTER.$proc$rtl/img_filter.v:617$1229'.
Removing empty process `IMG_FILTER.$proc$rtl/img_filter.v:617$1229'.
Found and cleaned up 1 empty switch in `\IMG_FILTER.$proc$rtl/img_filter.v:617$1224'.
Removing empty process `IMG_FILTER.$proc$rtl/img_filter.v:617$1224'.
Found and cleaned up 1 empty switch in `\IMG_FILTER.$proc$rtl/img_filter.v:617$1219'.
Removing empty process `IMG_FILTER.$proc$rtl/img_filter.v:617$1219'.
Found and cleaned up 1 empty switch in `\IMG_FILTER.$proc$rtl/img_filter.v:617$1214'.
Removing empty process `IMG_FILTER.$proc$rtl/img_filter.v:617$1214'.
Found and cleaned up 1 empty switch in `\IMG_FILTER.$proc$rtl/img_filter.v:617$1209'.
Removing empty process `IMG_FILTER.$proc$rtl/img_filter.v:617$1209'.
Found and cleaned up 1 empty switch in `\IMG_FILTER.$proc$rtl/img_filter.v:617$1204'.
Removing empty process `IMG_FILTER.$proc$rtl/img_filter.v:617$1204'.
Found and cleaned up 1 empty switch in `\IMG_FILTER.$proc$rtl/img_filter.v:617$1199'.
Removing empty process `IMG_FILTER.$proc$rtl/img_filter.v:617$1199'.
Found and cleaned up 1 empty switch in `\IMG_FILTER.$proc$rtl/img_filter.v:617$1194'.
Removing empty process `IMG_FILTER.$proc$rtl/img_filter.v:617$1194'.
Found and cleaned up 1 empty switch in `\IMG_FILTER.$proc$rtl/img_filter.v:617$1189'.
Removing empty process `IMG_FILTER.$proc$rtl/img_filter.v:617$1189'.
Found and cleaned up 1 empty switch in `\IMG_FILTER.$proc$rtl/img_filter.v:617$1184'.
Removing empty process `IMG_FILTER.$proc$rtl/img_filter.v:617$1184'.
Found and cleaned up 1 empty switch in `\IMG_FILTER.$proc$rtl/img_filter.v:617$1179'.
Removing empty process `IMG_FILTER.$proc$rtl/img_filter.v:617$1179'.
Found and cleaned up 1 empty switch in `\IMG_FILTER.$proc$rtl/img_filter.v:617$1174'.
Removing empty process `IMG_FILTER.$proc$rtl/img_filter.v:617$1174'.
Found and cleaned up 1 empty switch in `\IMG_FILTER.$proc$rtl/img_filter.v:617$1169'.
Removing empty process `IMG_FILTER.$proc$rtl/img_filter.v:617$1169'.
Found and cleaned up 1 empty switch in `\IMG_FILTER.$proc$rtl/img_filter.v:617$1164'.
Removing empty process `IMG_FILTER.$proc$rtl/img_filter.v:617$1164'.
Found and cleaned up 1 empty switch in `\IMG_FILTER.$proc$rtl/img_filter.v:617$1159'.
Removing empty process `IMG_FILTER.$proc$rtl/img_filter.v:617$1159'.
Found and cleaned up 1 empty switch in `\IMG_FILTER.$proc$rtl/img_filter.v:617$1154'.
Removing empty process `IMG_FILTER.$proc$rtl/img_filter.v:617$1154'.
Found and cleaned up 1 empty switch in `\IMG_FILTER.$proc$rtl/img_filter.v:617$1149'.
Removing empty process `IMG_FILTER.$proc$rtl/img_filter.v:617$1149'.
Found and cleaned up 1 empty switch in `\IMG_FILTER.$proc$rtl/img_filter.v:617$1144'.
Removing empty process `IMG_FILTER.$proc$rtl/img_filter.v:617$1144'.
Found and cleaned up 1 empty switch in `\IMG_FILTER.$proc$rtl/img_filter.v:617$1139'.
Removing empty process `IMG_FILTER.$proc$rtl/img_filter.v:617$1139'.
Found and cleaned up 1 empty switch in `\IMG_FILTER.$proc$rtl/img_filter.v:617$1134'.
Removing empty process `IMG_FILTER.$proc$rtl/img_filter.v:617$1134'.
Found and cleaned up 1 empty switch in `\IMG_FILTER.$proc$rtl/img_filter.v:617$1129'.
Removing empty process `IMG_FILTER.$proc$rtl/img_filter.v:617$1129'.
Removing empty process `IMG_FILTER.$proc$rtl/img_filter.v:393$871'.
Removing empty process `IMG_FILTER.$proc$rtl/img_filter.v:392$861'.
Removing empty process `IMG_FILTER.$proc$rtl/img_filter.v:391$851'.
Removing empty process `IMG_FILTER.$proc$rtl/img_filter.v:377$841'.
Removing empty process `IMG_FILTER.$proc$rtl/img_filter.v:377$836'.
Removing empty process `IMG_FILTER.$proc$rtl/img_filter.v:376$826'.
Removing empty process `IMG_FILTER.$proc$rtl/img_filter.v:376$821'.
Removing empty process `IMG_FILTER.$proc$rtl/img_filter.v:375$811'.
Found and cleaned up 2 empty switches in `\IMG_FILTER.$proc$rtl/img_filter.v:669$313'.
Removing empty process `IMG_FILTER.$proc$rtl/img_filter.v:669$313'.
Found and cleaned up 4 empty switches in `\IMG_FILTER.$proc$rtl/img_filter.v:652$307'.
Removing empty process `IMG_FILTER.$proc$rtl/img_filter.v:652$307'.
Found and cleaned up 2 empty switches in `\IMG_FILTER.$proc$rtl/img_filter.v:567$302'.
Removing empty process `IMG_FILTER.$proc$rtl/img_filter.v:567$302'.
Found and cleaned up 1 empty switch in `\IMG_FILTER.$proc$rtl/img_filter.v:549$300'.
Removing empty process `IMG_FILTER.$proc$rtl/img_filter.v:549$300'.
Found and cleaned up 1 empty switch in `\IMG_FILTER.$proc$rtl/img_filter.v:521$294'.
Removing empty process `IMG_FILTER.$proc$rtl/img_filter.v:521$294'.
Found and cleaned up 1 empty switch in `\IMG_FILTER.$proc$rtl/img_filter.v:508$287'.
Removing empty process `IMG_FILTER.$proc$rtl/img_filter.v:508$287'.
Found and cleaned up 1 empty switch in `\IMG_FILTER.$proc$rtl/img_filter.v:494$283'.
Removing empty process `IMG_FILTER.$proc$rtl/img_filter.v:494$283'.
Found and cleaned up 2 empty switches in `\IMG_FILTER.$proc$rtl/img_filter.v:487$282'.
Removing empty process `IMG_FILTER.$proc$rtl/img_filter.v:487$282'.
Found and cleaned up 3 empty switches in `\IMG_FILTER.$proc$rtl/img_filter.v:474$276'.
Removing empty process `IMG_FILTER.$proc$rtl/img_filter.v:474$276'.
Found and cleaned up 3 empty switches in `\IMG_FILTER.$proc$rtl/img_filter.v:439$264'.
Removing empty process `IMG_FILTER.$proc$rtl/img_filter.v:439$264'.
Found and cleaned up 1 empty switch in `\IMG_FILTER.$proc$rtl/img_filter.v:431$263'.
Removing empty process `IMG_FILTER.$proc$rtl/img_filter.v:431$263'.
Removing empty process `IMG_FILTER.$proc$rtl/img_filter.v:418$259'.
Removing empty process `IMG_FILTER.$proc$rtl/img_filter.v:383$258'.
Found and cleaned up 13 empty switches in `\IMG_FILTER.$proc$rtl/img_filter.v:267$222'.
Removing empty process `IMG_FILTER.$proc$rtl/img_filter.v:267$222'.
Found and cleaned up 9 empty switches in `\IMG_FILTER.$proc$rtl/img_filter.v:197$177'.
Removing empty process `IMG_FILTER.$proc$rtl/img_filter.v:197$177'.
Found and cleaned up 1 empty switch in `\IMG_FILTER.$proc$rtl/img_filter.v:186$24'.
Removing empty process `IMG_FILTER.$proc$rtl/img_filter.v:186$24'.
Found and cleaned up 1 empty switch in `\IMG_FILTER.$proc$rtl/img_filter.v:157$20'.
Removing empty process `IMG_FILTER.$proc$rtl/img_filter.v:157$20'.
Cleaned up 525 empty switches.

4.12. Executing OPT_EXPR pass (perform const folding).
Optimizing module IMG_FILTER.
<suppressed ~130 debug messages>

5. Executing OPT_EXPR pass (perform const folding).
Optimizing module IMG_FILTER.
<suppressed ~76 debug messages>

6. Executing OPT_CLEAN pass (remove unused cells and wires).
Finding unused cells or wires in module \IMG_FILTER..
Removed 72 unused cells and 2464 unused wires.
<suppressed ~100 debug messages>

7. Executing CHECK pass (checking for obvious problems).
Checking module IMG_FILTER...
Found and reported 0 problems.

8. Executing FSM pass (extract and optimize FSM).

8.1. Executing FSM_DETECT pass (finding FSMs in design).
Found FSM state register IMG_FILTER.state.

8.2. Executing FSM_EXTRACT pass (extracting FSM from design).
Extracting FSM `\state' from module `\IMG_FILTER'.
  found $adff cell for state register: $procdff$5648
  root of input selection tree: $0\state[2:0]
  found reset state: 3'000 (from async reset)
  found ctrl input: \frm_start
  found ctrl input: $procmux$4903_CMP
  found ctrl input: \e_go
  found ctrl input: \row_end
  found ctrl input: $procmux$4885_CMP
  found ctrl input: $procmux$4888_CMP
  found ctrl input: $procmux$4894_CMP
  found ctrl input: $eq$rtl/img_filter.v:312$238_Y
  found ctrl input: $eq$rtl/img_filter.v:309$235_Y
  found ctrl input: $eq$rtl/img_filter.v:310$236_Y
  found state code: 3'100
  found ctrl input: $eq$rtl/img_filter.v:304$232_Y
  found ctrl input: $eq$rtl/img_filter.v:306$234_Y
  found state code: 3'011
  found ctrl input: \prep_done
  found ctrl input: $eq$rtl/img_filter.v:292$226_Y
  found state code: 3'010
  found state code: 3'001
  found ctrl output: $eq$rtl/img_filter.v:235$196_Y
  found ctrl output: $eq$rtl/img_filter.v:235$197_Y
  found ctrl output: $eq$rtl/img_filter.v:236$199_Y
  found ctrl output: $eq$rtl/img_filter.v:236$200_Y
  found ctrl output: $eq$rtl/img_filter.v:429$260_Y
  found ctrl output: $eq$rtl/img_filter.v:447$266_Y
  found ctrl output: $eq$rtl/img_filter.v:472$273_Y
  found ctrl output: $procmux$4840_CMP
  found ctrl output: $procmux$4853_CMP
  found ctrl output: $procmux$4866_CMP
  found ctrl output: $procmux$4877_CMP
  found ctrl output: $procmux$4885_CMP
  found ctrl output: $procmux$4888_CMP
  found ctrl output: $procmux$4894_CMP
  found ctrl output: $procmux$4903_CMP
  found ctrl output: $procmux$4909_CMP
  ctrl inputs: { $eq$rtl/img_filter.v:312$238_Y $eq$rtl/img_filter.v:310$236_Y $eq$rtl/img_filter.v:309$235_Y $eq$rtl/img_filter.v:306$234_Y $eq$rtl/img_filter.v:304$232_Y $eq$rtl/img_filter.v:292$226_Y \row_end \e_go \prep_done \frm_start }
  ctrl outputs: { $procmux$4909_CMP $procmux$4903_CMP $procmux$4894_CMP $procmux$4888_CMP $procmux$4885_CMP $procmux$4877_CMP $procmux$4866_CMP $procmux$4853_CMP $procmux$4840_CMP $eq$rtl/img_filter.v:472$273_Y $eq$rtl/img_filter.v:447$266_Y $eq$rtl/img_filter.v:429$260_Y $0\state[2:0] $eq$rtl/img_filter.v:236$200_Y $eq$rtl/img_filter.v:236$199_Y $eq$rtl/img_filter.v:235$197_Y $eq$rtl/img_filter.v:235$196_Y }
  transition:      3'000 10'-------0-0 ->      3'000 19'0000000000000000000
  transition:      3'000 10'------01-0 ->      3'000 19'0000000000000000000
  transition:      3'000 10'------11-0 ->      3'000 19'0000000000000000000
  transition:      3'000 10'---------1 ->      3'001 19'0000000000000010000
  transition:      3'100 10'-------0-0 ->      3'100 19'0000100000001000010
  transition:      3'100 10'------01-0 ->      3'100 19'0000100000001000010
  transition:      3'100 10'0-----11-0 ->      3'100 19'0000100000001000010
  transition:      3'100 10'1-----11-0 ->      3'000 19'0000100000000000010
  transition:      3'100 10'---------1 ->      3'001 19'0000100000000010010
  transition:      3'010 10'-------0-0 ->      3'010 19'0010000000000100100
  transition:      3'010 10'------01-0 ->      3'010 19'0010000000000100100
  transition:      3'010 10'---00-11-0 ->      3'010 19'0010000000000100100
  transition:      3'010 10'---10-11-0 ->      3'011 19'0010000000000110100
  transition:      3'010 10'----1-11-0 ->      3'100 19'0010000000001000100
  transition:      3'010 10'---------1 ->      3'001 19'0010000000000010100
  transition:      3'001 10'--------00 ->      3'001 19'1100011111110010000
  transition:      3'001 10'-----0--10 ->      3'010 19'1100011111110100000
  transition:      3'001 10'-----1--10 ->      3'011 19'1100011111110110000
  transition:      3'001 10'---------1 ->      3'001 19'1100011111110010000
  transition:      3'011 10'-------0-0 ->      3'011 19'0001000000000111001
  transition:      3'011 10'------01-0 ->      3'011 19'0001000000000111001
  transition:      3'011 10'--0---11-0 ->      3'011 19'0001000000000111001
  transition:      3'011 10'-01---11-0 ->      3'100 19'0001000000001001001
  transition:      3'011 10'-11---11-0 ->      3'000 19'0001000000000001001
  transition:      3'011 10'---------1 ->      3'001 19'0001000000000011001

8.3. Executing FSM_OPT pass (simple optimizations of FSMs).
Optimizing FSM `$fsm$\state$5824' from module `\IMG_FILTER'.
  Merging pattern 10'------01-0 and 10'------11-0 from group (0 0 19'0000000000000000000).
  Merging pattern 10'------11-0 and 10'------01-0 from group (0 0 19'0000000000000000000).
  Merging pattern 10'-------0-0 and 10'-------1-0 from group (0 0 19'0000000000000000000).
  Merging pattern 10'-------1-0 and 10'-------0-0 from group (0 0 19'0000000000000000000).

8.4. Executing OPT_CLEAN pass (remove unused cells and wires).
Finding unused cells or wires in module \IMG_FILTER..
Removed 29 unused cells and 29 unused wires.
<suppressed ~30 debug messages>

8.5. Executing FSM_OPT pass (simple optimizations of FSMs).
Optimizing FSM `$fsm$\state$5824' from module `\IMG_FILTER'.
  Removing unused output signal $0\state[2:0] [0].
  Removing unused output signal $0\state[2:0] [1].
  Removing unused output signal $0\state[2:0] [2].
  Removing unused output signal $procmux$4885_CMP.
  Removing unused output signal $procmux$4888_CMP.
  Removing unused output signal $procmux$4894_CMP.
  Removing unused output signal $procmux$4903_CMP.

8.6. Executing FSM_RECODE pass (re-assigning FSM state encoding).
Recoding FSM `$fsm$\state$5824' from module `\IMG_FILTER' using `auto' encoding:
  mapping auto encoding to `one-hot` for this FSM.
  000 -> ----1
  100 -> ---1-
  010 -> --1--
  001 -> -1---
  011 -> 1----

8.7. Executing FSM_INFO pass (dumping all available information on FSM cells).

FSM `$fsm$\state$5824' from module `IMG_FILTER':
-------------------------------------

  Information on FSM $fsm$\state$5824 (\state):

  Number of input signals:   10
  Number of output signals:  12
  Number of state bits:       5

  Input signals:
    0: \frm_start
    1: \prep_done
    2: \e_go
    3: \row_end
    4: $eq$rtl/img_filter.v:292$226_Y
    5: $eq$rtl/img_filter.v:304$232_Y
    6: $eq$rtl/img_filter.v:306$234_Y
    7: $eq$rtl/img_filter.v:309$235_Y
    8: $eq$rtl/img_filter.v:310$236_Y
    9: $eq$rtl/img_filter.v:312$238_Y

  Output signals:
    0: $eq$rtl/img_filter.v:235$196_Y
    1: $eq$rtl/img_filter.v:235$197_Y
    2: $eq$rtl/img_filter.v:236$199_Y
    3: $eq$rtl/img_filter.v:236$200_Y
    4: $eq$rtl/img_filter.v:429$260_Y
    5: $eq$rtl/img_filter.v:447$266_Y
    6: $eq$rtl/img_filter.v:472$273_Y
    7: $procmux$4840_CMP
    8: $procmux$4853_CMP
    9: $procmux$4866_CMP
   10: $procmux$4877_CMP
   11: $procmux$4909_CMP

  State encoding:
    0:    5'----1  <RESET STATE>
    1:    5'---1-
    2:    5'--1--
    3:    5'-1---
    4:    5'1----

  Transition Table (state_in, ctrl_in, state_out, ctrl_out):
      0:     0 10'---------0   ->     0 12'000000000000
      1:     0 10'---------1   ->     3 12'000000000000
      2:     1 10'1-----11-0   ->     0 12'000000000010
      3:     1 10'-------0-0   ->     1 12'000000000010
      4:     1 10'------01-0   ->     1 12'000000000010
      5:     1 10'0-----11-0   ->     1 12'000000000010
      6:     1 10'---------1   ->     3 12'000000000010
      7:     2 10'----1-11-0   ->     1 12'000000000100
      8:     2 10'-------0-0   ->     2 12'000000000100
      9:     2 10'------01-0   ->     2 12'000000000100
     10:     2 10'---00-11-0   ->     2 12'000000000100
     11:     2 10'---------1   ->     3 12'000000000100
     12:     2 10'---10-11-0   ->     4 12'000000000100
     13:     3 10'-----0--10   ->     2 12'111111110000
     14:     3 10'--------00   ->     3 12'111111110000
     15:     3 10'---------1   ->     3 12'111111110000
     16:     3 10'-----1--10   ->     4 12'111111110000
     17:     4 10'-11---11-0   ->     0 12'000000001001
     18:     4 10'-01---11-0   ->     1 12'000000001001
     19:     4 10'---------1   ->     3 12'000000001001
     20:     4 10'-------0-0   ->     4 12'000000001001
     21:     4 10'------01-0   ->     4 12'000000001001
     22:     4 10'--0---11-0   ->     4 12'000000001001

-------------------------------------

8.8. Executing FSM_MAP pass (mapping FSMs to basic logic).
Mapping FSM `$fsm$\state$5824' from module `\IMG_FILTER'.

9. Executing OPT pass (performing simple optimizations).

9.1. Executing OPT_EXPR pass (perform const folding).
Optimizing module IMG_FILTER.
<suppressed ~6 debug messages>

9.2. Executing OPT_MERGE pass (detect identical cells).
Finding identical cells in module `\IMG_FILTER'.
Computing hashes of 4285 cells of `\IMG_FILTER'.
Finding duplicate cells in `\IMG_FILTER'.
Computing hashes of 3747 cells of `\IMG_FILTER'.
Finding duplicate cells in `\IMG_FILTER'.
<suppressed ~1614 debug messages>
Removed a total of 538 cells.

9.3. Executing OPT_MUXTREE pass (detect dead branches in mux trees).
Running muxtree optimizer on module \IMG_FILTER..
  Creating internal representation of mux trees.
  Evaluating internal representation of mux trees.
  Analyzing evaluation results.
Removed 0 multiplexer ports.
<suppressed ~3884 debug messages>

9.4. Executing OPT_REDUCE pass (consolidate $*mux and $reduce_* inputs).
  Optimizing cells in module \IMG_FILTER.
Performed a total of 0 changes.

9.5. Executing OPT_MERGE pass (detect identical cells).
Finding identical cells in module `\IMG_FILTER'.
Computing hashes of 3747 cells of `\IMG_FILTER'.
Finding duplicate cells in `\IMG_FILTER'.
Removed a total of 0 cells.

9.6. Executing OPT_DFF pass (perform DFF optimizations).
Adding EN signal on $procdff$5743 ($adff) from module IMG_FILTER (D = $ternary$rtl/img_filter.v:191$104_Y, Q = \a_sym[12]).
Adding EN signal on $procdff$5551 ($adff) from module IMG_FILTER (D = \out_d1, Q = \out_d2).
Adding EN signal on $procdff$5763 ($adff) from module IMG_FILTER (D = $ternary$rtl/img_filter.v:191$128_Y, Q = \a_sym[16]).
Adding EN signal on $procdff$5625 ($adff) from module IMG_FILTER (D = $0\tlo_f[4:0], Q = \tlo_f).
Adding EN signal on $procdff$5643 ($adff) from module IMG_FILTER (D = $0\prep_cnt[3:0], Q = \prep_cnt).
Adding EN signal on $procdff$5723 ($adff) from module IMG_FILTER (D = $ternary$rtl/img_filter.v:191$80_Y, Q = \a_sym[8]).
Adding EN signal on $procdff$5590 ($dff) from module IMG_FILTER (D = \in_pix_data, Q = \ibuf1).
Adding EN signal on $procdff$5628 ($dff) from module IMG_FILTER (D = \cbp_fut, Q = \cbp_cur).
Adding EN signal on $procdff$5615 ($adff) from module IMG_FILTER (D = $procmux$4818_Y, Q = \rem_f).
Adding EN signal on $procdff$5496 ($dff) from module IMG_FILTER (D = \G_LANE[0].G_PAIR[8].pprod, Q = \pair_q[8]).
Adding EN signal on $procdff$5718 ($adff) from module IMG_FILTER (D = $ternary$rtl/img_filter.v:191$74_Y, Q = \a_sym[7]).
Adding EN signal on $procdff$5578 ($adff) from module IMG_FILTER (D = \c_cnt, Q = \m_addr).
Adding EN signal on $procdff$5788 ($adff) from module IMG_FILTER (D = $ternary$rtl/img_filter.v:191$158_Y, Q = \a_sym[21]).
Adding EN signal on $procdff$5758 ($adff) from module IMG_FILTER (D = $ternary$rtl/img_filter.v:191$122_Y, Q = \a_sym[15]).
Adding EN signal on $procdff$5653 ($adff) from module IMG_FILTER (D = $0\c_cnt[8:0], Q = \c_cnt).
Adding EN signal on $procdff$5713 ($adff) from module IMG_FILTER (D = $ternary$rtl/img_filter.v:191$68_Y, Q = \a_sym[6]).
Adding EN signal on $procdff$5589 ($dff) from module IMG_FILTER (D = \in_pix_data, Q = \ibuf0).
Adding EN signal on $procdff$5768 ($adff) from module IMG_FILTER (D = $ternary$rtl/img_filter.v:191$134_Y, Q = \a_sym[17]).
Adding EN signal on $procdff$5798 ($adff) from module IMG_FILTER (D = $ternary$rtl/img_filter.v:191$170_Y, Q = \a_sym[23]).
Adding EN signal on $procdff$5658 ($adff) from module IMG_FILTER (D = $0\r_cnt[11:0], Q = \r_cnt).
Adding EN signal on $procdff$5708 ($adff) from module IMG_FILTER (D = $ternary$rtl/img_filter.v:191$62_Y, Q = \a_sym[5]).
Adding EN signal on $procdff$5610 ($adff) from module IMG_FILTER (D = $0\ird[0:0], Q = \ird).
Adding EN signal on $procdff$5663 ($adff) from module IMG_FILTER (D = $0\wbank[5:0], Q = \wbank).
Adding EN signal on $procdff$5703 ($adff) from module IMG_FILTER (D = $ternary$rtl/img_filter.v:191$56_Y, Q = \a_sym[4]).
Adding EN signal on $procdff$5573 ($adff) from module IMG_FILTER (D = $ternary$rtl/img_filter.v:516$292_Y, Q = \m_1h).
Adding EN signal on $procdff$5783 ($adff) from module IMG_FILTER (D = $ternary$rtl/img_filter.v:191$152_Y, Q = \a_sym[20]).
Adding EN signal on $procdff$5818 ($adff) from module IMG_FILTER (D = \blk_v [5:1], Q = \hv_q).
Adding EN signal on $procdff$5823 ($adff) from module IMG_FILTER (D = \coef, Q = \coef_q).
Adding EN signal on $procdff$5668 ($adff) from module IMG_FILTER (D = $procmux$4839_Y, Q = \rem_q).
Adding EN signal on $procdff$5698 ($adff) from module IMG_FILTER (D = $ternary$rtl/img_filter.v:191$50_Y, Q = \a_sym[3]).
Adding EN signal on $procdff$5753 ($adff) from module IMG_FILTER (D = $ternary$rtl/img_filter.v:191$116_Y, Q = \a_sym[14]).
Adding EN signal on $procdff$5773 ($adff) from module IMG_FILTER (D = $ternary$rtl/img_filter.v:191$140_Y, Q = \a_sym[18]).
Adding EN signal on $procdff$5583 ($adff) from module IMG_FILTER (D = $and$rtl/img_filter.v:517$293_Y, Q = \m_out).
Adding EN signal on $procdff$5673 ($adff) from module IMG_FILTER (D = $0\mod_x[13:0], Q = \mod_x).
Adding EN signal on $procdff$5693 ($adff) from module IMG_FILTER (D = $ternary$rtl/img_filter.v:191$44_Y, Q = \a_sym[2]).
Adding EN signal on $procdff$5605 ($adff) from module IMG_FILTER (D = $0\iwr[0:0], Q = \iwr).
Adding EN signal on $procdff$5561 ($adff) from module IMG_FILTER (D = \out_d3, Q = \out_d4).
Adding EN signal on $procdff$5688 ($adff) from module IMG_FILTER (D = $ternary$rtl/img_filter.v:191$38_Y, Q = \a_sym[1]).
Adding EN signal on $procdff$5748 ($adff) from module IMG_FILTER (D = $ternary$rtl/img_filter.v:191$110_Y, Q = \a_sym[13]).
Adding EN signal on $procdff$5778 ($adff) from module IMG_FILTER (D = $ternary$rtl/img_filter.v:191$146_Y, Q = \a_sym[19]).
Adding EN signal on $procdff$5808 ($adff) from module IMG_FILTER (D = \img_height, Q = \h_m1_q).
Adding EN signal on $procdff$5626 ($dff) from module IMG_FILTER (D = \c_fut, Q = \c_cur).
Adding EN signal on $procdff$5683 ($adff) from module IMG_FILTER (D = $ternary$rtl/img_filter.v:191$32_Y, Q = \a_sym[0]).
Adding EN signal on $procdff$5738 ($adff) from module IMG_FILTER (D = $ternary$rtl/img_filter.v:191$98_Y, Q = \a_sym[11]).
Adding EN signal on $procdff$5531 ($dff) from module IMG_FILTER (D = \byp_d1, Q = \byp_d2).
Adding EN signal on $procdff$5530 ($dff) from module IMG_FILTER (D = \in_data_q, Q = \byp_d1).
Adding EN signal on $procdff$5529 ($dff) from module IMG_FILTER (D = \cbp_d1, Q = \cbp_d2).
Adding EN signal on $procdff$5803 ($adff) from module IMG_FILTER (D = $ternary$rtl/img_filter.v:191$176_Y, Q = \a_sym[24]).
Adding EN signal on $procdff$5528 ($dff) from module IMG_FILTER (D = \m_cbp, Q = \cbp_d1).
Adding EN signal on $procdff$5527 ($dff) from module IMG_FILTER (D = \c_d1, Q = \c_d2).
Adding EN signal on $procdff$5526 ($dff) from module IMG_FILTER (D = \m_c, Q = \c_d1).
Adding EN signal on $procdff$5546 ($adff) from module IMG_FILTER (D = \m_out, Q = \out_d1).
Adding EN signal on $procdff$5525 ($dff) from module IMG_FILTER (D = \mem_rdata, Q = \rdata_q).
Adding EN signal on $procdff$5524 ($adff) from module IMG_FILTER (D = $0\oskid_v[0:0], Q = \oskid_v).
Adding EN signal on $procdff$5563 ($dff) from module IMG_FILTER (D = \cbp_cur, Q = \m_cbp).
Adding EN signal on $procdff$5541 ($adff) from module IMG_FILTER (D = \ce_d1, Q = \ce_d2).
Adding EN signal on $procdff$5620 ($adff) from module IMG_FILTER (D = $0\ymod_f[5:0], Q = \ymod_f).
Adding EN signal on $procdff$5562 ($dff) from module IMG_FILTER (D = \c_cur, Q = \m_c).
Adding EN signal on $procdff$5536 ($adff) from module IMG_FILTER (D = \m_ce, Q = \ce_d1).
Adding EN signal on $procdff$5025 ($dff) from module IMG_FILTER (D = \G_LANE[15].G_PART[4].psum5, Q = \part_q[79]).
Adding EN signal on $procdff$5026 ($dff) from module IMG_FILTER (D = \G_LANE[15].G_PART[3].psum5, Q = \part_q[78]).
Adding EN signal on $procdff$5027 ($dff) from module IMG_FILTER (D = \G_LANE[15].G_PART[2].psum5, Q = \part_q[77]).
Adding EN signal on $procdff$5028 ($dff) from module IMG_FILTER (D = \G_LANE[15].G_PART[1].psum5, Q = \part_q[76]).
Adding EN signal on $procdff$5029 ($dff) from module IMG_FILTER (D = \G_LANE[15].G_PART[0].psum5, Q = \part_q[75]).
Adding EN signal on $procdff$5030 ($dff) from module IMG_FILTER (D = \G_LANE[15].G_PAIR[24].pprod, Q = \pair_q[399]).
Adding EN signal on $procdff$5031 ($dff) from module IMG_FILTER (D = \G_LANE[15].G_PAIR[23].pprod, Q = \pair_q[398]).
Adding EN signal on $procdff$5032 ($dff) from module IMG_FILTER (D = \G_LANE[15].G_PAIR[22].pprod, Q = \pair_q[397]).
Adding EN signal on $procdff$5033 ($dff) from module IMG_FILTER (D = \G_LANE[15].G_PAIR[21].pprod, Q = \pair_q[396]).
Adding EN signal on $procdff$5034 ($dff) from module IMG_FILTER (D = \G_LANE[15].G_PAIR[20].pprod, Q = \pair_q[395]).
Adding EN signal on $procdff$5035 ($dff) from module IMG_FILTER (D = \G_LANE[15].G_PAIR[19].pprod, Q = \pair_q[394]).
Adding EN signal on $procdff$5036 ($dff) from module IMG_FILTER (D = \G_LANE[15].G_PAIR[18].pprod, Q = \pair_q[393]).
Adding EN signal on $procdff$5037 ($dff) from module IMG_FILTER (D = \G_LANE[15].G_PAIR[17].pprod, Q = \pair_q[392]).
Adding EN signal on $procdff$5038 ($dff) from module IMG_FILTER (D = \G_LANE[15].G_PAIR[16].pprod, Q = \pair_q[391]).
Adding EN signal on $procdff$5039 ($dff) from module IMG_FILTER (D = \G_LANE[15].G_PAIR[15].pprod, Q = \pair_q[390]).
Adding EN signal on $procdff$5040 ($dff) from module IMG_FILTER (D = \G_LANE[15].G_PAIR[14].pprod, Q = \pair_q[389]).
Adding EN signal on $procdff$5041 ($dff) from module IMG_FILTER (D = \G_LANE[15].G_PAIR[13].pprod, Q = \pair_q[388]).
Adding EN signal on $procdff$5042 ($dff) from module IMG_FILTER (D = \G_LANE[15].G_PAIR[12].pprod, Q = \pair_q[387]).
Adding EN signal on $procdff$5043 ($dff) from module IMG_FILTER (D = \G_LANE[15].G_PAIR[11].pprod, Q = \pair_q[386]).
Adding EN signal on $procdff$5044 ($dff) from module IMG_FILTER (D = \G_LANE[15].G_PAIR[10].pprod, Q = \pair_q[385]).
Adding EN signal on $procdff$5045 ($dff) from module IMG_FILTER (D = \G_LANE[15].G_PAIR[9].pprod, Q = \pair_q[384]).
Adding EN signal on $procdff$5046 ($dff) from module IMG_FILTER (D = \G_LANE[15].G_PAIR[8].pprod, Q = \pair_q[383]).
Adding EN signal on $procdff$5047 ($dff) from module IMG_FILTER (D = \G_LANE[15].G_PAIR[7].pprod, Q = \pair_q[382]).
Adding EN signal on $procdff$5048 ($dff) from module IMG_FILTER (D = \G_LANE[15].G_PAIR[6].pprod, Q = \pair_q[381]).
Adding EN signal on $procdff$5049 ($dff) from module IMG_FILTER (D = \G_LANE[15].G_PAIR[5].pprod, Q = \pair_q[380]).
Adding EN signal on $procdff$5050 ($dff) from module IMG_FILTER (D = \G_LANE[15].G_PAIR[4].pprod, Q = \pair_q[379]).
Adding EN signal on $procdff$5051 ($dff) from module IMG_FILTER (D = \G_LANE[15].G_PAIR[3].pprod, Q = \pair_q[378]).
Adding EN signal on $procdff$5052 ($dff) from module IMG_FILTER (D = \G_LANE[15].G_PAIR[2].pprod, Q = \pair_q[377]).
Adding EN signal on $procdff$5053 ($dff) from module IMG_FILTER (D = \G_LANE[15].G_PAIR[1].pprod, Q = \pair_q[376]).
Adding EN signal on $procdff$5054 ($dff) from module IMG_FILTER (D = \G_LANE[15].G_PAIR[0].pprod, Q = \pair_q[375]).
Adding EN signal on $procdff$5055 ($dff) from module IMG_FILTER (D = \G_LANE[14].G_PART[4].psum5, Q = \part_q[74]).
Adding EN signal on $procdff$5056 ($dff) from module IMG_FILTER (D = \G_LANE[14].G_PART[3].psum5, Q = \part_q[73]).
Adding EN signal on $procdff$5057 ($dff) from module IMG_FILTER (D = \G_LANE[14].G_PART[2].psum5, Q = \part_q[72]).
Adding EN signal on $procdff$5058 ($dff) from module IMG_FILTER (D = \G_LANE[14].G_PART[1].psum5, Q = \part_q[71]).
Adding EN signal on $procdff$5059 ($dff) from module IMG_FILTER (D = \G_LANE[14].G_PART[0].psum5, Q = \part_q[70]).
Adding EN signal on $procdff$5060 ($dff) from module IMG_FILTER (D = \G_LANE[14].G_PAIR[24].pprod, Q = \pair_q[374]).
Adding EN signal on $procdff$5061 ($dff) from module IMG_FILTER (D = \G_LANE[14].G_PAIR[23].pprod, Q = \pair_q[373]).
Adding EN signal on $procdff$5062 ($dff) from module IMG_FILTER (D = \G_LANE[14].G_PAIR[22].pprod, Q = \pair_q[372]).
Adding EN signal on $procdff$5063 ($dff) from module IMG_FILTER (D = \G_LANE[14].G_PAIR[21].pprod, Q = \pair_q[371]).
Adding EN signal on $procdff$5064 ($dff) from module IMG_FILTER (D = \G_LANE[14].G_PAIR[20].pprod, Q = \pair_q[370]).
Adding EN signal on $procdff$5065 ($dff) from module IMG_FILTER (D = \G_LANE[14].G_PAIR[19].pprod, Q = \pair_q[369]).
Adding EN signal on $procdff$5066 ($dff) from module IMG_FILTER (D = \G_LANE[14].G_PAIR[18].pprod, Q = \pair_q[368]).
Adding EN signal on $procdff$5067 ($dff) from module IMG_FILTER (D = \G_LANE[14].G_PAIR[17].pprod, Q = \pair_q[367]).
Adding EN signal on $procdff$5068 ($dff) from module IMG_FILTER (D = \G_LANE[14].G_PAIR[16].pprod, Q = \pair_q[366]).
Adding EN signal on $procdff$5069 ($dff) from module IMG_FILTER (D = \G_LANE[14].G_PAIR[15].pprod, Q = \pair_q[365]).
Adding EN signal on $procdff$5070 ($dff) from module IMG_FILTER (D = \G_LANE[14].G_PAIR[14].pprod, Q = \pair_q[364]).
Adding EN signal on $procdff$5071 ($dff) from module IMG_FILTER (D = \G_LANE[14].G_PAIR[13].pprod, Q = \pair_q[363]).
Adding EN signal on $procdff$5072 ($dff) from module IMG_FILTER (D = \G_LANE[14].G_PAIR[12].pprod, Q = \pair_q[362]).
Adding EN signal on $procdff$5073 ($dff) from module IMG_FILTER (D = \G_LANE[14].G_PAIR[11].pprod, Q = \pair_q[361]).
Adding EN signal on $procdff$5074 ($dff) from module IMG_FILTER (D = \G_LANE[14].G_PAIR[10].pprod, Q = \pair_q[360]).
Adding EN signal on $procdff$5075 ($dff) from module IMG_FILTER (D = \G_LANE[14].G_PAIR[9].pprod, Q = \pair_q[359]).
Adding EN signal on $procdff$5076 ($dff) from module IMG_FILTER (D = \G_LANE[14].G_PAIR[8].pprod, Q = \pair_q[358]).
Adding EN signal on $procdff$5077 ($dff) from module IMG_FILTER (D = \G_LANE[14].G_PAIR[7].pprod, Q = \pair_q[357]).
Adding EN signal on $procdff$5078 ($dff) from module IMG_FILTER (D = \G_LANE[14].G_PAIR[6].pprod, Q = \pair_q[356]).
Adding EN signal on $procdff$5079 ($dff) from module IMG_FILTER (D = \G_LANE[14].G_PAIR[5].pprod, Q = \pair_q[355]).
Adding EN signal on $procdff$5080 ($dff) from module IMG_FILTER (D = \G_LANE[14].G_PAIR[4].pprod, Q = \pair_q[354]).
Adding EN signal on $procdff$5081 ($dff) from module IMG_FILTER (D = \G_LANE[14].G_PAIR[3].pprod, Q = \pair_q[353]).
Adding EN signal on $procdff$5082 ($dff) from module IMG_FILTER (D = \G_LANE[14].G_PAIR[2].pprod, Q = \pair_q[352]).
Adding EN signal on $procdff$5083 ($dff) from module IMG_FILTER (D = \G_LANE[14].G_PAIR[1].pprod, Q = \pair_q[351]).
Adding EN signal on $procdff$5084 ($dff) from module IMG_FILTER (D = \G_LANE[14].G_PAIR[0].pprod, Q = \pair_q[350]).
Adding EN signal on $procdff$5085 ($dff) from module IMG_FILTER (D = \G_LANE[13].G_PART[4].psum5, Q = \part_q[69]).
Adding EN signal on $procdff$5086 ($dff) from module IMG_FILTER (D = \G_LANE[13].G_PART[3].psum5, Q = \part_q[68]).
Adding EN signal on $procdff$5087 ($dff) from module IMG_FILTER (D = \G_LANE[13].G_PART[2].psum5, Q = \part_q[67]).
Adding EN signal on $procdff$5088 ($dff) from module IMG_FILTER (D = \G_LANE[13].G_PART[1].psum5, Q = \part_q[66]).
Adding EN signal on $procdff$5089 ($dff) from module IMG_FILTER (D = \G_LANE[13].G_PART[0].psum5, Q = \part_q[65]).
Adding EN signal on $procdff$5090 ($dff) from module IMG_FILTER (D = \G_LANE[13].G_PAIR[24].pprod, Q = \pair_q[349]).
Adding EN signal on $procdff$5091 ($dff) from module IMG_FILTER (D = \G_LANE[13].G_PAIR[23].pprod, Q = \pair_q[348]).
Adding EN signal on $procdff$5092 ($dff) from module IMG_FILTER (D = \G_LANE[13].G_PAIR[22].pprod, Q = \pair_q[347]).
Adding EN signal on $procdff$5093 ($dff) from module IMG_FILTER (D = \G_LANE[13].G_PAIR[21].pprod, Q = \pair_q[346]).
Adding EN signal on $procdff$5094 ($dff) from module IMG_FILTER (D = \G_LANE[13].G_PAIR[20].pprod, Q = \pair_q[345]).
Adding EN signal on $procdff$5095 ($dff) from module IMG_FILTER (D = \G_LANE[13].G_PAIR[19].pprod, Q = \pair_q[344]).
Adding EN signal on $procdff$5096 ($dff) from module IMG_FILTER (D = \G_LANE[13].G_PAIR[18].pprod, Q = \pair_q[343]).
Adding EN signal on $procdff$5097 ($dff) from module IMG_FILTER (D = \G_LANE[13].G_PAIR[17].pprod, Q = \pair_q[342]).
Adding EN signal on $procdff$5098 ($dff) from module IMG_FILTER (D = \G_LANE[13].G_PAIR[16].pprod, Q = \pair_q[341]).
Adding EN signal on $procdff$5099 ($dff) from module IMG_FILTER (D = \G_LANE[13].G_PAIR[15].pprod, Q = \pair_q[340]).
Adding EN signal on $procdff$5100 ($dff) from module IMG_FILTER (D = \G_LANE[13].G_PAIR[14].pprod, Q = \pair_q[339]).
Adding EN signal on $procdff$5101 ($dff) from module IMG_FILTER (D = \G_LANE[13].G_PAIR[13].pprod, Q = \pair_q[338]).
Adding EN signal on $procdff$5102 ($dff) from module IMG_FILTER (D = \G_LANE[13].G_PAIR[12].pprod, Q = \pair_q[337]).
Adding EN signal on $procdff$5103 ($dff) from module IMG_FILTER (D = \G_LANE[13].G_PAIR[11].pprod, Q = \pair_q[336]).
Adding EN signal on $procdff$5104 ($dff) from module IMG_FILTER (D = \G_LANE[13].G_PAIR[10].pprod, Q = \pair_q[335]).
Adding EN signal on $procdff$5105 ($dff) from module IMG_FILTER (D = \G_LANE[13].G_PAIR[9].pprod, Q = \pair_q[334]).
Adding EN signal on $procdff$5106 ($dff) from module IMG_FILTER (D = \G_LANE[13].G_PAIR[8].pprod, Q = \pair_q[333]).
Adding EN signal on $procdff$5107 ($dff) from module IMG_FILTER (D = \G_LANE[13].G_PAIR[7].pprod, Q = \pair_q[332]).
Adding EN signal on $procdff$5108 ($dff) from module IMG_FILTER (D = \G_LANE[13].G_PAIR[6].pprod, Q = \pair_q[331]).
Adding EN signal on $procdff$5109 ($dff) from module IMG_FILTER (D = \G_LANE[13].G_PAIR[5].pprod, Q = \pair_q[330]).
Adding EN signal on $procdff$5110 ($dff) from module IMG_FILTER (D = \G_LANE[13].G_PAIR[4].pprod, Q = \pair_q[329]).
Adding EN signal on $procdff$5111 ($dff) from module IMG_FILTER (D = \G_LANE[13].G_PAIR[3].pprod, Q = \pair_q[328]).
Adding EN signal on $procdff$5112 ($dff) from module IMG_FILTER (D = \G_LANE[13].G_PAIR[2].pprod, Q = \pair_q[327]).
Adding EN signal on $procdff$5113 ($dff) from module IMG_FILTER (D = \G_LANE[13].G_PAIR[1].pprod, Q = \pair_q[326]).
Adding EN signal on $procdff$5114 ($dff) from module IMG_FILTER (D = \G_LANE[13].G_PAIR[0].pprod, Q = \pair_q[325]).
Adding EN signal on $procdff$5115 ($dff) from module IMG_FILTER (D = \G_LANE[12].G_PART[4].psum5, Q = \part_q[64]).
Adding EN signal on $procdff$5116 ($dff) from module IMG_FILTER (D = \G_LANE[12].G_PART[3].psum5, Q = \part_q[63]).
Adding EN signal on $procdff$5117 ($dff) from module IMG_FILTER (D = \G_LANE[12].G_PART[2].psum5, Q = \part_q[62]).
Adding EN signal on $procdff$5118 ($dff) from module IMG_FILTER (D = \G_LANE[12].G_PART[1].psum5, Q = \part_q[61]).
Adding EN signal on $procdff$5119 ($dff) from module IMG_FILTER (D = \G_LANE[12].G_PART[0].psum5, Q = \part_q[60]).
Adding EN signal on $procdff$5120 ($dff) from module IMG_FILTER (D = \G_LANE[12].G_PAIR[24].pprod, Q = \pair_q[324]).
Adding EN signal on $procdff$5121 ($dff) from module IMG_FILTER (D = \G_LANE[12].G_PAIR[23].pprod, Q = \pair_q[323]).
Adding EN signal on $procdff$5122 ($dff) from module IMG_FILTER (D = \G_LANE[12].G_PAIR[22].pprod, Q = \pair_q[322]).
Adding EN signal on $procdff$5123 ($dff) from module IMG_FILTER (D = \G_LANE[12].G_PAIR[21].pprod, Q = \pair_q[321]).
Adding EN signal on $procdff$5124 ($dff) from module IMG_FILTER (D = \G_LANE[12].G_PAIR[20].pprod, Q = \pair_q[320]).
Adding EN signal on $procdff$5125 ($dff) from module IMG_FILTER (D = \G_LANE[12].G_PAIR[19].pprod, Q = \pair_q[319]).
Adding EN signal on $procdff$5126 ($dff) from module IMG_FILTER (D = \G_LANE[12].G_PAIR[18].pprod, Q = \pair_q[318]).
Adding EN signal on $procdff$5127 ($dff) from module IMG_FILTER (D = \G_LANE[12].G_PAIR[17].pprod, Q = \pair_q[317]).
Adding EN signal on $procdff$5128 ($dff) from module IMG_FILTER (D = \G_LANE[12].G_PAIR[16].pprod, Q = \pair_q[316]).
Adding EN signal on $procdff$5129 ($dff) from module IMG_FILTER (D = \G_LANE[12].G_PAIR[15].pprod, Q = \pair_q[315]).
Adding EN signal on $procdff$5130 ($dff) from module IMG_FILTER (D = \G_LANE[12].G_PAIR[14].pprod, Q = \pair_q[314]).
Adding EN signal on $procdff$5131 ($dff) from module IMG_FILTER (D = \G_LANE[12].G_PAIR[13].pprod, Q = \pair_q[313]).
Adding EN signal on $procdff$5132 ($dff) from module IMG_FILTER (D = \G_LANE[12].G_PAIR[12].pprod, Q = \pair_q[312]).
Adding EN signal on $procdff$5133 ($dff) from module IMG_FILTER (D = \G_LANE[12].G_PAIR[11].pprod, Q = \pair_q[311]).
Adding EN signal on $procdff$5134 ($dff) from module IMG_FILTER (D = \G_LANE[12].G_PAIR[10].pprod, Q = \pair_q[310]).
Adding EN signal on $procdff$5135 ($dff) from module IMG_FILTER (D = \G_LANE[12].G_PAIR[9].pprod, Q = \pair_q[309]).
Adding EN signal on $procdff$5136 ($dff) from module IMG_FILTER (D = \G_LANE[12].G_PAIR[8].pprod, Q = \pair_q[308]).
Adding EN signal on $procdff$5137 ($dff) from module IMG_FILTER (D = \G_LANE[12].G_PAIR[7].pprod, Q = \pair_q[307]).
Adding EN signal on $procdff$5138 ($dff) from module IMG_FILTER (D = \G_LANE[12].G_PAIR[6].pprod, Q = \pair_q[306]).
Adding EN signal on $procdff$5139 ($dff) from module IMG_FILTER (D = \G_LANE[12].G_PAIR[5].pprod, Q = \pair_q[305]).
Adding EN signal on $procdff$5140 ($dff) from module IMG_FILTER (D = \G_LANE[12].G_PAIR[4].pprod, Q = \pair_q[304]).
Adding EN signal on $procdff$5141 ($dff) from module IMG_FILTER (D = \G_LANE[12].G_PAIR[3].pprod, Q = \pair_q[303]).
Adding EN signal on $procdff$5142 ($dff) from module IMG_FILTER (D = \G_LANE[12].G_PAIR[2].pprod, Q = \pair_q[302]).
Adding EN signal on $procdff$5143 ($dff) from module IMG_FILTER (D = \G_LANE[12].G_PAIR[1].pprod, Q = \pair_q[301]).
Adding EN signal on $procdff$5144 ($dff) from module IMG_FILTER (D = \G_LANE[12].G_PAIR[0].pprod, Q = \pair_q[300]).
Adding EN signal on $procdff$5145 ($dff) from module IMG_FILTER (D = \G_LANE[11].G_PART[4].psum5, Q = \part_q[59]).
Adding EN signal on $procdff$5146 ($dff) from module IMG_FILTER (D = \G_LANE[11].G_PART[3].psum5, Q = \part_q[58]).
Adding EN signal on $procdff$5147 ($dff) from module IMG_FILTER (D = \G_LANE[11].G_PART[2].psum5, Q = \part_q[57]).
Adding EN signal on $procdff$5148 ($dff) from module IMG_FILTER (D = \G_LANE[11].G_PART[1].psum5, Q = \part_q[56]).
Adding EN signal on $procdff$5149 ($dff) from module IMG_FILTER (D = \G_LANE[11].G_PART[0].psum5, Q = \part_q[55]).
Adding EN signal on $procdff$5150 ($dff) from module IMG_FILTER (D = \G_LANE[11].G_PAIR[24].pprod, Q = \pair_q[299]).
Adding EN signal on $procdff$5151 ($dff) from module IMG_FILTER (D = \G_LANE[11].G_PAIR[23].pprod, Q = \pair_q[298]).
Adding EN signal on $procdff$5152 ($dff) from module IMG_FILTER (D = \G_LANE[11].G_PAIR[22].pprod, Q = \pair_q[297]).
Adding EN signal on $procdff$5153 ($dff) from module IMG_FILTER (D = \G_LANE[11].G_PAIR[21].pprod, Q = \pair_q[296]).
Adding EN signal on $procdff$5154 ($dff) from module IMG_FILTER (D = \G_LANE[11].G_PAIR[20].pprod, Q = \pair_q[295]).
Adding EN signal on $procdff$5155 ($dff) from module IMG_FILTER (D = \G_LANE[11].G_PAIR[19].pprod, Q = \pair_q[294]).
Adding EN signal on $procdff$5156 ($dff) from module IMG_FILTER (D = \G_LANE[11].G_PAIR[18].pprod, Q = \pair_q[293]).
Adding EN signal on $procdff$5157 ($dff) from module IMG_FILTER (D = \G_LANE[11].G_PAIR[17].pprod, Q = \pair_q[292]).
Adding EN signal on $procdff$5158 ($dff) from module IMG_FILTER (D = \G_LANE[11].G_PAIR[16].pprod, Q = \pair_q[291]).
Adding EN signal on $procdff$5159 ($dff) from module IMG_FILTER (D = \G_LANE[11].G_PAIR[15].pprod, Q = \pair_q[290]).
Adding EN signal on $procdff$5160 ($dff) from module IMG_FILTER (D = \G_LANE[11].G_PAIR[14].pprod, Q = \pair_q[289]).
Adding EN signal on $procdff$5161 ($dff) from module IMG_FILTER (D = \G_LANE[11].G_PAIR[13].pprod, Q = \pair_q[288]).
Adding EN signal on $procdff$5162 ($dff) from module IMG_FILTER (D = \G_LANE[11].G_PAIR[12].pprod, Q = \pair_q[287]).
Adding EN signal on $procdff$5163 ($dff) from module IMG_FILTER (D = \G_LANE[11].G_PAIR[11].pprod, Q = \pair_q[286]).
Adding EN signal on $procdff$5164 ($dff) from module IMG_FILTER (D = \G_LANE[11].G_PAIR[10].pprod, Q = \pair_q[285]).
Adding EN signal on $procdff$5165 ($dff) from module IMG_FILTER (D = \G_LANE[11].G_PAIR[9].pprod, Q = \pair_q[284]).
Adding EN signal on $procdff$5166 ($dff) from module IMG_FILTER (D = \G_LANE[11].G_PAIR[8].pprod, Q = \pair_q[283]).
Adding EN signal on $procdff$5167 ($dff) from module IMG_FILTER (D = \G_LANE[11].G_PAIR[7].pprod, Q = \pair_q[282]).
Adding EN signal on $procdff$5168 ($dff) from module IMG_FILTER (D = \G_LANE[11].G_PAIR[6].pprod, Q = \pair_q[281]).
Adding EN signal on $procdff$5169 ($dff) from module IMG_FILTER (D = \G_LANE[11].G_PAIR[5].pprod, Q = \pair_q[280]).
Adding EN signal on $procdff$5170 ($dff) from module IMG_FILTER (D = \G_LANE[11].G_PAIR[4].pprod, Q = \pair_q[279]).
Adding EN signal on $procdff$5171 ($dff) from module IMG_FILTER (D = \G_LANE[11].G_PAIR[3].pprod, Q = \pair_q[278]).
Adding EN signal on $procdff$5172 ($dff) from module IMG_FILTER (D = \G_LANE[11].G_PAIR[2].pprod, Q = \pair_q[277]).
Adding EN signal on $procdff$5173 ($dff) from module IMG_FILTER (D = \G_LANE[11].G_PAIR[1].pprod, Q = \pair_q[276]).
Adding EN signal on $procdff$5174 ($dff) from module IMG_FILTER (D = \G_LANE[11].G_PAIR[0].pprod, Q = \pair_q[275]).
Adding EN signal on $procdff$5175 ($dff) from module IMG_FILTER (D = \G_LANE[10].G_PART[4].psum5, Q = \part_q[54]).
Adding EN signal on $procdff$5176 ($dff) from module IMG_FILTER (D = \G_LANE[10].G_PART[3].psum5, Q = \part_q[53]).
Adding EN signal on $procdff$5177 ($dff) from module IMG_FILTER (D = \G_LANE[10].G_PART[2].psum5, Q = \part_q[52]).
Adding EN signal on $procdff$5178 ($dff) from module IMG_FILTER (D = \G_LANE[10].G_PART[1].psum5, Q = \part_q[51]).
Adding EN signal on $procdff$5179 ($dff) from module IMG_FILTER (D = \G_LANE[10].G_PART[0].psum5, Q = \part_q[50]).
Adding EN signal on $procdff$5180 ($dff) from module IMG_FILTER (D = \G_LANE[10].G_PAIR[24].pprod, Q = \pair_q[274]).
Adding EN signal on $procdff$5181 ($dff) from module IMG_FILTER (D = \G_LANE[10].G_PAIR[23].pprod, Q = \pair_q[273]).
Adding EN signal on $procdff$5182 ($dff) from module IMG_FILTER (D = \G_LANE[10].G_PAIR[22].pprod, Q = \pair_q[272]).
Adding EN signal on $procdff$5183 ($dff) from module IMG_FILTER (D = \G_LANE[10].G_PAIR[21].pprod, Q = \pair_q[271]).
Adding EN signal on $procdff$5184 ($dff) from module IMG_FILTER (D = \G_LANE[10].G_PAIR[20].pprod, Q = \pair_q[270]).
Adding EN signal on $procdff$5185 ($dff) from module IMG_FILTER (D = \G_LANE[10].G_PAIR[19].pprod, Q = \pair_q[269]).
Adding EN signal on $procdff$5186 ($dff) from module IMG_FILTER (D = \G_LANE[10].G_PAIR[18].pprod, Q = \pair_q[268]).
Adding EN signal on $procdff$5187 ($dff) from module IMG_FILTER (D = \G_LANE[10].G_PAIR[17].pprod, Q = \pair_q[267]).
Adding EN signal on $procdff$5188 ($dff) from module IMG_FILTER (D = \G_LANE[10].G_PAIR[16].pprod, Q = \pair_q[266]).
Adding EN signal on $procdff$5189 ($dff) from module IMG_FILTER (D = \G_LANE[10].G_PAIR[15].pprod, Q = \pair_q[265]).
Adding EN signal on $procdff$5190 ($dff) from module IMG_FILTER (D = \G_LANE[10].G_PAIR[14].pprod, Q = \pair_q[264]).
Adding EN signal on $procdff$5191 ($dff) from module IMG_FILTER (D = \G_LANE[10].G_PAIR[13].pprod, Q = \pair_q[263]).
Adding EN signal on $procdff$5192 ($dff) from module IMG_FILTER (D = \G_LANE[10].G_PAIR[12].pprod, Q = \pair_q[262]).
Adding EN signal on $procdff$5193 ($dff) from module IMG_FILTER (D = \G_LANE[10].G_PAIR[11].pprod, Q = \pair_q[261]).
Adding EN signal on $procdff$5194 ($dff) from module IMG_FILTER (D = \G_LANE[10].G_PAIR[10].pprod, Q = \pair_q[260]).
Adding EN signal on $procdff$5195 ($dff) from module IMG_FILTER (D = \G_LANE[10].G_PAIR[9].pprod, Q = \pair_q[259]).
Adding EN signal on $procdff$5196 ($dff) from module IMG_FILTER (D = \G_LANE[10].G_PAIR[8].pprod, Q = \pair_q[258]).
Adding EN signal on $procdff$5197 ($dff) from module IMG_FILTER (D = \G_LANE[10].G_PAIR[7].pprod, Q = \pair_q[257]).
Adding EN signal on $procdff$5198 ($dff) from module IMG_FILTER (D = \G_LANE[10].G_PAIR[6].pprod, Q = \pair_q[256]).
Adding EN signal on $procdff$5199 ($dff) from module IMG_FILTER (D = \G_LANE[10].G_PAIR[5].pprod, Q = \pair_q[255]).
Adding EN signal on $procdff$5200 ($dff) from module IMG_FILTER (D = \G_LANE[10].G_PAIR[4].pprod, Q = \pair_q[254]).
Adding EN signal on $procdff$5201 ($dff) from module IMG_FILTER (D = \G_LANE[10].G_PAIR[3].pprod, Q = \pair_q[253]).
Adding EN signal on $procdff$5202 ($dff) from module IMG_FILTER (D = \G_LANE[10].G_PAIR[2].pprod, Q = \pair_q[252]).
Adding EN signal on $procdff$5203 ($dff) from module IMG_FILTER (D = \G_LANE[10].G_PAIR[1].pprod, Q = \pair_q[251]).
Adding EN signal on $procdff$5204 ($dff) from module IMG_FILTER (D = \G_LANE[10].G_PAIR[0].pprod, Q = \pair_q[250]).
Adding EN signal on $procdff$5205 ($dff) from module IMG_FILTER (D = \G_LANE[9].G_PART[4].psum5, Q = \part_q[49]).
Adding EN signal on $procdff$5206 ($dff) from module IMG_FILTER (D = \G_LANE[9].G_PART[3].psum5, Q = \part_q[48]).
Adding EN signal on $procdff$5207 ($dff) from module IMG_FILTER (D = \G_LANE[9].G_PART[2].psum5, Q = \part_q[47]).
Adding EN signal on $procdff$5208 ($dff) from module IMG_FILTER (D = \G_LANE[9].G_PART[1].psum5, Q = \part_q[46]).
Adding EN signal on $procdff$5209 ($dff) from module IMG_FILTER (D = \G_LANE[9].G_PART[0].psum5, Q = \part_q[45]).
Adding EN signal on $procdff$5210 ($dff) from module IMG_FILTER (D = \G_LANE[9].G_PAIR[24].pprod, Q = \pair_q[249]).
Adding EN signal on $procdff$5211 ($dff) from module IMG_FILTER (D = \G_LANE[9].G_PAIR[23].pprod, Q = \pair_q[248]).
Adding EN signal on $procdff$5212 ($dff) from module IMG_FILTER (D = \G_LANE[9].G_PAIR[22].pprod, Q = \pair_q[247]).
Adding EN signal on $procdff$5213 ($dff) from module IMG_FILTER (D = \G_LANE[9].G_PAIR[21].pprod, Q = \pair_q[246]).
Adding EN signal on $procdff$5214 ($dff) from module IMG_FILTER (D = \G_LANE[9].G_PAIR[20].pprod, Q = \pair_q[245]).
Adding EN signal on $procdff$5215 ($dff) from module IMG_FILTER (D = \G_LANE[9].G_PAIR[19].pprod, Q = \pair_q[244]).
Adding EN signal on $procdff$5216 ($dff) from module IMG_FILTER (D = \G_LANE[9].G_PAIR[18].pprod, Q = \pair_q[243]).
Adding EN signal on $procdff$5217 ($dff) from module IMG_FILTER (D = \G_LANE[9].G_PAIR[17].pprod, Q = \pair_q[242]).
Adding EN signal on $procdff$5218 ($dff) from module IMG_FILTER (D = \G_LANE[9].G_PAIR[16].pprod, Q = \pair_q[241]).
Adding EN signal on $procdff$5219 ($dff) from module IMG_FILTER (D = \G_LANE[9].G_PAIR[15].pprod, Q = \pair_q[240]).
Adding EN signal on $procdff$5220 ($dff) from module IMG_FILTER (D = \G_LANE[9].G_PAIR[14].pprod, Q = \pair_q[239]).
Adding EN signal on $procdff$5221 ($dff) from module IMG_FILTER (D = \G_LANE[9].G_PAIR[13].pprod, Q = \pair_q[238]).
Adding EN signal on $procdff$5222 ($dff) from module IMG_FILTER (D = \G_LANE[9].G_PAIR[12].pprod, Q = \pair_q[237]).
Adding EN signal on $procdff$5223 ($dff) from module IMG_FILTER (D = \G_LANE[9].G_PAIR[11].pprod, Q = \pair_q[236]).
Adding EN signal on $procdff$5224 ($dff) from module IMG_FILTER (D = \G_LANE[9].G_PAIR[10].pprod, Q = \pair_q[235]).
Adding EN signal on $procdff$5225 ($dff) from module IMG_FILTER (D = \G_LANE[9].G_PAIR[9].pprod, Q = \pair_q[234]).
Adding EN signal on $procdff$5226 ($dff) from module IMG_FILTER (D = \G_LANE[9].G_PAIR[8].pprod, Q = \pair_q[233]).
Adding EN signal on $procdff$5227 ($dff) from module IMG_FILTER (D = \G_LANE[9].G_PAIR[7].pprod, Q = \pair_q[232]).
Adding EN signal on $procdff$5228 ($dff) from module IMG_FILTER (D = \G_LANE[9].G_PAIR[6].pprod, Q = \pair_q[231]).
Adding EN signal on $procdff$5229 ($dff) from module IMG_FILTER (D = \G_LANE[9].G_PAIR[5].pprod, Q = \pair_q[230]).
Adding EN signal on $procdff$5230 ($dff) from module IMG_FILTER (D = \G_LANE[9].G_PAIR[4].pprod, Q = \pair_q[229]).
Adding EN signal on $procdff$5231 ($dff) from module IMG_FILTER (D = \G_LANE[9].G_PAIR[3].pprod, Q = \pair_q[228]).
Adding EN signal on $procdff$5232 ($dff) from module IMG_FILTER (D = \G_LANE[9].G_PAIR[2].pprod, Q = \pair_q[227]).
Adding EN signal on $procdff$5233 ($dff) from module IMG_FILTER (D = \G_LANE[9].G_PAIR[1].pprod, Q = \pair_q[226]).
Adding EN signal on $procdff$5234 ($dff) from module IMG_FILTER (D = \G_LANE[9].G_PAIR[0].pprod, Q = \pair_q[225]).
Adding EN signal on $procdff$5235 ($dff) from module IMG_FILTER (D = \G_LANE[8].G_PART[4].psum5, Q = \part_q[44]).
Adding EN signal on $procdff$5236 ($dff) from module IMG_FILTER (D = \G_LANE[8].G_PART[3].psum5, Q = \part_q[43]).
Adding EN signal on $procdff$5237 ($dff) from module IMG_FILTER (D = \G_LANE[8].G_PART[2].psum5, Q = \part_q[42]).
Adding EN signal on $procdff$5238 ($dff) from module IMG_FILTER (D = \G_LANE[8].G_PART[1].psum5, Q = \part_q[41]).
Adding EN signal on $procdff$5239 ($dff) from module IMG_FILTER (D = \G_LANE[8].G_PART[0].psum5, Q = \part_q[40]).
Adding EN signal on $procdff$5240 ($dff) from module IMG_FILTER (D = \G_LANE[8].G_PAIR[24].pprod, Q = \pair_q[224]).
Adding EN signal on $procdff$5241 ($dff) from module IMG_FILTER (D = \G_LANE[8].G_PAIR[23].pprod, Q = \pair_q[223]).
Adding EN signal on $procdff$5242 ($dff) from module IMG_FILTER (D = \G_LANE[8].G_PAIR[22].pprod, Q = \pair_q[222]).
Adding EN signal on $procdff$5243 ($dff) from module IMG_FILTER (D = \G_LANE[8].G_PAIR[21].pprod, Q = \pair_q[221]).
Adding EN signal on $procdff$5244 ($dff) from module IMG_FILTER (D = \G_LANE[8].G_PAIR[20].pprod, Q = \pair_q[220]).
Adding EN signal on $procdff$5245 ($dff) from module IMG_FILTER (D = \G_LANE[8].G_PAIR[19].pprod, Q = \pair_q[219]).
Adding EN signal on $procdff$5246 ($dff) from module IMG_FILTER (D = \G_LANE[8].G_PAIR[18].pprod, Q = \pair_q[218]).
Adding EN signal on $procdff$5247 ($dff) from module IMG_FILTER (D = \G_LANE[8].G_PAIR[17].pprod, Q = \pair_q[217]).
Adding EN signal on $procdff$5248 ($dff) from module IMG_FILTER (D = \G_LANE[8].G_PAIR[16].pprod, Q = \pair_q[216]).
Adding EN signal on $procdff$5249 ($dff) from module IMG_FILTER (D = \G_LANE[8].G_PAIR[15].pprod, Q = \pair_q[215]).
Adding EN signal on $procdff$5250 ($dff) from module IMG_FILTER (D = \G_LANE[8].G_PAIR[14].pprod, Q = \pair_q[214]).
Adding EN signal on $procdff$5251 ($dff) from module IMG_FILTER (D = \G_LANE[8].G_PAIR[13].pprod, Q = \pair_q[213]).
Adding EN signal on $procdff$5252 ($dff) from module IMG_FILTER (D = \G_LANE[8].G_PAIR[12].pprod, Q = \pair_q[212]).
Adding EN signal on $procdff$5253 ($dff) from module IMG_FILTER (D = \G_LANE[8].G_PAIR[11].pprod, Q = \pair_q[211]).
Adding EN signal on $procdff$5254 ($dff) from module IMG_FILTER (D = \G_LANE[8].G_PAIR[10].pprod, Q = \pair_q[210]).
Adding EN signal on $procdff$5255 ($dff) from module IMG_FILTER (D = \G_LANE[8].G_PAIR[9].pprod, Q = \pair_q[209]).
Adding EN signal on $procdff$5256 ($dff) from module IMG_FILTER (D = \G_LANE[8].G_PAIR[8].pprod, Q = \pair_q[208]).
Adding EN signal on $procdff$5257 ($dff) from module IMG_FILTER (D = \G_LANE[8].G_PAIR[7].pprod, Q = \pair_q[207]).
Adding EN signal on $procdff$5258 ($dff) from module IMG_FILTER (D = \G_LANE[8].G_PAIR[6].pprod, Q = \pair_q[206]).
Adding EN signal on $procdff$5259 ($dff) from module IMG_FILTER (D = \G_LANE[8].G_PAIR[5].pprod, Q = \pair_q[205]).
Adding EN signal on $procdff$5260 ($dff) from module IMG_FILTER (D = \G_LANE[8].G_PAIR[4].pprod, Q = \pair_q[204]).
Adding EN signal on $procdff$5261 ($dff) from module IMG_FILTER (D = \G_LANE[8].G_PAIR[3].pprod, Q = \pair_q[203]).
Adding EN signal on $procdff$5262 ($dff) from module IMG_FILTER (D = \G_LANE[8].G_PAIR[2].pprod, Q = \pair_q[202]).
Adding EN signal on $procdff$5263 ($dff) from module IMG_FILTER (D = \G_LANE[8].G_PAIR[1].pprod, Q = \pair_q[201]).
Adding EN signal on $procdff$5264 ($dff) from module IMG_FILTER (D = \G_LANE[8].G_PAIR[0].pprod, Q = \pair_q[200]).
Adding EN signal on $procdff$5265 ($dff) from module IMG_FILTER (D = \G_LANE[7].G_PART[4].psum5, Q = \part_q[39]).
Adding EN signal on $procdff$5266 ($dff) from module IMG_FILTER (D = \G_LANE[7].G_PART[3].psum5, Q = \part_q[38]).
Adding EN signal on $procdff$5267 ($dff) from module IMG_FILTER (D = \G_LANE[7].G_PART[2].psum5, Q = \part_q[37]).
Adding EN signal on $procdff$5268 ($dff) from module IMG_FILTER (D = \G_LANE[7].G_PART[1].psum5, Q = \part_q[36]).
Adding EN signal on $procdff$5269 ($dff) from module IMG_FILTER (D = \G_LANE[7].G_PART[0].psum5, Q = \part_q[35]).
Adding EN signal on $procdff$5270 ($dff) from module IMG_FILTER (D = \G_LANE[7].G_PAIR[24].pprod, Q = \pair_q[199]).
Adding EN signal on $procdff$5271 ($dff) from module IMG_FILTER (D = \G_LANE[7].G_PAIR[23].pprod, Q = \pair_q[198]).
Adding EN signal on $procdff$5272 ($dff) from module IMG_FILTER (D = \G_LANE[7].G_PAIR[22].pprod, Q = \pair_q[197]).
Adding EN signal on $procdff$5273 ($dff) from module IMG_FILTER (D = \G_LANE[7].G_PAIR[21].pprod, Q = \pair_q[196]).
Adding EN signal on $procdff$5274 ($dff) from module IMG_FILTER (D = \G_LANE[7].G_PAIR[20].pprod, Q = \pair_q[195]).
Adding EN signal on $procdff$5275 ($dff) from module IMG_FILTER (D = \G_LANE[7].G_PAIR[19].pprod, Q = \pair_q[194]).
Adding EN signal on $procdff$5276 ($dff) from module IMG_FILTER (D = \G_LANE[7].G_PAIR[18].pprod, Q = \pair_q[193]).
Adding EN signal on $procdff$5277 ($dff) from module IMG_FILTER (D = \G_LANE[7].G_PAIR[17].pprod, Q = \pair_q[192]).
Adding EN signal on $procdff$5278 ($dff) from module IMG_FILTER (D = \G_LANE[7].G_PAIR[16].pprod, Q = \pair_q[191]).
Adding EN signal on $procdff$5279 ($dff) from module IMG_FILTER (D = \G_LANE[7].G_PAIR[15].pprod, Q = \pair_q[190]).
Adding EN signal on $procdff$5280 ($dff) from module IMG_FILTER (D = \G_LANE[7].G_PAIR[14].pprod, Q = \pair_q[189]).
Adding EN signal on $procdff$5281 ($dff) from module IMG_FILTER (D = \G_LANE[7].G_PAIR[13].pprod, Q = \pair_q[188]).
Adding EN signal on $procdff$5282 ($dff) from module IMG_FILTER (D = \G_LANE[7].G_PAIR[12].pprod, Q = \pair_q[187]).
Adding EN signal on $procdff$5283 ($dff) from module IMG_FILTER (D = \G_LANE[7].G_PAIR[11].pprod, Q = \pair_q[186]).
Adding EN signal on $procdff$5284 ($dff) from module IMG_FILTER (D = \G_LANE[7].G_PAIR[10].pprod, Q = \pair_q[185]).
Adding EN signal on $procdff$5285 ($dff) from module IMG_FILTER (D = \G_LANE[7].G_PAIR[9].pprod, Q = \pair_q[184]).
Adding EN signal on $procdff$5286 ($dff) from module IMG_FILTER (D = \G_LANE[7].G_PAIR[8].pprod, Q = \pair_q[183]).
Adding EN signal on $procdff$5287 ($dff) from module IMG_FILTER (D = \G_LANE[7].G_PAIR[7].pprod, Q = \pair_q[182]).
Adding EN signal on $procdff$5288 ($dff) from module IMG_FILTER (D = \G_LANE[7].G_PAIR[6].pprod, Q = \pair_q[181]).
Adding EN signal on $procdff$5289 ($dff) from module IMG_FILTER (D = \G_LANE[7].G_PAIR[5].pprod, Q = \pair_q[180]).
Adding EN signal on $procdff$5290 ($dff) from module IMG_FILTER (D = \G_LANE[7].G_PAIR[4].pprod, Q = \pair_q[179]).
Adding EN signal on $procdff$5291 ($dff) from module IMG_FILTER (D = \G_LANE[7].G_PAIR[3].pprod, Q = \pair_q[178]).
Adding EN signal on $procdff$5292 ($dff) from module IMG_FILTER (D = \G_LANE[7].G_PAIR[2].pprod, Q = \pair_q[177]).
Adding EN signal on $procdff$5293 ($dff) from module IMG_FILTER (D = \G_LANE[7].G_PAIR[1].pprod, Q = \pair_q[176]).
Adding EN signal on $procdff$5294 ($dff) from module IMG_FILTER (D = \G_LANE[7].G_PAIR[0].pprod, Q = \pair_q[175]).
Adding EN signal on $procdff$5295 ($dff) from module IMG_FILTER (D = \G_LANE[6].G_PART[4].psum5, Q = \part_q[34]).
Adding EN signal on $procdff$5296 ($dff) from module IMG_FILTER (D = \G_LANE[6].G_PART[3].psum5, Q = \part_q[33]).
Adding EN signal on $procdff$5297 ($dff) from module IMG_FILTER (D = \G_LANE[6].G_PART[2].psum5, Q = \part_q[32]).
Adding EN signal on $procdff$5298 ($dff) from module IMG_FILTER (D = \G_LANE[6].G_PART[1].psum5, Q = \part_q[31]).
Adding EN signal on $procdff$5299 ($dff) from module IMG_FILTER (D = \G_LANE[6].G_PART[0].psum5, Q = \part_q[30]).
Adding EN signal on $procdff$5300 ($dff) from module IMG_FILTER (D = \G_LANE[6].G_PAIR[24].pprod, Q = \pair_q[174]).
Adding EN signal on $procdff$5301 ($dff) from module IMG_FILTER (D = \G_LANE[6].G_PAIR[23].pprod, Q = \pair_q[173]).
Adding EN signal on $procdff$5302 ($dff) from module IMG_FILTER (D = \G_LANE[6].G_PAIR[22].pprod, Q = \pair_q[172]).
Adding EN signal on $procdff$5303 ($dff) from module IMG_FILTER (D = \G_LANE[6].G_PAIR[21].pprod, Q = \pair_q[171]).
Adding EN signal on $procdff$5304 ($dff) from module IMG_FILTER (D = \G_LANE[6].G_PAIR[20].pprod, Q = \pair_q[170]).
Adding EN signal on $procdff$5305 ($dff) from module IMG_FILTER (D = \G_LANE[6].G_PAIR[19].pprod, Q = \pair_q[169]).
Adding EN signal on $procdff$5306 ($dff) from module IMG_FILTER (D = \G_LANE[6].G_PAIR[18].pprod, Q = \pair_q[168]).
Adding EN signal on $procdff$5307 ($dff) from module IMG_FILTER (D = \G_LANE[6].G_PAIR[17].pprod, Q = \pair_q[167]).
Adding EN signal on $procdff$5308 ($dff) from module IMG_FILTER (D = \G_LANE[6].G_PAIR[16].pprod, Q = \pair_q[166]).
Adding EN signal on $procdff$5309 ($dff) from module IMG_FILTER (D = \G_LANE[6].G_PAIR[15].pprod, Q = \pair_q[165]).
Adding EN signal on $procdff$5310 ($dff) from module IMG_FILTER (D = \G_LANE[6].G_PAIR[14].pprod, Q = \pair_q[164]).
Adding EN signal on $procdff$5311 ($dff) from module IMG_FILTER (D = \G_LANE[6].G_PAIR[13].pprod, Q = \pair_q[163]).
Adding EN signal on $procdff$5312 ($dff) from module IMG_FILTER (D = \G_LANE[6].G_PAIR[12].pprod, Q = \pair_q[162]).
Adding EN signal on $procdff$5313 ($dff) from module IMG_FILTER (D = \G_LANE[6].G_PAIR[11].pprod, Q = \pair_q[161]).
Adding EN signal on $procdff$5314 ($dff) from module IMG_FILTER (D = \G_LANE[6].G_PAIR[10].pprod, Q = \pair_q[160]).
Adding EN signal on $procdff$5315 ($dff) from module IMG_FILTER (D = \G_LANE[6].G_PAIR[9].pprod, Q = \pair_q[159]).
Adding EN signal on $procdff$5316 ($dff) from module IMG_FILTER (D = \G_LANE[6].G_PAIR[8].pprod, Q = \pair_q[158]).
Adding EN signal on $procdff$5317 ($dff) from module IMG_FILTER (D = \G_LANE[6].G_PAIR[7].pprod, Q = \pair_q[157]).
Adding EN signal on $procdff$5318 ($dff) from module IMG_FILTER (D = \G_LANE[6].G_PAIR[6].pprod, Q = \pair_q[156]).
Adding EN signal on $procdff$5319 ($dff) from module IMG_FILTER (D = \G_LANE[6].G_PAIR[5].pprod, Q = \pair_q[155]).
Adding EN signal on $procdff$5320 ($dff) from module IMG_FILTER (D = \G_LANE[6].G_PAIR[4].pprod, Q = \pair_q[154]).
Adding EN signal on $procdff$5321 ($dff) from module IMG_FILTER (D = \G_LANE[6].G_PAIR[3].pprod, Q = \pair_q[153]).
Adding EN signal on $procdff$5322 ($dff) from module IMG_FILTER (D = \G_LANE[6].G_PAIR[2].pprod, Q = \pair_q[152]).
Adding EN signal on $procdff$5323 ($dff) from module IMG_FILTER (D = \G_LANE[6].G_PAIR[1].pprod, Q = \pair_q[151]).
Adding EN signal on $procdff$5324 ($dff) from module IMG_FILTER (D = \G_LANE[6].G_PAIR[0].pprod, Q = \pair_q[150]).
Adding EN signal on $procdff$5325 ($dff) from module IMG_FILTER (D = \G_LANE[5].G_PART[4].psum5, Q = \part_q[29]).
Adding EN signal on $procdff$5326 ($dff) from module IMG_FILTER (D = \G_LANE[5].G_PART[3].psum5, Q = \part_q[28]).
Adding EN signal on $procdff$5327 ($dff) from module IMG_FILTER (D = \G_LANE[5].G_PART[2].psum5, Q = \part_q[27]).
Adding EN signal on $procdff$5328 ($dff) from module IMG_FILTER (D = \G_LANE[5].G_PART[1].psum5, Q = \part_q[26]).
Adding EN signal on $procdff$5329 ($dff) from module IMG_FILTER (D = \G_LANE[5].G_PART[0].psum5, Q = \part_q[25]).
Adding EN signal on $procdff$5330 ($dff) from module IMG_FILTER (D = \G_LANE[5].G_PAIR[24].pprod, Q = \pair_q[149]).
Adding EN signal on $procdff$5331 ($dff) from module IMG_FILTER (D = \G_LANE[5].G_PAIR[23].pprod, Q = \pair_q[148]).
Adding EN signal on $procdff$5332 ($dff) from module IMG_FILTER (D = \G_LANE[5].G_PAIR[22].pprod, Q = \pair_q[147]).
Adding EN signal on $procdff$5333 ($dff) from module IMG_FILTER (D = \G_LANE[5].G_PAIR[21].pprod, Q = \pair_q[146]).
Adding EN signal on $procdff$5334 ($dff) from module IMG_FILTER (D = \G_LANE[5].G_PAIR[20].pprod, Q = \pair_q[145]).
Adding EN signal on $procdff$5335 ($dff) from module IMG_FILTER (D = \G_LANE[5].G_PAIR[19].pprod, Q = \pair_q[144]).
Adding EN signal on $procdff$5336 ($dff) from module IMG_FILTER (D = \G_LANE[5].G_PAIR[18].pprod, Q = \pair_q[143]).
Adding EN signal on $procdff$5337 ($dff) from module IMG_FILTER (D = \G_LANE[5].G_PAIR[17].pprod, Q = \pair_q[142]).
Adding EN signal on $procdff$5338 ($dff) from module IMG_FILTER (D = \G_LANE[5].G_PAIR[16].pprod, Q = \pair_q[141]).
Adding EN signal on $procdff$5339 ($dff) from module IMG_FILTER (D = \G_LANE[5].G_PAIR[15].pprod, Q = \pair_q[140]).
Adding EN signal on $procdff$5340 ($dff) from module IMG_FILTER (D = \G_LANE[5].G_PAIR[14].pprod, Q = \pair_q[139]).
Adding EN signal on $procdff$5341 ($dff) from module IMG_FILTER (D = \G_LANE[5].G_PAIR[13].pprod, Q = \pair_q[138]).
Adding EN signal on $procdff$5342 ($dff) from module IMG_FILTER (D = \G_LANE[5].G_PAIR[12].pprod, Q = \pair_q[137]).
Adding EN signal on $procdff$5343 ($dff) from module IMG_FILTER (D = \G_LANE[5].G_PAIR[11].pprod, Q = \pair_q[136]).
Adding EN signal on $procdff$5344 ($dff) from module IMG_FILTER (D = \G_LANE[5].G_PAIR[10].pprod, Q = \pair_q[135]).
Adding EN signal on $procdff$5345 ($dff) from module IMG_FILTER (D = \G_LANE[5].G_PAIR[9].pprod, Q = \pair_q[134]).
Adding EN signal on $procdff$5346 ($dff) from module IMG_FILTER (D = \G_LANE[5].G_PAIR[8].pprod, Q = \pair_q[133]).
Adding EN signal on $procdff$5347 ($dff) from module IMG_FILTER (D = \G_LANE[5].G_PAIR[7].pprod, Q = \pair_q[132]).
Adding EN signal on $procdff$5348 ($dff) from module IMG_FILTER (D = \G_LANE[5].G_PAIR[6].pprod, Q = \pair_q[131]).
Adding EN signal on $procdff$5349 ($dff) from module IMG_FILTER (D = \G_LANE[5].G_PAIR[5].pprod, Q = \pair_q[130]).
Adding EN signal on $procdff$5350 ($dff) from module IMG_FILTER (D = \G_LANE[5].G_PAIR[4].pprod, Q = \pair_q[129]).
Adding EN signal on $procdff$5351 ($dff) from module IMG_FILTER (D = \G_LANE[5].G_PAIR[3].pprod, Q = \pair_q[128]).
Adding EN signal on $procdff$5352 ($dff) from module IMG_FILTER (D = \G_LANE[5].G_PAIR[2].pprod, Q = \pair_q[127]).
Adding EN signal on $procdff$5353 ($dff) from module IMG_FILTER (D = \G_LANE[5].G_PAIR[1].pprod, Q = \pair_q[126]).
Adding EN signal on $procdff$5354 ($dff) from module IMG_FILTER (D = \G_LANE[5].G_PAIR[0].pprod, Q = \pair_q[125]).
Adding EN signal on $procdff$5355 ($dff) from module IMG_FILTER (D = \G_LANE[4].G_PART[4].psum5, Q = \part_q[24]).
Adding EN signal on $procdff$5356 ($dff) from module IMG_FILTER (D = \G_LANE[4].G_PART[3].psum5, Q = \part_q[23]).
Adding EN signal on $procdff$5357 ($dff) from module IMG_FILTER (D = \G_LANE[4].G_PART[2].psum5, Q = \part_q[22]).
Adding EN signal on $procdff$5358 ($dff) from module IMG_FILTER (D = \G_LANE[4].G_PART[1].psum5, Q = \part_q[21]).
Adding EN signal on $procdff$5359 ($dff) from module IMG_FILTER (D = \G_LANE[4].G_PART[0].psum5, Q = \part_q[20]).
Adding EN signal on $procdff$5360 ($dff) from module IMG_FILTER (D = \G_LANE[4].G_PAIR[24].pprod, Q = \pair_q[124]).
Adding EN signal on $procdff$5361 ($dff) from module IMG_FILTER (D = \G_LANE[4].G_PAIR[23].pprod, Q = \pair_q[123]).
Adding EN signal on $procdff$5362 ($dff) from module IMG_FILTER (D = \G_LANE[4].G_PAIR[22].pprod, Q = \pair_q[122]).
Adding EN signal on $procdff$5363 ($dff) from module IMG_FILTER (D = \G_LANE[4].G_PAIR[21].pprod, Q = \pair_q[121]).
Adding EN signal on $procdff$5364 ($dff) from module IMG_FILTER (D = \G_LANE[4].G_PAIR[20].pprod, Q = \pair_q[120]).
Adding EN signal on $procdff$5365 ($dff) from module IMG_FILTER (D = \G_LANE[4].G_PAIR[19].pprod, Q = \pair_q[119]).
Adding EN signal on $procdff$5366 ($dff) from module IMG_FILTER (D = \G_LANE[4].G_PAIR[18].pprod, Q = \pair_q[118]).
Adding EN signal on $procdff$5367 ($dff) from module IMG_FILTER (D = \G_LANE[4].G_PAIR[17].pprod, Q = \pair_q[117]).
Adding EN signal on $procdff$5368 ($dff) from module IMG_FILTER (D = \G_LANE[4].G_PAIR[16].pprod, Q = \pair_q[116]).
Adding EN signal on $procdff$5369 ($dff) from module IMG_FILTER (D = \G_LANE[4].G_PAIR[15].pprod, Q = \pair_q[115]).
Adding EN signal on $procdff$5370 ($dff) from module IMG_FILTER (D = \G_LANE[4].G_PAIR[14].pprod, Q = \pair_q[114]).
Adding EN signal on $procdff$5371 ($dff) from module IMG_FILTER (D = \G_LANE[4].G_PAIR[13].pprod, Q = \pair_q[113]).
Adding EN signal on $procdff$5372 ($dff) from module IMG_FILTER (D = \G_LANE[4].G_PAIR[12].pprod, Q = \pair_q[112]).
Adding EN signal on $procdff$5373 ($dff) from module IMG_FILTER (D = \G_LANE[4].G_PAIR[11].pprod, Q = \pair_q[111]).
Adding EN signal on $procdff$5374 ($dff) from module IMG_FILTER (D = \G_LANE[4].G_PAIR[10].pprod, Q = \pair_q[110]).
Adding EN signal on $procdff$5375 ($dff) from module IMG_FILTER (D = \G_LANE[4].G_PAIR[9].pprod, Q = \pair_q[109]).
Adding EN signal on $procdff$5376 ($dff) from module IMG_FILTER (D = \G_LANE[4].G_PAIR[8].pprod, Q = \pair_q[108]).
Adding EN signal on $procdff$5377 ($dff) from module IMG_FILTER (D = \G_LANE[4].G_PAIR[7].pprod, Q = \pair_q[107]).
Adding EN signal on $procdff$5378 ($dff) from module IMG_FILTER (D = \G_LANE[4].G_PAIR[6].pprod, Q = \pair_q[106]).
Adding EN signal on $procdff$5379 ($dff) from module IMG_FILTER (D = \G_LANE[4].G_PAIR[5].pprod, Q = \pair_q[105]).
Adding EN signal on $procdff$5380 ($dff) from module IMG_FILTER (D = \G_LANE[4].G_PAIR[4].pprod, Q = \pair_q[104]).
Adding EN signal on $procdff$5381 ($dff) from module IMG_FILTER (D = \G_LANE[4].G_PAIR[3].pprod, Q = \pair_q[103]).
Adding EN signal on $procdff$5382 ($dff) from module IMG_FILTER (D = \G_LANE[4].G_PAIR[2].pprod, Q = \pair_q[102]).
Adding EN signal on $procdff$5383 ($dff) from module IMG_FILTER (D = \G_LANE[4].G_PAIR[1].pprod, Q = \pair_q[101]).
Adding EN signal on $procdff$5384 ($dff) from module IMG_FILTER (D = \G_LANE[4].G_PAIR[0].pprod, Q = \pair_q[100]).
Adding EN signal on $procdff$5385 ($dff) from module IMG_FILTER (D = \G_LANE[3].G_PART[4].psum5, Q = \part_q[19]).
Adding EN signal on $procdff$5386 ($dff) from module IMG_FILTER (D = \G_LANE[3].G_PART[3].psum5, Q = \part_q[18]).
Adding EN signal on $procdff$5387 ($dff) from module IMG_FILTER (D = \G_LANE[3].G_PART[2].psum5, Q = \part_q[17]).
Adding EN signal on $procdff$5388 ($dff) from module IMG_FILTER (D = \G_LANE[3].G_PART[1].psum5, Q = \part_q[16]).
Adding EN signal on $procdff$5389 ($dff) from module IMG_FILTER (D = \G_LANE[3].G_PART[0].psum5, Q = \part_q[15]).
Adding EN signal on $procdff$5390 ($dff) from module IMG_FILTER (D = \G_LANE[3].G_PAIR[24].pprod, Q = \pair_q[99]).
Adding EN signal on $procdff$5391 ($dff) from module IMG_FILTER (D = \G_LANE[3].G_PAIR[23].pprod, Q = \pair_q[98]).
Adding EN signal on $procdff$5392 ($dff) from module IMG_FILTER (D = \G_LANE[3].G_PAIR[22].pprod, Q = \pair_q[97]).
Adding EN signal on $procdff$5393 ($dff) from module IMG_FILTER (D = \G_LANE[3].G_PAIR[21].pprod, Q = \pair_q[96]).
Adding EN signal on $procdff$5394 ($dff) from module IMG_FILTER (D = \G_LANE[3].G_PAIR[20].pprod, Q = \pair_q[95]).
Adding EN signal on $procdff$5395 ($dff) from module IMG_FILTER (D = \G_LANE[3].G_PAIR[19].pprod, Q = \pair_q[94]).
Adding EN signal on $procdff$5396 ($dff) from module IMG_FILTER (D = \G_LANE[3].G_PAIR[18].pprod, Q = \pair_q[93]).
Adding EN signal on $procdff$5397 ($dff) from module IMG_FILTER (D = \G_LANE[3].G_PAIR[17].pprod, Q = \pair_q[92]).
Adding EN signal on $procdff$5398 ($dff) from module IMG_FILTER (D = \G_LANE[3].G_PAIR[16].pprod, Q = \pair_q[91]).
Adding EN signal on $procdff$5399 ($dff) from module IMG_FILTER (D = \G_LANE[3].G_PAIR[15].pprod, Q = \pair_q[90]).
Adding EN signal on $procdff$5400 ($dff) from module IMG_FILTER (D = \G_LANE[3].G_PAIR[14].pprod, Q = \pair_q[89]).
Adding EN signal on $procdff$5401 ($dff) from module IMG_FILTER (D = \G_LANE[3].G_PAIR[13].pprod, Q = \pair_q[88]).
Adding EN signal on $procdff$5402 ($dff) from module IMG_FILTER (D = \G_LANE[3].G_PAIR[12].pprod, Q = \pair_q[87]).
Adding EN signal on $procdff$5403 ($dff) from module IMG_FILTER (D = \G_LANE[3].G_PAIR[11].pprod, Q = \pair_q[86]).
Adding EN signal on $procdff$5404 ($dff) from module IMG_FILTER (D = \G_LANE[3].G_PAIR[10].pprod, Q = \pair_q[85]).
Adding EN signal on $procdff$5405 ($dff) from module IMG_FILTER (D = \G_LANE[3].G_PAIR[9].pprod, Q = \pair_q[84]).
Adding EN signal on $procdff$5406 ($dff) from module IMG_FILTER (D = \G_LANE[3].G_PAIR[8].pprod, Q = \pair_q[83]).
Adding EN signal on $procdff$5407 ($dff) from module IMG_FILTER (D = \G_LANE[3].G_PAIR[7].pprod, Q = \pair_q[82]).
Adding EN signal on $procdff$5408 ($dff) from module IMG_FILTER (D = \G_LANE[3].G_PAIR[6].pprod, Q = \pair_q[81]).
Adding EN signal on $procdff$5409 ($dff) from module IMG_FILTER (D = \G_LANE[3].G_PAIR[5].pprod, Q = \pair_q[80]).
Adding EN signal on $procdff$5410 ($dff) from module IMG_FILTER (D = \G_LANE[3].G_PAIR[4].pprod, Q = \pair_q[79]).
Adding EN signal on $procdff$5411 ($dff) from module IMG_FILTER (D = \G_LANE[3].G_PAIR[3].pprod, Q = \pair_q[78]).
Adding EN signal on $procdff$5412 ($dff) from module IMG_FILTER (D = \G_LANE[3].G_PAIR[2].pprod, Q = \pair_q[77]).
Adding EN signal on $procdff$5413 ($dff) from module IMG_FILTER (D = \G_LANE[3].G_PAIR[1].pprod, Q = \pair_q[76]).
Adding EN signal on $procdff$5414 ($dff) from module IMG_FILTER (D = \G_LANE[3].G_PAIR[0].pprod, Q = \pair_q[75]).
Adding EN signal on $procdff$5415 ($dff) from module IMG_FILTER (D = \G_LANE[2].G_PART[4].psum5, Q = \part_q[14]).
Adding EN signal on $procdff$5416 ($dff) from module IMG_FILTER (D = \G_LANE[2].G_PART[3].psum5, Q = \part_q[13]).
Adding EN signal on $procdff$5417 ($dff) from module IMG_FILTER (D = \G_LANE[2].G_PART[2].psum5, Q = \part_q[12]).
Adding EN signal on $procdff$5418 ($dff) from module IMG_FILTER (D = \G_LANE[2].G_PART[1].psum5, Q = \part_q[11]).
Adding EN signal on $procdff$5419 ($dff) from module IMG_FILTER (D = \G_LANE[2].G_PART[0].psum5, Q = \part_q[10]).
Adding EN signal on $procdff$5420 ($dff) from module IMG_FILTER (D = \G_LANE[2].G_PAIR[24].pprod, Q = \pair_q[74]).
Adding EN signal on $procdff$5421 ($dff) from module IMG_FILTER (D = \G_LANE[2].G_PAIR[23].pprod, Q = \pair_q[73]).
Adding EN signal on $procdff$5422 ($dff) from module IMG_FILTER (D = \G_LANE[2].G_PAIR[22].pprod, Q = \pair_q[72]).
Adding EN signal on $procdff$5423 ($dff) from module IMG_FILTER (D = \G_LANE[2].G_PAIR[21].pprod, Q = \pair_q[71]).
Adding EN signal on $procdff$5424 ($dff) from module IMG_FILTER (D = \G_LANE[2].G_PAIR[20].pprod, Q = \pair_q[70]).
Adding EN signal on $procdff$5425 ($dff) from module IMG_FILTER (D = \G_LANE[2].G_PAIR[19].pprod, Q = \pair_q[69]).
Adding EN signal on $procdff$5426 ($dff) from module IMG_FILTER (D = \G_LANE[2].G_PAIR[18].pprod, Q = \pair_q[68]).
Adding EN signal on $procdff$5427 ($dff) from module IMG_FILTER (D = \G_LANE[2].G_PAIR[17].pprod, Q = \pair_q[67]).
Adding EN signal on $procdff$5428 ($dff) from module IMG_FILTER (D = \G_LANE[2].G_PAIR[16].pprod, Q = \pair_q[66]).
Adding EN signal on $procdff$5429 ($dff) from module IMG_FILTER (D = \G_LANE[2].G_PAIR[15].pprod, Q = \pair_q[65]).
Adding EN signal on $procdff$5430 ($dff) from module IMG_FILTER (D = \G_LANE[2].G_PAIR[14].pprod, Q = \pair_q[64]).
Adding EN signal on $procdff$5431 ($dff) from module IMG_FILTER (D = \G_LANE[2].G_PAIR[13].pprod, Q = \pair_q[63]).
Adding EN signal on $procdff$5432 ($dff) from module IMG_FILTER (D = \G_LANE[2].G_PAIR[12].pprod, Q = \pair_q[62]).
Adding EN signal on $procdff$5433 ($dff) from module IMG_FILTER (D = \G_LANE[2].G_PAIR[11].pprod, Q = \pair_q[61]).
Adding EN signal on $procdff$5434 ($dff) from module IMG_FILTER (D = \G_LANE[2].G_PAIR[10].pprod, Q = \pair_q[60]).
Adding EN signal on $procdff$5435 ($dff) from module IMG_FILTER (D = \G_LANE[2].G_PAIR[9].pprod, Q = \pair_q[59]).
Adding EN signal on $procdff$5436 ($dff) from module IMG_FILTER (D = \G_LANE[2].G_PAIR[8].pprod, Q = \pair_q[58]).
Adding EN signal on $procdff$5437 ($dff) from module IMG_FILTER (D = \G_LANE[2].G_PAIR[7].pprod, Q = \pair_q[57]).
Adding EN signal on $procdff$5438 ($dff) from module IMG_FILTER (D = \G_LANE[2].G_PAIR[6].pprod, Q = \pair_q[56]).
Adding EN signal on $procdff$5439 ($dff) from module IMG_FILTER (D = \G_LANE[2].G_PAIR[5].pprod, Q = \pair_q[55]).
Adding EN signal on $procdff$5440 ($dff) from module IMG_FILTER (D = \G_LANE[2].G_PAIR[4].pprod, Q = \pair_q[54]).
Adding EN signal on $procdff$5441 ($dff) from module IMG_FILTER (D = \G_LANE[2].G_PAIR[3].pprod, Q = \pair_q[53]).
Adding EN signal on $procdff$5442 ($dff) from module IMG_FILTER (D = \G_LANE[2].G_PAIR[2].pprod, Q = \pair_q[52]).
Adding EN signal on $procdff$5443 ($dff) from module IMG_FILTER (D = \G_LANE[2].G_PAIR[1].pprod, Q = \pair_q[51]).
Adding EN signal on $procdff$5444 ($dff) from module IMG_FILTER (D = \G_LANE[2].G_PAIR[0].pprod, Q = \pair_q[50]).
Adding EN signal on $procdff$5445 ($dff) from module IMG_FILTER (D = \G_LANE[1].G_PART[4].psum5, Q = \part_q[9]).
Adding EN signal on $procdff$5446 ($dff) from module IMG_FILTER (D = \G_LANE[1].G_PART[3].psum5, Q = \part_q[8]).
Adding EN signal on $procdff$5447 ($dff) from module IMG_FILTER (D = \G_LANE[1].G_PART[2].psum5, Q = \part_q[7]).
Adding EN signal on $procdff$5448 ($dff) from module IMG_FILTER (D = \G_LANE[1].G_PART[1].psum5, Q = \part_q[6]).
Adding EN signal on $procdff$5449 ($dff) from module IMG_FILTER (D = \G_LANE[1].G_PART[0].psum5, Q = \part_q[5]).
Adding EN signal on $procdff$5450 ($dff) from module IMG_FILTER (D = \G_LANE[1].G_PAIR[24].pprod, Q = \pair_q[49]).
Adding EN signal on $procdff$5451 ($dff) from module IMG_FILTER (D = \G_LANE[1].G_PAIR[23].pprod, Q = \pair_q[48]).
Adding EN signal on $procdff$5452 ($dff) from module IMG_FILTER (D = \G_LANE[1].G_PAIR[22].pprod, Q = \pair_q[47]).
Adding EN signal on $procdff$5453 ($dff) from module IMG_FILTER (D = \G_LANE[1].G_PAIR[21].pprod, Q = \pair_q[46]).
Adding EN signal on $procdff$5454 ($dff) from module IMG_FILTER (D = \G_LANE[1].G_PAIR[20].pprod, Q = \pair_q[45]).
Adding EN signal on $procdff$5455 ($dff) from module IMG_FILTER (D = \G_LANE[1].G_PAIR[19].pprod, Q = \pair_q[44]).
Adding EN signal on $procdff$5456 ($dff) from module IMG_FILTER (D = \G_LANE[1].G_PAIR[18].pprod, Q = \pair_q[43]).
Adding EN signal on $procdff$5457 ($dff) from module IMG_FILTER (D = \G_LANE[1].G_PAIR[17].pprod, Q = \pair_q[42]).
Adding EN signal on $procdff$5458 ($dff) from module IMG_FILTER (D = \G_LANE[1].G_PAIR[16].pprod, Q = \pair_q[41]).
Adding EN signal on $procdff$5459 ($dff) from module IMG_FILTER (D = \G_LANE[1].G_PAIR[15].pprod, Q = \pair_q[40]).
Adding EN signal on $procdff$5460 ($dff) from module IMG_FILTER (D = \G_LANE[1].G_PAIR[14].pprod, Q = \pair_q[39]).
Adding EN signal on $procdff$5461 ($dff) from module IMG_FILTER (D = \G_LANE[1].G_PAIR[13].pprod, Q = \pair_q[38]).
Adding EN signal on $procdff$5462 ($dff) from module IMG_FILTER (D = \G_LANE[1].G_PAIR[12].pprod, Q = \pair_q[37]).
Adding EN signal on $procdff$5463 ($dff) from module IMG_FILTER (D = \G_LANE[1].G_PAIR[11].pprod, Q = \pair_q[36]).
Adding EN signal on $procdff$5464 ($dff) from module IMG_FILTER (D = \G_LANE[1].G_PAIR[10].pprod, Q = \pair_q[35]).
Adding EN signal on $procdff$5465 ($dff) from module IMG_FILTER (D = \G_LANE[1].G_PAIR[9].pprod, Q = \pair_q[34]).
Adding EN signal on $procdff$5466 ($dff) from module IMG_FILTER (D = \G_LANE[1].G_PAIR[8].pprod, Q = \pair_q[33]).
Adding EN signal on $procdff$5467 ($dff) from module IMG_FILTER (D = \G_LANE[1].G_PAIR[7].pprod, Q = \pair_q[32]).
Adding EN signal on $procdff$5468 ($dff) from module IMG_FILTER (D = \G_LANE[1].G_PAIR[6].pprod, Q = \pair_q[31]).
Adding EN signal on $procdff$5469 ($dff) from module IMG_FILTER (D = \G_LANE[1].G_PAIR[5].pprod, Q = \pair_q[30]).
Adding EN signal on $procdff$5470 ($dff) from module IMG_FILTER (D = \G_LANE[1].G_PAIR[4].pprod, Q = \pair_q[29]).
Adding EN signal on $procdff$5471 ($dff) from module IMG_FILTER (D = \G_LANE[1].G_PAIR[3].pprod, Q = \pair_q[28]).
Adding EN signal on $procdff$5472 ($dff) from module IMG_FILTER (D = \G_LANE[1].G_PAIR[2].pprod, Q = \pair_q[27]).
Adding EN signal on $procdff$5473 ($dff) from module IMG_FILTER (D = \G_LANE[1].G_PAIR[1].pprod, Q = \pair_q[26]).
Adding EN signal on $procdff$5474 ($dff) from module IMG_FILTER (D = \G_LANE[1].G_PAIR[0].pprod, Q = \pair_q[25]).
Adding EN signal on $procdff$5475 ($dff) from module IMG_FILTER (D = \G_LANE[0].G_PART[4].psum5, Q = \part_q[4]).
Adding EN signal on $procdff$5476 ($dff) from module IMG_FILTER (D = \G_LANE[0].G_PART[3].psum5, Q = \part_q[3]).
Adding EN signal on $procdff$5477 ($dff) from module IMG_FILTER (D = \G_LANE[0].G_PART[2].psum5, Q = \part_q[2]).
Adding EN signal on $procdff$5478 ($dff) from module IMG_FILTER (D = \G_LANE[0].G_PART[1].psum5, Q = \part_q[1]).
Adding EN signal on $procdff$5479 ($dff) from module IMG_FILTER (D = \G_LANE[0].G_PART[0].psum5, Q = \part_q[0]).
Adding EN signal on $procdff$5480 ($dff) from module IMG_FILTER (D = \G_LANE[0].G_PAIR[24].pprod, Q = \pair_q[24]).
Adding EN signal on $procdff$5481 ($dff) from module IMG_FILTER (D = \G_LANE[0].G_PAIR[23].pprod, Q = \pair_q[23]).
Adding EN signal on $procdff$5482 ($dff) from module IMG_FILTER (D = \G_LANE[0].G_PAIR[22].pprod, Q = \pair_q[22]).
Adding EN signal on $procdff$5483 ($dff) from module IMG_FILTER (D = \G_LANE[0].G_PAIR[21].pprod, Q = \pair_q[21]).
Adding EN signal on $procdff$5484 ($dff) from module IMG_FILTER (D = \G_LANE[0].G_PAIR[20].pprod, Q = \pair_q[20]).
Adding EN signal on $procdff$5485 ($dff) from module IMG_FILTER (D = \G_LANE[0].G_PAIR[19].pprod, Q = \pair_q[19]).
Adding EN signal on $procdff$5486 ($dff) from module IMG_FILTER (D = \G_LANE[0].G_PAIR[18].pprod, Q = \pair_q[18]).
Adding EN signal on $procdff$5487 ($dff) from module IMG_FILTER (D = \G_LANE[0].G_PAIR[17].pprod, Q = \pair_q[17]).
Adding EN signal on $procdff$5488 ($dff) from module IMG_FILTER (D = \G_LANE[0].G_PAIR[16].pprod, Q = \pair_q[16]).
Adding EN signal on $procdff$5489 ($dff) from module IMG_FILTER (D = \G_LANE[0].G_PAIR[15].pprod, Q = \pair_q[15]).
Adding EN signal on $procdff$5490 ($dff) from module IMG_FILTER (D = \G_LANE[0].G_PAIR[14].pprod, Q = \pair_q[14]).
Adding EN signal on $procdff$5491 ($dff) from module IMG_FILTER (D = \G_LANE[0].G_PAIR[13].pprod, Q = \pair_q[13]).
Adding EN signal on $procdff$5492 ($dff) from module IMG_FILTER (D = \G_LANE[0].G_PAIR[12].pprod, Q = \pair_q[12]).
Adding EN signal on $procdff$5493 ($dff) from module IMG_FILTER (D = \G_LANE[0].G_PAIR[11].pprod, Q = \pair_q[11]).
Adding EN signal on $procdff$5494 ($dff) from module IMG_FILTER (D = \G_LANE[0].G_PAIR[10].pprod, Q = \pair_q[10]).
Adding EN signal on $procdff$5495 ($dff) from module IMG_FILTER (D = \G_LANE[0].G_PAIR[9].pprod, Q = \pair_q[9]).
Adding EN signal on $procdff$5793 ($adff) from module IMG_FILTER (D = $ternary$rtl/img_filter.v:191$164_Y, Q = \a_sym[22]).
Adding SRST signal on $procdff$5638 ($dff) from module IMG_FILTER (D = \coef_q [7:0], Q = \cbp_mid_q, rval = 8'00000000).
Adding EN signal on $procdff$5519 ($adff) from module IMG_FILTER (D = $0\out_v_q[0:0], Q = \out_v_q).
Adding EN signal on $procdff$5627 ($dff) from module IMG_FILTER (D = \ce_fut, Q = \ce_cur).
Adding EN signal on $procdff$5568 ($adff) from module IMG_FILTER (D = $ternary$rtl/img_filter.v:515$290_Y, Q = \m_ce).
Adding EN signal on $procdff$5514 ($adff) from module IMG_FILTER (D = \result, Q = \oskid_d).
Adding EN signal on $procdff$5728 ($adff) from module IMG_FILTER (D = $ternary$rtl/img_filter.v:191$86_Y, Q = \a_sym[9]).
Adding EN signal on $procdff$5556 ($adff) from module IMG_FILTER (D = \out_d2, Q = \out_d3).
Adding EN signal on $procdff$5509 ($adff) from module IMG_FILTER (D = $ternary$rtl/img_filter.v:676$317_Y, Q = \out_pix_data).
Adding EN signal on $procdff$5813 ($adff) from module IMG_FILTER (D = \img_width [10:2], Q = \nbm1_q).
Adding EN signal on $procdff$5588 ($adff) from module IMG_FILTER (D = $ternary$rtl/img_filter.v:496$285_Y, Q = \in_data_q).
Adding EN signal on $procdff$5504 ($dff) from module IMG_FILTER (D = \G_LANE[0].G_PAIR[0].pprod, Q = \pair_q[0]).
Adding EN signal on $procdff$5503 ($dff) from module IMG_FILTER (D = \G_LANE[0].G_PAIR[1].pprod, Q = \pair_q[1]).
Adding EN signal on $procdff$5502 ($dff) from module IMG_FILTER (D = \G_LANE[0].G_PAIR[2].pprod, Q = \pair_q[2]).
Adding EN signal on $procdff$5501 ($dff) from module IMG_FILTER (D = \G_LANE[0].G_PAIR[3].pprod, Q = \pair_q[3]).
Adding EN signal on $procdff$5500 ($dff) from module IMG_FILTER (D = \G_LANE[0].G_PAIR[4].pprod, Q = \pair_q[4]).
Adding EN signal on $procdff$5499 ($dff) from module IMG_FILTER (D = \G_LANE[0].G_PAIR[5].pprod, Q = \pair_q[5]).
Adding EN signal on $procdff$5498 ($dff) from module IMG_FILTER (D = \G_LANE[0].G_PAIR[6].pprod, Q = \pair_q[6]).
Adding EN signal on $procdff$5497 ($dff) from module IMG_FILTER (D = \G_LANE[0].G_PAIR[7].pprod, Q = \pair_q[7]).
Adding EN signal on $procdff$5733 ($adff) from module IMG_FILTER (D = $ternary$rtl/img_filter.v:191$92_Y, Q = \a_sym[10]).

9.7. Executing OPT_CLEAN pass (remove unused cells and wires).
Finding unused cells or wires in module \IMG_FILTER..
Removed 542 unused cells and 1100 unused wires.
<suppressed ~544 debug messages>

9.8. Executing OPT_EXPR pass (perform const folding).
Optimizing module IMG_FILTER.
<suppressed ~19 debug messages>

9.9. Rerunning OPT passes. (Maybe there is more to do..)

9.10. Executing OPT_MUXTREE pass (detect dead branches in mux trees).
Running muxtree optimizer on module \IMG_FILTER..
  Creating internal representation of mux trees.
  Evaluating internal representation of mux trees.
  Analyzing evaluation results.
Removed 0 multiplexer ports.
<suppressed ~2802 debug messages>

9.11. Executing OPT_REDUCE pass (consolidate $*mux and $reduce_* inputs).
  Optimizing cells in module \IMG_FILTER.
Performed a total of 0 changes.

9.12. Executing OPT_MERGE pass (detect identical cells).
Finding identical cells in module `\IMG_FILTER'.
Computing hashes of 3258 cells of `\IMG_FILTER'.
Finding duplicate cells in `\IMG_FILTER'.
Computing hashes of 3247 cells of `\IMG_FILTER'.
Finding duplicate cells in `\IMG_FILTER'.
Computing hashes of 3245 cells of `\IMG_FILTER'.
Finding duplicate cells in `\IMG_FILTER'.
<suppressed ~39 debug messages>
Removed a total of 13 cells.

9.13. Executing OPT_DFF pass (perform DFF optimizations).

9.14. Executing OPT_CLEAN pass (remove unused cells and wires).
Finding unused cells or wires in module \IMG_FILTER..
Removed 0 unused cells and 13 unused wires.
<suppressed ~1 debug messages>

9.15. Executing OPT_EXPR pass (perform const folding).
Optimizing module IMG_FILTER.

9.16. Rerunning OPT passes. (Maybe there is more to do..)

9.17. Executing OPT_MUXTREE pass (detect dead branches in mux trees).
Running muxtree optimizer on module \IMG_FILTER..
  Creating internal representation of mux trees.
  Evaluating internal representation of mux trees.
  Analyzing evaluation results.
Removed 0 multiplexer ports.
<suppressed ~2802 debug messages>

9.18. Executing OPT_REDUCE pass (consolidate $*mux and $reduce_* inputs).
  Optimizing cells in module \IMG_FILTER.
Performed a total of 0 changes.

9.19. Executing OPT_MERGE pass (detect identical cells).
Finding identical cells in module `\IMG_FILTER'.
Computing hashes of 3245 cells of `\IMG_FILTER'.
Finding duplicate cells in `\IMG_FILTER'.
Removed a total of 0 cells.

9.20. Executing OPT_DFF pass (perform DFF optimizations).

9.21. Executing OPT_CLEAN pass (remove unused cells and wires).
Finding unused cells or wires in module \IMG_FILTER..

9.22. Executing OPT_EXPR pass (perform const folding).
Optimizing module IMG_FILTER.

9.23. Finished fast OPT passes. (There is nothing left to do.)

10. Executing MEMORY pass.

10.1. Executing OPT_MEM pass (optimize memories).
Performed a total of 0 transformations.

10.2. Executing OPT_MEM_PRIORITY pass (removing unnecessary memory write priority relations).
Performed a total of 0 transformations.

10.3. Executing OPT_MEM_FEEDBACK pass (finding memory read-to-write feedback paths).

10.4. Executing MEMORY_BMUX2ROM pass (converting muxes to ROMs).

10.5. Executing MEMORY_DFF pass (merging $dff cells to $memrd).

10.6. Executing OPT_CLEAN pass (remove unused cells and wires).
Finding unused cells or wires in module \IMG_FILTER..

10.7. Executing MEMORY_SHARE pass (consolidating $memrd/$memwr cells).

10.8. Executing OPT_MEM_WIDEN pass (optimize memories where all ports are wide).
Performed a total of 0 transformations.

10.9. Executing OPT_CLEAN pass (remove unused cells and wires).
Finding unused cells or wires in module \IMG_FILTER..

10.10. Executing MEMORY_COLLECT pass (generating $mem cells).

11. Executing OPT pass (performing simple optimizations).

11.1. Executing OPT_EXPR pass (perform const folding).
Optimizing module IMG_FILTER.
<suppressed ~144 debug messages>

11.2. Executing OPT_MERGE pass (detect identical cells).
Finding identical cells in module `\IMG_FILTER'.
Computing hashes of 3154 cells of `\IMG_FILTER'.
Finding duplicate cells in `\IMG_FILTER'.
Removed a total of 0 cells.

11.3. Executing OPT_MUXTREE pass (detect dead branches in mux trees).
Running muxtree optimizer on module \IMG_FILTER..
  Creating internal representation of mux trees.
  Evaluating internal representation of mux trees.
  Analyzing evaluation results.
Removed 0 multiplexer ports.
<suppressed ~2478 debug messages>

11.4. Executing OPT_REDUCE pass (consolidate $*mux and $reduce_* inputs).
  Optimizing cells in module \IMG_FILTER.
    Consolidated identical input bits for $mux cell $ternary$rtl/img_filter.v:121$833:
      Old ports: A=\rev49$func$rtl/img_filter.v:376$5.$result, B={ \rev49$func$rtl/img_filter.v:376$5.$result [383:0] \rev49$func$rtl/img_filter.v:376$5.$result [391:384] }, Y=$0\rot49_lo$func$rtl/img_filter.v:376$14.t0[391:0]$831
      New ports: A={ \rev49$func$rtl/img_filter.v:376$5.$result [391:144] 8'00000000 \rev49$func$rtl/img_filter.v:376$5.$result [7:0] }, B={ \rev49$func$rtl/img_filter.v:376$5.$result [383:144] 8'00000000 \rev49$func$rtl/img_filter.v:376$5.$result [7:0] \rev49$func$rtl/img_filter.v:376$5.$result [391:384] }, Y={ $0\rot49_lo$func$rtl/img_filter.v:376$14.t0[391:0]$831 [391:144] $0\rot49_lo$func$rtl/img_filter.v:376$14.t0[391:0]$831 [15:0] }
      New connections: $0\rot49_lo$func$rtl/img_filter.v:376$14.t0[391:0]$831 [143:16] = 128'00000000000000000000000000000000000000000000000000000000000000000000000000000000000000000000000000000000000000000000000000000000
  Optimizing cells in module \IMG_FILTER.
    Consolidated identical input bits for $mux cell $ternary$rtl/img_filter.v:122$834:
      Old ports: A=$0\rot49_lo$func$rtl/img_filter.v:376$14.t0[391:0]$831, B={ $0\rot49_lo$func$rtl/img_filter.v:376$14.t0[391:0]$831 [375:0] $0\rot49_lo$func$rtl/img_filter.v:376$14.t0[391:0]$831 [391:376] }, Y=$0\rot49_lo$func$rtl/img_filter.v:376$14.t1[391:0]$832
      New ports: A={ $0\rot49_lo$func$rtl/img_filter.v:376$14.t0[391:0]$831 [391:144] 16'0000000000000000 $0\rot49_lo$func$rtl/img_filter.v:376$14.t0[391:0]$831 [15:0] }, B={ $0\rot49_lo$func$rtl/img_filter.v:376$14.t0[391:0]$831 [375:144] 16'0000000000000000 $0\rot49_lo$func$rtl/img_filter.v:376$14.t0[391:0]$831 [15:0] $0\rot49_lo$func$rtl/img_filter.v:376$14.t0[391:0]$831 [391:376] }, Y={ $0\rot49_lo$func$rtl/img_filter.v:376$14.t1[391:0]$832 [391:144] $0\rot49_lo$func$rtl/img_filter.v:376$14.t1[391:0]$832 [31:0] }
      New connections: $0\rot49_lo$func$rtl/img_filter.v:376$14.t1[391:0]$832 [143:32] = 112'0000000000000000000000000000000000000000000000000000000000000000000000000000000000000000000000000000000000000000
  Optimizing cells in module \IMG_FILTER.
    Consolidated identical input bits for $mux cell $ternary$rtl/img_filter.v:123$835:
      Old ports: A=$0\rot49_lo$func$rtl/img_filter.v:376$14.t1[391:0]$832, B={ $0\rot49_lo$func$rtl/img_filter.v:376$14.t1[391:0]$832 [359:0] $0\rot49_lo$func$rtl/img_filter.v:376$14.t1[391:0]$832 [391:360] }, Y=\cvlo2
      New ports: A={ $0\rot49_lo$func$rtl/img_filter.v:376$14.t1[391:0]$832 [391:144] 32'00000000000000000000000000000000 $0\rot49_lo$func$rtl/img_filter.v:376$14.t1[391:0]$832 [31:0] }, B={ $0\rot49_lo$func$rtl/img_filter.v:376$14.t1[391:0]$832 [359:144] 32'00000000000000000000000000000000 $0\rot49_lo$func$rtl/img_filter.v:376$14.t1[391:0]$832 [31:0] $0\rot49_lo$func$rtl/img_filter.v:376$14.t1[391:0]$832 [391:360] }, Y={ \cvlo2 [391:144] \cvlo2 [63:0] }
      New connections: \cvlo2 [143:64] = 80'00000000000000000000000000000000000000000000000000000000000000000000000000000000
  Optimizing cells in module \IMG_FILTER.
Performed a total of 3 changes.

11.5. Executing OPT_MERGE pass (detect identical cells).
Finding identical cells in module `\IMG_FILTER'.
Computing hashes of 3154 cells of `\IMG_FILTER'.
Finding duplicate cells in `\IMG_FILTER'.
Removed a total of 0 cells.

11.6. Executing OPT_SHARE pass.
    Found cells that share an operand and can be merged by moving the $mux $ternary$rtl/img_filter.v:368$251 in front of them:
        $sub$rtl/img_filter.v:368$249
        $sub$rtl/img_filter.v:369$250

11.7. Executing OPT_DFF pass (perform DFF optimizations).
Adding SRST signal on $procdff$5633 ($dff) from module IMG_FILTER (D = $0\rot49_lo$func$rtl/img_filter.v:376$14.t1[391:0]$832 [31:0], Q = \cvlo2_q [63:32], rval = 0).
Adding SRST signal on $procdff$5633 ($dff) from module IMG_FILTER (D = $0\rot49_lo$func$rtl/img_filter.v:376$14.t1[391:0]$832 [175:144], Q = \cvlo2_q [175:144], rval = 0).
Adding EN signal on $auto$ff.cc:337:slice$6018 ($adffe) from module IMG_FILTER (D = $0\mod_x[13:0] [0], Q = \mod_x [0]).
Adding EN signal on $auto$ff.cc:337:slice$6018 ($adffe) from module IMG_FILTER (D = $0\mod_x[13:0] [1], Q = \mod_x [1]).
Adding EN signal on $auto$ff.cc:337:slice$6018 ($adffe) from module IMG_FILTER (D = $0\mod_x[13:0] [2], Q = \mod_x [2]).
Adding EN signal on $auto$ff.cc:337:slice$6018 ($adffe) from module IMG_FILTER (D = $0\mod_x[13:0] [3], Q = \mod_x [3]).
Adding EN signal on $auto$ff.cc:337:slice$6018 ($adffe) from module IMG_FILTER (D = $0\mod_x[13:0] [4], Q = \mod_x [4]).
Adding EN signal on $auto$ff.cc:337:slice$6018 ($adffe) from module IMG_FILTER (D = $0\mod_x[13:0] [5], Q = \mod_x [5]).
Adding EN signal on $auto$ff.cc:337:slice$6018 ($adffe) from module IMG_FILTER (D = $0\mod_x[13:0] [6], Q = \mod_x [6]).

11.8. Executing OPT_CLEAN pass (remove unused cells and wires).
Finding unused cells or wires in module \IMG_FILTER..
Removed 0 unused cells and 57 unused wires.
<suppressed ~1 debug messages>

11.9. Executing OPT_EXPR pass (perform const folding).
Optimizing module IMG_FILTER.
<suppressed ~30 debug messages>

11.10. Rerunning OPT passes. (Maybe there is more to do..)

11.11. Executing OPT_MUXTREE pass (detect dead branches in mux trees).
Running muxtree optimizer on module \IMG_FILTER..
  Creating internal representation of mux trees.
  Evaluating internal representation of mux trees.
  Analyzing evaluation results.
Removed 0 multiplexer ports.
<suppressed ~2214 debug messages>

11.12. Executing OPT_REDUCE pass (consolidate $*mux and $reduce_* inputs).
  Optimizing cells in module \IMG_FILTER.
    New input vector for $reduce_and cell $auto$opt_dff.cc:337:make_patterns_logic$6614: { $auto$opt_dff.cc:319:make_patterns_logic$6019 $auto$opt_dff.cc:319:make_patterns_logic$6021 $auto$opt_dff.cc:319:make_patterns_logic$6023 $auto$opt_dff.cc:319:make_patterns_logic$6025 $auto$opt_dff.cc:319:make_patterns_logic$6027 $auto$opt_dff.cc:319:make_patterns_logic$6029 $auto$opt_dff.cc:319:make_patterns_logic$6031 $auto$opt_dff.cc:319:make_patterns_logic$6033 $auto$opt_dff.cc:319:make_patterns_logic$6035 $auto$opt_dff.cc:319:make_patterns_logic$6599 $auto$opt_dff.cc:319:make_patterns_logic$6601 $auto$opt_dff.cc:319:make_patterns_logic$6603 $auto$opt_dff.cc:319:make_patterns_logic$6605 $auto$opt_dff.cc:319:make_patterns_logic$6607 $auto$opt_dff.cc:319:make_patterns_logic$6609 $auto$opt_dff.cc:319:make_patterns_logic$6611 }
    New input vector for $reduce_and cell $auto$opt_dff.cc:337:make_patterns_logic$6629: { $auto$opt_dff.cc:319:make_patterns_logic$6019 $auto$opt_dff.cc:319:make_patterns_logic$6021 $auto$opt_dff.cc:319:make_patterns_logic$6023 $auto$opt_dff.cc:319:make_patterns_logic$6025 $auto$opt_dff.cc:319:make_patterns_logic$6027 $auto$opt_dff.cc:319:make_patterns_logic$6029 $auto$opt_dff.cc:319:make_patterns_logic$6031 $auto$opt_dff.cc:319:make_patterns_logic$6033 $auto$opt_dff.cc:319:make_patterns_logic$6035 $auto$opt_dff.cc:319:make_patterns_logic$6616 $auto$opt_dff.cc:319:make_patterns_logic$6618 $auto$opt_dff.cc:319:make_patterns_logic$6620 $auto$opt_dff.cc:319:make_patterns_logic$6622 $auto$opt_dff.cc:319:make_patterns_logic$6624 $auto$opt_dff.cc:319:make_patterns_logic$6626 }
    New input vector for $reduce_and cell $auto$opt_dff.cc:337:make_patterns_logic$6642: { $auto$opt_dff.cc:319:make_patterns_logic$6019 $auto$opt_dff.cc:319:make_patterns_logic$6021 $auto$opt_dff.cc:319:make_patterns_logic$6023 $auto$opt_dff.cc:319:make_patterns_logic$6025 $auto$opt_dff.cc:319:make_patterns_logic$6027 $auto$opt_dff.cc:319:make_patterns_logic$6029 $auto$opt_dff.cc:319:make_patterns_logic$6031 $auto$opt_dff.cc:319:make_patterns_logic$6033 $auto$opt_dff.cc:319:make_patterns_logic$6035 $auto$opt_dff.cc:319:make_patterns_logic$6631 $auto$opt_dff.cc:319:make_patterns_logic$6633 $auto$opt_dff.cc:319:make_patterns_logic$6635 $auto$opt_dff.cc:319:make_patterns_logic$6637 $auto$opt_dff.cc:319:make_patterns_logic$6639 }
    New input vector for $reduce_and cell $auto$opt_dff.cc:337:make_patterns_logic$6653: { $auto$opt_dff.cc:319:make_patterns_logic$6019 $auto$opt_dff.cc:319:make_patterns_logic$6021 $auto$opt_dff.cc:319:make_patterns_logic$6023 $auto$opt_dff.cc:319:make_patterns_logic$6025 $auto$opt_dff.cc:319:make_patterns_logic$6027 $auto$opt_dff.cc:319:make_patterns_logic$6029 $auto$opt_dff.cc:319:make_patterns_logic$6031 $auto$opt_dff.cc:319:make_patterns_logic$6033 $auto$opt_dff.cc:319:make_patterns_logic$6035 $auto$opt_dff.cc:319:make_patterns_logic$6644 $auto$opt_dff.cc:319:make_patterns_logic$6646 $auto$opt_dff.cc:319:make_patterns_logic$6648 $auto$opt_dff.cc:319:make_patterns_logic$6650 }
    New input vector for $reduce_and cell $auto$opt_dff.cc:337:make_patterns_logic$6662: { $auto$opt_dff.cc:319:make_patterns_logic$6019 $auto$opt_dff.cc:319:make_patterns_logic$6021 $auto$opt_dff.cc:319:make_patterns_logic$6023 $auto$opt_dff.cc:319:make_patterns_logic$6025 $auto$opt_dff.cc:319:make_patterns_logic$6027 $auto$opt_dff.cc:319:make_patterns_logic$6029 $auto$opt_dff.cc:319:make_patterns_logic$6031 $auto$opt_dff.cc:319:make_patterns_logic$6033 $auto$opt_dff.cc:319:make_patterns_logic$6035 $auto$opt_dff.cc:319:make_patterns_logic$6655 $auto$opt_dff.cc:319:make_patterns_logic$6657 $auto$opt_dff.cc:319:make_patterns_logic$6659 }
    New input vector for $reduce_and cell $auto$opt_dff.cc:337:make_patterns_logic$6669: { $auto$opt_dff.cc:319:make_patterns_logic$6019 $auto$opt_dff.cc:319:make_patterns_logic$6021 $auto$opt_dff.cc:319:make_patterns_logic$6023 $auto$opt_dff.cc:319:make_patterns_logic$6025 $auto$opt_dff.cc:319:make_patterns_logic$6027 $auto$opt_dff.cc:319:make_patterns_logic$6029 $auto$opt_dff.cc:319:make_patterns_logic$6031 $auto$opt_dff.cc:319:make_patterns_logic$6033 $auto$opt_dff.cc:319:make_patterns_logic$6035 $auto$opt_dff.cc:319:make_patterns_logic$6664 $auto$opt_dff.cc:319:make_patterns_logic$6666 }
    New input vector for $reduce_and cell $auto$opt_dff.cc:337:make_patterns_logic$6674: { $auto$opt_dff.cc:319:make_patterns_logic$6019 $auto$opt_dff.cc:319:make_patterns_logic$6021 $auto$opt_dff.cc:319:make_patterns_logic$6023 $auto$opt_dff.cc:319:make_patterns_logic$6025 $auto$opt_dff.cc:319:make_patterns_logic$6027 $auto$opt_dff.cc:319:make_patterns_logic$6029 $auto$opt_dff.cc:319:make_patterns_logic$6031 $auto$opt_dff.cc:319:make_patterns_logic$6033 $auto$opt_dff.cc:319:make_patterns_logic$6035 $auto$opt_dff.cc:319:make_patterns_logic$6671 }
    Consolidated identical input bits for $mux cell $auto$opt_share.cc:244:merge_operators$6593:
      Old ports: A=7'1001000, B=7'0010111, Y=$auto$rtlil.cc:3402:Mux$6594
      New ports: A=2'10, B=2'01, Y={ $auto$rtlil.cc:3402:Mux$6594 [3] $auto$rtlil.cc:3402:Mux$6594 [0] }
      New connections: { $auto$rtlil.cc:3402:Mux$6594 [6:4] $auto$rtlil.cc:3402:Mux$6594 [2:1] } = { $auto$rtlil.cc:3402:Mux$6594 [3] 1'0 $auto$rtlil.cc:3402:Mux$6594 [0] $auto$rtlil.cc:3402:Mux$6594 [0] $auto$rtlil.cc:3402:Mux$6594 [0] }
  Optimizing cells in module \IMG_FILTER.
Performed a total of 8 changes.

11.13. Executing OPT_MERGE pass (detect identical cells).
Finding identical cells in module `\IMG_FILTER'.
Computing hashes of 3197 cells of `\IMG_FILTER'.
Finding duplicate cells in `\IMG_FILTER'.
Computing hashes of 3176 cells of `\IMG_FILTER'.
Finding duplicate cells in `\IMG_FILTER'.
<suppressed ~63 debug messages>
Removed a total of 21 cells.

11.14. Executing OPT_SHARE pass.

11.15. Executing OPT_DFF pass (perform DFF optimizations).
Setting constant 0-bit at position 32 on $auto$ff.cc:337:slice$6597 ($dff) from module IMG_FILTER.
Setting constant 0-bit at position 33 on $auto$ff.cc:337:slice$6597 ($dff) from module IMG_FILTER.
Setting constant 0-bit at position 34 on $auto$ff.cc:337:slice$6597 ($dff) from module IMG_FILTER.
Setting constant 0-bit at position 35 on $auto$ff.cc:337:slice$6597 ($dff) from module IMG_FILTER.
Setting constant 0-bit at position 36 on $auto$ff.cc:337:slice$6597 ($dff) from module IMG_FILTER.
Setting constant 0-bit at position 37 on $auto$ff.cc:337:slice$6597 ($dff) from module IMG_FILTER.
Setting constant 0-bit at position 38 on $auto$ff.cc:337:slice$6597 ($dff) from module IMG_FILTER.
Setting constant 0-bit at position 39 on $auto$ff.cc:337:slice$6597 ($dff) from module IMG_FILTER.
Setting constant 0-bit at position 40 on $auto$ff.cc:337:slice$6597 ($dff) from module IMG_FILTER.
Setting constant 0-bit at position 41 on $auto$ff.cc:337:slice$6597 ($dff) from module IMG_FILTER.
Setting constant 0-bit at position 42 on $auto$ff.cc:337:slice$6597 ($dff) from module IMG_FILTER.
Setting constant 0-bit at position 43 on $auto$ff.cc:337:slice$6597 ($dff) from module IMG_FILTER.
Setting constant 0-bit at position 44 on $auto$ff.cc:337:slice$6597 ($dff) from module IMG_FILTER.
Setting constant 0-bit at position 45 on $auto$ff.cc:337:slice$6597 ($dff) from module IMG_FILTER.
Setting constant 0-bit at position 46 on $auto$ff.cc:337:slice$6597 ($dff) from module IMG_FILTER.
Setting constant 0-bit at position 47 on $auto$ff.cc:337:slice$6597 ($dff) from module IMG_FILTER.
Setting constant 0-bit at position 48 on $auto$ff.cc:337:slice$6597 ($dff) from module IMG_FILTER.
Setting constant 0-bit at position 49 on $auto$ff.cc:337:slice$6597 ($dff) from module IMG_FILTER.
Setting constant 0-bit at position 50 on $auto$ff.cc:337:slice$6597 ($dff) from module IMG_FILTER.
Setting constant 0-bit at position 51 on $auto$ff.cc:337:slice$6597 ($dff) from module IMG_FILTER.
Setting constant 0-bit at position 52 on $auto$ff.cc:337:slice$6597 ($dff) from module IMG_FILTER.
Setting constant 0-bit at position 53 on $auto$ff.cc:337:slice$6597 ($dff) from module IMG_FILTER.
Setting constant 0-bit at position 54 on $auto$ff.cc:337:slice$6597 ($dff) from module IMG_FILTER.
Setting constant 0-bit at position 55 on $auto$ff.cc:337:slice$6597 ($dff) from module IMG_FILTER.
Setting constant 0-bit at position 56 on $auto$ff.cc:337:slice$6597 ($dff) from module IMG_FILTER.
Setting constant 0-bit at position 57 on $auto$ff.cc:337:slice$6597 ($dff) from module IMG_FILTER.
Setting constant 0-bit at position 58 on $auto$ff.cc:337:slice$6597 ($dff) from module IMG_FILTER.
Setting constant 0-bit at position 59 on $auto$ff.cc:337:slice$6597 ($dff) from module IMG_FILTER.
Setting constant 0-bit at position 60 on $auto$ff.cc:337:slice$6597 ($dff) from module IMG_FILTER.
Setting constant 0-bit at position 61 on $auto$ff.cc:337:slice$6597 ($dff) from module IMG_FILTER.
Setting constant 0-bit at position 62 on $auto$ff.cc:337:slice$6597 ($dff) from module IMG_FILTER.
Setting constant 0-bit at position 63 on $auto$ff.cc:337:slice$6597 ($dff) from module IMG_FILTER.
Setting constant 0-bit at position 64 on $auto$ff.cc:337:slice$6597 ($dff) from module IMG_FILTER.
Setting constant 0-bit at position 65 on $auto$ff.cc:337:slice$6597 ($dff) from module IMG_FILTER.
Setting constant 0-bit at position 66 on $auto$ff.cc:337:slice$6597 ($dff) from module IMG_FILTER.
Setting constant 0-bit at position 67 on $auto$ff.cc:337:slice$6597 ($dff) from module IMG_FILTER.
Setting constant 0-bit at position 68 on $auto$ff.cc:337:slice$6597 ($dff) from module IMG_FILTER.
Setting constant 0-bit at position 69 on $auto$ff.cc:337:slice$6597 ($dff) from module IMG_FILTER.
Setting constant 0-bit at position 70 on $auto$ff.cc:337:slice$6597 ($dff) from module IMG_FILTER.
Setting constant 0-bit at position 71 on $auto$ff.cc:337:slice$6597 ($dff) from module IMG_FILTER.
Setting constant 0-bit at position 72 on $auto$ff.cc:337:slice$6597 ($dff) from module IMG_FILTER.
Setting constant 0-bit at position 73 on $auto$ff.cc:337:slice$6597 ($dff) from module IMG_FILTER.
Setting constant 0-bit at position 74 on $auto$ff.cc:337:slice$6597 ($dff) from module IMG_FILTER.
Setting constant 0-bit at position 75 on $auto$ff.cc:337:slice$6597 ($dff) from module IMG_FILTER.
Setting constant 0-bit at position 76 on $auto$ff.cc:337:slice$6597 ($dff) from module IMG_FILTER.
Setting constant 0-bit at position 77 on $auto$ff.cc:337:slice$6597 ($dff) from module IMG_FILTER.
Setting constant 0-bit at position 78 on $auto$ff.cc:337:slice$6597 ($dff) from module IMG_FILTER.
Setting constant 0-bit at position 79 on $auto$ff.cc:337:slice$6597 ($dff) from module IMG_FILTER.
Setting constant 0-bit at position 80 on $auto$ff.cc:337:slice$6597 ($dff) from module IMG_FILTER.
Setting constant 0-bit at position 81 on $auto$ff.cc:337:slice$6597 ($dff) from module IMG_FILTER.
Setting constant 0-bit at position 82 on $auto$ff.cc:337:slice$6597 ($dff) from module IMG_FILTER.
Setting constant 0-bit at position 83 on $auto$ff.cc:337:slice$6597 ($dff) from module IMG_FILTER.
Setting constant 0-bit at position 84 on $auto$ff.cc:337:slice$6597 ($dff) from module IMG_FILTER.
Setting constant 0-bit at position 85 on $auto$ff.cc:337:slice$6597 ($dff) from module IMG_FILTER.
Setting constant 0-bit at position 86 on $auto$ff.cc:337:slice$6597 ($dff) from module IMG_FILTER.
Setting constant 0-bit at position 87 on $auto$ff.cc:337:slice$6597 ($dff) from module IMG_FILTER.
Setting constant 0-bit at position 88 on $auto$ff.cc:337:slice$6597 ($dff) from module IMG_FILTER.
Setting constant 0-bit at position 89 on $auto$ff.cc:337:slice$6597 ($dff) from module IMG_FILTER.
Setting constant 0-bit at position 90 on $auto$ff.cc:337:slice$6597 ($dff) from module IMG_FILTER.
Setting constant 0-bit at position 91 on $auto$ff.cc:337:slice$6597 ($dff) from module IMG_FILTER.
Setting constant 0-bit at position 92 on $auto$ff.cc:337:slice$6597 ($dff) from module IMG_FILTER.
Setting constant 0-bit at position 93 on $auto$ff.cc:337:slice$6597 ($dff) from module IMG_FILTER.
Setting constant 0-bit at position 94 on $auto$ff.cc:337:slice$6597 ($dff) from module IMG_FILTER.
Setting constant 0-bit at position 95 on $auto$ff.cc:337:slice$6597 ($dff) from module IMG_FILTER.
Setting constant 0-bit at position 96 on $auto$ff.cc:337:slice$6597 ($dff) from module IMG_FILTER.
Setting constant 0-bit at position 97 on $auto$ff.cc:337:slice$6597 ($dff) from module IMG_FILTER.
Setting constant 0-bit at position 98 on $auto$ff.cc:337:slice$6597 ($dff) from module IMG_FILTER.
Setting constant 0-bit at position 99 on $auto$ff.cc:337:slice$6597 ($dff) from module IMG_FILTER.
Setting constant 0-bit at position 100 on $auto$ff.cc:337:slice$6597 ($dff) from module IMG_FILTER.
Setting constant 0-bit at position 101 on $auto$ff.cc:337:slice$6597 ($dff) from module IMG_FILTER.
Setting constant 0-bit at position 102 on $auto$ff.cc:337:slice$6597 ($dff) from module IMG_FILTER.
Setting constant 0-bit at position 103 on $auto$ff.cc:337:slice$6597 ($dff) from module IMG_FILTER.
Setting constant 0-bit at position 104 on $auto$ff.cc:337:slice$6597 ($dff) from module IMG_FILTER.
Setting constant 0-bit at position 105 on $auto$ff.cc:337:slice$6597 ($dff) from module IMG_FILTER.
Setting constant 0-bit at position 106 on $auto$ff.cc:337:slice$6597 ($dff) from module IMG_FILTER.
Setting constant 0-bit at position 107 on $auto$ff.cc:337:slice$6597 ($dff) from module IMG_FILTER.
Setting constant 0-bit at position 108 on $auto$ff.cc:337:slice$6597 ($dff) from module IMG_FILTER.
Setting constant 0-bit at position 109 on $auto$ff.cc:337:slice$6597 ($dff) from module IMG_FILTER.
Setting constant 0-bit at position 110 on $auto$ff.cc:337:slice$6597 ($dff) from module IMG_FILTER.
Setting constant 0-bit at position 111 on $auto$ff.cc:337:slice$6597 ($dff) from module IMG_FILTER.

11.16. Executing OPT_CLEAN pass (remove unused cells and wires).
Finding unused cells or wires in module \IMG_FILTER..
Removed 0 unused cells and 22 unused wires.
<suppressed ~1 debug messages>

11.17. Executing OPT_EXPR pass (perform const folding).
Optimizing module IMG_FILTER.

11.18. Rerunning OPT passes. (Maybe there is more to do..)

11.19. Executing OPT_MUXTREE pass (detect dead branches in mux trees).
Running muxtree optimizer on module \IMG_FILTER..
  Creating internal representation of mux trees.
  Evaluating internal representation of mux trees.
  Analyzing evaluation results.
Removed 0 multiplexer ports.
<suppressed ~2214 debug messages>

11.20. Executing OPT_REDUCE pass (consolidate $*mux and $reduce_* inputs).
  Optimizing cells in module \IMG_FILTER.
    Consolidated identical input bits for $mux cell $ternary$rtl/img_filter.v:132$868:
      Old ports: A={ \cvlo2_q [391:144] 80'00000000000000000000000000000000000000000000000000000000000000000000000000000000 \cvlo2_q [63:0] }, B={ \cvlo2_q [327:144] 80'00000000000000000000000000000000000000000000000000000000000000000000000000000000 \cvlo2_q [63:0] \cvlo2_q [391:328] }, Y=$0\rot49_hi$func$rtl/img_filter.v:392$18.t3[391:0]$866
      New ports: A={ \cvlo2_q [391:144] 64'0000000000000000000000000000000000000000000000000000000000000000 \cvlo2_q [63:0] }, B={ \cvlo2_q [327:144] 64'0000000000000000000000000000000000000000000000000000000000000000 \cvlo2_q [63:0] \cvlo2_q [391:328] }, Y={ $0\rot49_hi$func$rtl/img_filter.v:392$18.t3[391:0]$866 [391:144] $0\rot49_hi$func$rtl/img_filter.v:392$18.t3[391:0]$866 [127:0] }
      New connections: $0\rot49_hi$func$rtl/img_filter.v:392$18.t3[391:0]$866 [143:128] = 16'0000000000000000
  Optimizing cells in module \IMG_FILTER.
Performed a total of 1 changes.

11.21. Executing OPT_MERGE pass (detect identical cells).
Finding identical cells in module `\IMG_FILTER'.
Computing hashes of 3176 cells of `\IMG_FILTER'.
Finding duplicate cells in `\IMG_FILTER'.
Removed a total of 0 cells.

11.22. Executing OPT_SHARE pass.

11.23. Executing OPT_DFF pass (perform DFF optimizations).

11.24. Executing OPT_CLEAN pass (remove unused cells and wires).
Finding unused cells or wires in module \IMG_FILTER..

11.25. Executing OPT_EXPR pass (perform const folding).
Optimizing module IMG_FILTER.

11.26. Rerunning OPT passes. (Maybe there is more to do..)

11.27. Executing OPT_MUXTREE pass (detect dead branches in mux trees).
Running muxtree optimizer on module \IMG_FILTER..
  Creating internal representation of mux trees.
  Evaluating internal representation of mux trees.
  Analyzing evaluation results.
Removed 0 multiplexer ports.
<suppressed ~2214 debug messages>

11.28. Executing OPT_REDUCE pass (consolidate $*mux and $reduce_* inputs).
  Optimizing cells in module \IMG_FILTER.
Performed a total of 0 changes.

11.29. Executing OPT_MERGE pass (detect identical cells).
Finding identical cells in module `\IMG_FILTER'.
Computing hashes of 3176 cells of `\IMG_FILTER'.
Finding duplicate cells in `\IMG_FILTER'.
Removed a total of 0 cells.

11.30. Executing OPT_SHARE pass.

11.31. Executing OPT_DFF pass (perform DFF optimizations).

11.32. Executing OPT_CLEAN pass (remove unused cells and wires).
Finding unused cells or wires in module \IMG_FILTER..

11.33. Executing OPT_EXPR pass (perform const folding).
Optimizing module IMG_FILTER.

11.34. Finished fast OPT passes. (There is nothing left to do.)

12. Executing TECHMAP pass (map to technology primitives).

12.1. Executing Verilog-2005 frontend: /root/ORFS/tools/install/yosys/bin/../share/yosys/techmap.v
Parsing Verilog input from `/root/ORFS/tools/install/yosys/bin/../share/yosys/techmap.v' to AST representation.
Generating RTLIL representation for module `\_90_simplemap_bool_ops'.
Generating RTLIL representation for module `\_90_simplemap_reduce_ops'.
Generating RTLIL representation for module `\_90_simplemap_logic_ops'.
Generating RTLIL representation for module `\_90_simplemap_compare_ops'.
Generating RTLIL representation for module `\_90_simplemap_various'.
Generating RTLIL representation for module `\_90_simplemap_registers'.
Generating RTLIL representation for module `\_90_shift_ops_shr_shl_sshl_sshr'.
Generating RTLIL representation for module `\_90_shift_shiftx'.
Generating RTLIL representation for module `\_90_fa'.
Generating RTLIL representation for module `\_90_lcu_brent_kung'.
Generating RTLIL representation for module `\_90_alu'.
Generating RTLIL representation for module `\_90_macc'.
Generating RTLIL representation for module `\_90_alumacc'.
Generating RTLIL representation for module `$__div_mod_u'.
Generating RTLIL representation for module `$__div_mod_trunc'.
Generating RTLIL representation for module `\_90_div'.
Generating RTLIL representation for module `\_90_mod'.
Generating RTLIL representation for module `$__div_mod_floor'.
Generating RTLIL representation for module `\_90_divfloor'.
Generating RTLIL representation for module `\_90_modfloor'.
Generating RTLIL representation for module `\_90_pow'.
Generating RTLIL representation for module `\_90_demux'.
Generating RTLIL representation for module `\_90_lut'.
Generating RTLIL representation for module `$connect'.
Generating RTLIL representation for module `$input_port'.
Successfully finished Verilog frontend.

12.2. Continuing TECHMAP pass.
Using extmapper simplemap for cells of type $dff.
Using extmapper simplemap for cells of type $adffe.
Using extmapper simplemap for cells of type $reduce_and.
Using extmapper simplemap for cells of type $not.
Using extmapper simplemap for cells of type $sdff.
Using extmapper simplemap for cells of type $mux.
Using extmapper simplemap for cells of type $logic_not.
Using extmapper simplemap for cells of type $reduce_or.
Using extmapper simplemap for cells of type $dffe.
Using extmapper simplemap for cells of type $reduce_bool.
Using extmapper simplemap for cells of type $ne.
Using extmapper simplemap for cells of type $and.
Using extmapper simplemap for cells of type $eq.
Using extmapper simplemap for cells of type $adff.
Using template $paramod$constmap:680a6dd309c3fb758401765db2ac85a4de4b18a8$paramod$244a29625bf8c3dc9562698d07243cebf6176d12\_90_shift_shiftx for cells of type $shiftx.
Running "alumacc" on wrapper $extern:wrap:$sub:Y_WIDTH=32:B_WIDTH=5:A_WIDTH=5:B_SIGNED=0:A_SIGNED=0:394426c56d1a028ba8fdd5469b163e04011def47.
Using template $extern:wrap:$sub:Y_WIDTH=32:B_WIDTH=5:A_WIDTH=5:B_SIGNED=0:A_SIGNED=0:394426c56d1a028ba8fdd5469b163e04011def47 for cells of type $extern:wrap:$sub:Y_WIDTH=32:B_WIDTH=5:A_WIDTH=5:B_SIGNED=0:A_SIGNED=0:394426c56d1a028ba8fdd5469b163e04011def47.
Using template $paramod$constmap:c46b78dd7c84b9723a96fd94660caa101b5b9f05$paramod$d2c18ab505629d688da9eeafaeaca6c0ef7ec3b3\_90_shift_shiftx for cells of type $shiftx.
Running "alumacc" on wrapper $extern:wrap:$sub:Y_WIDTH=31:B_WIDTH=4:A_WIDTH=4:B_SIGNED=0:A_SIGNED=0:394426c56d1a028ba8fdd5469b163e04011def47.
Using template $extern:wrap:$sub:Y_WIDTH=31:B_WIDTH=4:A_WIDTH=4:B_SIGNED=0:A_SIGNED=0:394426c56d1a028ba8fdd5469b163e04011def47 for cells of type $extern:wrap:$sub:Y_WIDTH=31:B_WIDTH=4:A_WIDTH=4:B_SIGNED=0:A_SIGNED=0:394426c56d1a028ba8fdd5469b163e04011def47.
Running "alumacc" on wrapper $extern:wrap:$le:Y_WIDTH=1:B_WIDTH=5:A_WIDTH=5:B_SIGNED=0:A_SIGNED=0:394426c56d1a028ba8fdd5469b163e04011def47.
Using template $extern:wrap:$le:Y_WIDTH=1:B_WIDTH=5:A_WIDTH=5:B_SIGNED=0:A_SIGNED=0:394426c56d1a028ba8fdd5469b163e04011def47 for cells of type $extern:wrap:$le:Y_WIDTH=1:B_WIDTH=5:A_WIDTH=5:B_SIGNED=0:A_SIGNED=0:394426c56d1a028ba8fdd5469b163e04011def47.
Running "alumacc" on wrapper $extern:wrap:$sub:Y_WIDTH=30:B_WIDTH=3:A_WIDTH=3:B_SIGNED=0:A_SIGNED=0:394426c56d1a028ba8fdd5469b163e04011def47.
Using template $extern:wrap:$sub:Y_WIDTH=30:B_WIDTH=3:A_WIDTH=3:B_SIGNED=0:A_SIGNED=0:394426c56d1a028ba8fdd5469b163e04011def47 for cells of type $extern:wrap:$sub:Y_WIDTH=30:B_WIDTH=3:A_WIDTH=3:B_SIGNED=0:A_SIGNED=0:394426c56d1a028ba8fdd5469b163e04011def47.
Running "alumacc" on wrapper $extern:wrap:$sub:Y_WIDTH=29:B_WIDTH=2:A_WIDTH=2:B_SIGNED=0:A_SIGNED=0:394426c56d1a028ba8fdd5469b163e04011def47.
Using template $extern:wrap:$sub:Y_WIDTH=29:B_WIDTH=2:A_WIDTH=2:B_SIGNED=0:A_SIGNED=0:394426c56d1a028ba8fdd5469b163e04011def47 for cells of type $extern:wrap:$sub:Y_WIDTH=29:B_WIDTH=2:A_WIDTH=2:B_SIGNED=0:A_SIGNED=0:394426c56d1a028ba8fdd5469b163e04011def47.
Running "alumacc" on wrapper $extern:wrap:$sub:Y_WIDTH=28:B_WIDTH=1:A_WIDTH=1:B_SIGNED=0:A_SIGNED=0:394426c56d1a028ba8fdd5469b163e04011def47.
Using template $extern:wrap:$sub:Y_WIDTH=28:B_WIDTH=1:A_WIDTH=1:B_SIGNED=0:A_SIGNED=0:394426c56d1a028ba8fdd5469b163e04011def47 for cells of type $extern:wrap:$sub:Y_WIDTH=28:B_WIDTH=1:A_WIDTH=1:B_SIGNED=0:A_SIGNED=0:394426c56d1a028ba8fdd5469b163e04011def47.
Running "alumacc" on wrapper $extern:wrap:$add:Y_WIDTH=11:B_WIDTH=11:A_WIDTH=11:B_SIGNED=0:A_SIGNED=0:394426c56d1a028ba8fdd5469b163e04011def47.
Using template $extern:wrap:$add:Y_WIDTH=11:B_WIDTH=11:A_WIDTH=11:B_SIGNED=0:A_SIGNED=0:394426c56d1a028ba8fdd5469b163e04011def47 for cells of type $extern:wrap:$add:Y_WIDTH=11:B_WIDTH=11:A_WIDTH=11:B_SIGNED=0:A_SIGNED=0:394426c56d1a028ba8fdd5469b163e04011def47.
Running "alumacc" on wrapper $extern:wrap:$ge:Y_WIDTH=1:B_WIDTH=14:A_WIDTH=14:B_SIGNED=0:A_SIGNED=0:394426c56d1a028ba8fdd5469b163e04011def47.
Using template $extern:wrap:$ge:Y_WIDTH=1:B_WIDTH=14:A_WIDTH=14:B_SIGNED=0:A_SIGNED=0:394426c56d1a028ba8fdd5469b163e04011def47 for cells of type $extern:wrap:$ge:Y_WIDTH=1:B_WIDTH=14:A_WIDTH=14:B_SIGNED=0:A_SIGNED=0:394426c56d1a028ba8fdd5469b163e04011def47.
Running "alumacc" on wrapper $extern:wrap:$sub:Y_WIDTH=7:B_WIDTH=7:A_WIDTH=7:B_SIGNED=0:A_SIGNED=0:394426c56d1a028ba8fdd5469b163e04011def47.
Using template $extern:wrap:$sub:Y_WIDTH=7:B_WIDTH=7:A_WIDTH=7:B_SIGNED=0:A_SIGNED=0:394426c56d1a028ba8fdd5469b163e04011def47 for cells of type $extern:wrap:$sub:Y_WIDTH=7:B_WIDTH=7:A_WIDTH=7:B_SIGNED=0:A_SIGNED=0:394426c56d1a028ba8fdd5469b163e04011def47.
Running "alumacc" on wrapper $extern:wrap:$sub:Y_WIDTH=8:B_WIDTH=8:A_WIDTH=8:B_SIGNED=0:A_SIGNED=0:394426c56d1a028ba8fdd5469b163e04011def47.
Using template $extern:wrap:$sub:Y_WIDTH=8:B_WIDTH=8:A_WIDTH=8:B_SIGNED=0:A_SIGNED=0:394426c56d1a028ba8fdd5469b163e04011def47 for cells of type $extern:wrap:$sub:Y_WIDTH=8:B_WIDTH=8:A_WIDTH=8:B_SIGNED=0:A_SIGNED=0:394426c56d1a028ba8fdd5469b163e04011def47.
Running "alumacc" on wrapper $extern:wrap:$sub:Y_WIDTH=9:B_WIDTH=9:A_WIDTH=9:B_SIGNED=0:A_SIGNED=0:394426c56d1a028ba8fdd5469b163e04011def47.
Using template $extern:wrap:$sub:Y_WIDTH=9:B_WIDTH=9:A_WIDTH=9:B_SIGNED=0:A_SIGNED=0:394426c56d1a028ba8fdd5469b163e04011def47 for cells of type $extern:wrap:$sub:Y_WIDTH=9:B_WIDTH=9:A_WIDTH=9:B_SIGNED=0:A_SIGNED=0:394426c56d1a028ba8fdd5469b163e04011def47.
Running "alumacc" on wrapper $extern:wrap:$sub:Y_WIDTH=10:B_WIDTH=10:A_WIDTH=10:B_SIGNED=0:A_SIGNED=0:394426c56d1a028ba8fdd5469b163e04011def47.
Using template $extern:wrap:$sub:Y_WIDTH=10:B_WIDTH=10:A_WIDTH=10:B_SIGNED=0:A_SIGNED=0:394426c56d1a028ba8fdd5469b163e04011def47 for cells of type $extern:wrap:$sub:Y_WIDTH=10:B_WIDTH=10:A_WIDTH=10:B_SIGNED=0:A_SIGNED=0:394426c56d1a028ba8fdd5469b163e04011def47.
Running "alumacc" on wrapper $extern:wrap:$sub:Y_WIDTH=11:B_WIDTH=11:A_WIDTH=11:B_SIGNED=0:A_SIGNED=0:394426c56d1a028ba8fdd5469b163e04011def47.
Using template $extern:wrap:$sub:Y_WIDTH=11:B_WIDTH=11:A_WIDTH=11:B_SIGNED=0:A_SIGNED=0:394426c56d1a028ba8fdd5469b163e04011def47 for cells of type $extern:wrap:$sub:Y_WIDTH=11:B_WIDTH=11:A_WIDTH=11:B_SIGNED=0:A_SIGNED=0:394426c56d1a028ba8fdd5469b163e04011def47.
Running "alumacc" on wrapper $extern:wrap:$sub:Y_WIDTH=12:B_WIDTH=12:A_WIDTH=12:B_SIGNED=0:A_SIGNED=0:394426c56d1a028ba8fdd5469b163e04011def47.
Using template $extern:wrap:$sub:Y_WIDTH=12:B_WIDTH=12:A_WIDTH=12:B_SIGNED=0:A_SIGNED=0:394426c56d1a028ba8fdd5469b163e04011def47 for cells of type $extern:wrap:$sub:Y_WIDTH=12:B_WIDTH=12:A_WIDTH=12:B_SIGNED=0:A_SIGNED=0:394426c56d1a028ba8fdd5469b163e04011def47.
Running "alumacc" on wrapper $extern:wrap:$sub:Y_WIDTH=13:B_WIDTH=13:A_WIDTH=13:B_SIGNED=0:A_SIGNED=0:394426c56d1a028ba8fdd5469b163e04011def47.
Using template $extern:wrap:$sub:Y_WIDTH=13:B_WIDTH=13:A_WIDTH=13:B_SIGNED=0:A_SIGNED=0:394426c56d1a028ba8fdd5469b163e04011def47 for cells of type $extern:wrap:$sub:Y_WIDTH=13:B_WIDTH=13:A_WIDTH=13:B_SIGNED=0:A_SIGNED=0:394426c56d1a028ba8fdd5469b163e04011def47.
Running "alumacc" on wrapper $extern:wrap:$sub:Y_WIDTH=14:B_WIDTH=14:A_WIDTH=14:B_SIGNED=0:A_SIGNED=0:394426c56d1a028ba8fdd5469b163e04011def47.
Using template $extern:wrap:$sub:Y_WIDTH=14:B_WIDTH=14:A_WIDTH=14:B_SIGNED=0:A_SIGNED=0:394426c56d1a028ba8fdd5469b163e04011def47 for cells of type $extern:wrap:$sub:Y_WIDTH=14:B_WIDTH=14:A_WIDTH=14:B_SIGNED=0:A_SIGNED=0:394426c56d1a028ba8fdd5469b163e04011def47.
Using extmapper simplemap for cells of type $or.
Running "alumacc" on wrapper $extern:wrap:$add:Y_WIDTH=2:B_WIDTH=2:A_WIDTH=2:B_SIGNED=0:A_SIGNED=0:394426c56d1a028ba8fdd5469b163e04011def47.
Using template $extern:wrap:$add:Y_WIDTH=2:B_WIDTH=2:A_WIDTH=2:B_SIGNED=0:A_SIGNED=0:394426c56d1a028ba8fdd5469b163e04011def47 for cells of type $extern:wrap:$add:Y_WIDTH=2:B_WIDTH=2:A_WIDTH=2:B_SIGNED=0:A_SIGNED=0:394426c56d1a028ba8fdd5469b163e04011def47.
Running "alumacc" on wrapper $extern:wrap:$sub:Y_WIDTH=5:B_WIDTH=5:A_WIDTH=5:B_SIGNED=0:A_SIGNED=0:394426c56d1a028ba8fdd5469b163e04011def47.
Using template $extern:wrap:$sub:Y_WIDTH=5:B_WIDTH=5:A_WIDTH=5:B_SIGNED=0:A_SIGNED=0:394426c56d1a028ba8fdd5469b163e04011def47 for cells of type $extern:wrap:$sub:Y_WIDTH=5:B_WIDTH=5:A_WIDTH=5:B_SIGNED=0:A_SIGNED=0:394426c56d1a028ba8fdd5469b163e04011def47.
Running "alumacc" on wrapper $extern:wrap:$add:Y_WIDTH=6:B_WIDTH=6:A_WIDTH=6:B_SIGNED=0:A_SIGNED=0:394426c56d1a028ba8fdd5469b163e04011def47.
Using template $extern:wrap:$add:Y_WIDTH=6:B_WIDTH=6:A_WIDTH=6:B_SIGNED=0:A_SIGNED=0:394426c56d1a028ba8fdd5469b163e04011def47 for cells of type $extern:wrap:$add:Y_WIDTH=6:B_WIDTH=6:A_WIDTH=6:B_SIGNED=0:A_SIGNED=0:394426c56d1a028ba8fdd5469b163e04011def47.
Running "alumacc" on wrapper $extern:wrap:$add:Y_WIDTH=4:B_WIDTH=4:A_WIDTH=4:B_SIGNED=0:A_SIGNED=0:394426c56d1a028ba8fdd5469b163e04011def47.
Using template $extern:wrap:$add:Y_WIDTH=4:B_WIDTH=4:A_WIDTH=4:B_SIGNED=0:A_SIGNED=0:394426c56d1a028ba8fdd5469b163e04011def47 for cells of type $extern:wrap:$add:Y_WIDTH=4:B_WIDTH=4:A_WIDTH=4:B_SIGNED=0:A_SIGNED=0:394426c56d1a028ba8fdd5469b163e04011def47.
Running "alumacc" on wrapper $extern:wrap:$add:Y_WIDTH=12:B_WIDTH=12:A_WIDTH=12:B_SIGNED=0:A_SIGNED=0:394426c56d1a028ba8fdd5469b163e04011def47.
Using template $extern:wrap:$add:Y_WIDTH=12:B_WIDTH=12:A_WIDTH=12:B_SIGNED=0:A_SIGNED=0:394426c56d1a028ba8fdd5469b163e04011def47 for cells of type $extern:wrap:$add:Y_WIDTH=12:B_WIDTH=12:A_WIDTH=12:B_SIGNED=0:A_SIGNED=0:394426c56d1a028ba8fdd5469b163e04011def47.
Running "alumacc" on wrapper $extern:wrap:$add:Y_WIDTH=9:B_WIDTH=9:A_WIDTH=9:B_SIGNED=0:A_SIGNED=0:394426c56d1a028ba8fdd5469b163e04011def47.
Using template $extern:wrap:$add:Y_WIDTH=9:B_WIDTH=9:A_WIDTH=9:B_SIGNED=0:A_SIGNED=0:394426c56d1a028ba8fdd5469b163e04011def47 for cells of type $extern:wrap:$add:Y_WIDTH=9:B_WIDTH=9:A_WIDTH=9:B_SIGNED=0:A_SIGNED=0:394426c56d1a028ba8fdd5469b163e04011def47.
Running "alumacc" on wrapper $extern:wrap:$ge:Y_WIDTH=1:B_WIDTH=12:A_WIDTH=12:B_SIGNED=0:A_SIGNED=0:394426c56d1a028ba8fdd5469b163e04011def47.
Using template $extern:wrap:$ge:Y_WIDTH=1:B_WIDTH=12:A_WIDTH=12:B_SIGNED=0:A_SIGNED=0:394426c56d1a028ba8fdd5469b163e04011def47 for cells of type $extern:wrap:$ge:Y_WIDTH=1:B_WIDTH=12:A_WIDTH=12:B_SIGNED=0:A_SIGNED=0:394426c56d1a028ba8fdd5469b163e04011def47.
Running "alumacc" on wrapper $extern:wrap:$add:Y_WIDTH=3:B_WIDTH=3:A_WIDTH=3:B_SIGNED=0:A_SIGNED=0:394426c56d1a028ba8fdd5469b163e04011def47.
Using template $extern:wrap:$add:Y_WIDTH=3:B_WIDTH=3:A_WIDTH=3:B_SIGNED=0:A_SIGNED=0:394426c56d1a028ba8fdd5469b163e04011def47 for cells of type $extern:wrap:$add:Y_WIDTH=3:B_WIDTH=3:A_WIDTH=3:B_SIGNED=0:A_SIGNED=0:394426c56d1a028ba8fdd5469b163e04011def47.
Running "alumacc" on wrapper $extern:wrap:$add:Y_WIDTH=7:B_WIDTH=7:A_WIDTH=7:B_SIGNED=0:A_SIGNED=0:394426c56d1a028ba8fdd5469b163e04011def47.
Using template $extern:wrap:$add:Y_WIDTH=7:B_WIDTH=7:A_WIDTH=7:B_SIGNED=0:A_SIGNED=0:394426c56d1a028ba8fdd5469b163e04011def47 for cells of type $extern:wrap:$add:Y_WIDTH=7:B_WIDTH=7:A_WIDTH=7:B_SIGNED=0:A_SIGNED=0:394426c56d1a028ba8fdd5469b163e04011def47.
Running "alumacc" on wrapper $extern:wrap:$ge:Y_WIDTH=1:B_WIDTH=7:A_WIDTH=7:B_SIGNED=0:A_SIGNED=0:394426c56d1a028ba8fdd5469b163e04011def47.
Using template $extern:wrap:$ge:Y_WIDTH=1:B_WIDTH=7:A_WIDTH=7:B_SIGNED=0:A_SIGNED=0:394426c56d1a028ba8fdd5469b163e04011def47 for cells of type $extern:wrap:$ge:Y_WIDTH=1:B_WIDTH=7:A_WIDTH=7:B_SIGNED=0:A_SIGNED=0:394426c56d1a028ba8fdd5469b163e04011def47.
Running "alumacc" on wrapper $extern:wrap:$sub:Y_WIDTH=6:B_WIDTH=6:A_WIDTH=6:B_SIGNED=0:A_SIGNED=0:394426c56d1a028ba8fdd5469b163e04011def47.
Using template $extern:wrap:$sub:Y_WIDTH=6:B_WIDTH=6:A_WIDTH=6:B_SIGNED=0:A_SIGNED=0:394426c56d1a028ba8fdd5469b163e04011def47 for cells of type $extern:wrap:$sub:Y_WIDTH=6:B_WIDTH=6:A_WIDTH=6:B_SIGNED=0:A_SIGNED=0:394426c56d1a028ba8fdd5469b163e04011def47.
Running "alumacc" on wrapper $extern:wrap:$le:Y_WIDTH=1:B_WIDTH=6:A_WIDTH=6:B_SIGNED=0:A_SIGNED=0:394426c56d1a028ba8fdd5469b163e04011def47.
Using template $extern:wrap:$le:Y_WIDTH=1:B_WIDTH=6:A_WIDTH=6:B_SIGNED=0:A_SIGNED=0:394426c56d1a028ba8fdd5469b163e04011def47 for cells of type $extern:wrap:$le:Y_WIDTH=1:B_WIDTH=6:A_WIDTH=6:B_SIGNED=0:A_SIGNED=0:394426c56d1a028ba8fdd5469b163e04011def47.
Using extmapper simplemap for cells of type $logic_and.
Running "alumacc" on wrapper $extern:wrap:$sub:Y_WIDTH=2:B_WIDTH=2:A_WIDTH=2:B_SIGNED=0:A_SIGNED=0:394426c56d1a028ba8fdd5469b163e04011def47.
Using template $extern:wrap:$sub:Y_WIDTH=2:B_WIDTH=2:A_WIDTH=2:B_SIGNED=0:A_SIGNED=0:394426c56d1a028ba8fdd5469b163e04011def47 for cells of type $extern:wrap:$sub:Y_WIDTH=2:B_WIDTH=2:A_WIDTH=2:B_SIGNED=0:A_SIGNED=0:394426c56d1a028ba8fdd5469b163e04011def47.
Using template $paramod$constmap:510f4e5661ec85debda99b33dba685fdb06d12b7$paramod$4b6654d47640c0efad2844afd6389851b967e800\_90_shift_ops_shr_shl_sshl_sshr for cells of type $shl.
Running "alumacc" on wrapper $extern:wrap:$lt:Y_WIDTH=1:B_WIDTH=5:A_WIDTH=32:B_SIGNED=0:A_SIGNED=0:394426c56d1a028ba8fdd5469b163e04011def47.
Using template $extern:wrap:$lt:Y_WIDTH=1:B_WIDTH=5:A_WIDTH=32:B_SIGNED=0:A_SIGNED=0:394426c56d1a028ba8fdd5469b163e04011def47 for cells of type $extern:wrap:$lt:Y_WIDTH=1:B_WIDTH=5:A_WIDTH=32:B_SIGNED=0:A_SIGNED=0:394426c56d1a028ba8fdd5469b163e04011def47.
Running "alumacc" on wrapper $extern:wrap:$gt:Y_WIDTH=1:B_WIDTH=6:A_WIDTH=32:B_SIGNED=0:A_SIGNED=0:394426c56d1a028ba8fdd5469b163e04011def47.
Using template $extern:wrap:$gt:Y_WIDTH=1:B_WIDTH=6:A_WIDTH=32:B_SIGNED=0:A_SIGNED=0:394426c56d1a028ba8fdd5469b163e04011def47 for cells of type $extern:wrap:$gt:Y_WIDTH=1:B_WIDTH=6:A_WIDTH=32:B_SIGNED=0:A_SIGNED=0:394426c56d1a028ba8fdd5469b163e04011def47.
Running "alumacc" on wrapper $extern:wrap:$add:Y_WIDTH=29:B_WIDTH=29:A_WIDTH=3:B_SIGNED=0:A_SIGNED=0:394426c56d1a028ba8fdd5469b163e04011def47.
Using template $extern:wrap:$add:Y_WIDTH=29:B_WIDTH=29:A_WIDTH=3:B_SIGNED=0:A_SIGNED=0:394426c56d1a028ba8fdd5469b163e04011def47 for cells of type $extern:wrap:$add:Y_WIDTH=29:B_WIDTH=29:A_WIDTH=3:B_SIGNED=0:A_SIGNED=0:394426c56d1a028ba8fdd5469b163e04011def47.
Running "alumacc" on wrapper $extern:wrap:$add:Y_WIDTH=8:B_WIDTH=8:A_WIDTH=8:B_SIGNED=0:A_SIGNED=0:394426c56d1a028ba8fdd5469b163e04011def47.
Using template $extern:wrap:$add:Y_WIDTH=8:B_WIDTH=8:A_WIDTH=8:B_SIGNED=0:A_SIGNED=0:394426c56d1a028ba8fdd5469b163e04011def47 for cells of type $extern:wrap:$add:Y_WIDTH=8:B_WIDTH=8:A_WIDTH=8:B_SIGNED=0:A_SIGNED=0:394426c56d1a028ba8fdd5469b163e04011def47.
Running "alumacc" on wrapper $extern:wrap:$mul:Y_WIDTH=20:B_WIDTH=20:A_WIDTH=20:B_SIGNED=0:A_SIGNED=0:394426c56d1a028ba8fdd5469b163e04011def47.
Using template $extern:wrap:$mul:Y_WIDTH=20:B_WIDTH=20:A_WIDTH=20:B_SIGNED=0:A_SIGNED=0:394426c56d1a028ba8fdd5469b163e04011def47 for cells of type $extern:wrap:$mul:Y_WIDTH=20:B_WIDTH=20:A_WIDTH=20:B_SIGNED=0:A_SIGNED=0:394426c56d1a028ba8fdd5469b163e04011def47.
Running "alumacc" on wrapper $extern:wrap:$add:Y_WIDTH=20:B_WIDTH=20:A_WIDTH=20:B_SIGNED=0:A_SIGNED=0:394426c56d1a028ba8fdd5469b163e04011def47.
Using template $extern:wrap:$add:Y_WIDTH=20:B_WIDTH=20:A_WIDTH=20:B_SIGNED=0:A_SIGNED=0:394426c56d1a028ba8fdd5469b163e04011def47 for cells of type $extern:wrap:$add:Y_WIDTH=20:B_WIDTH=20:A_WIDTH=20:B_SIGNED=0:A_SIGNED=0:394426c56d1a028ba8fdd5469b163e04011def47.
Running "alumacc" on wrapper $extern:wrap:$add:Y_WIDTH=14:B_WIDTH=14:A_WIDTH=14:B_SIGNED=0:A_SIGNED=0:394426c56d1a028ba8fdd5469b163e04011def47.
Using template $extern:wrap:$add:Y_WIDTH=14:B_WIDTH=14:A_WIDTH=14:B_SIGNED=0:A_SIGNED=0:394426c56d1a028ba8fdd5469b163e04011def47 for cells of type $extern:wrap:$add:Y_WIDTH=14:B_WIDTH=14:A_WIDTH=14:B_SIGNED=0:A_SIGNED=0:394426c56d1a028ba8fdd5469b163e04011def47.
Using extmapper simplemap for cells of type $pmux.
Using extmapper maccmap for cells of type $macc_v2.
  add { 10'0000000000 \tapd [5009:5000] } * { 12'000000000000 \c_d2 [255:248] } (20x20 bits, unsigned)
  add { 10'0000000000 \tapd [4849:4840] } * { 12'000000000000 \c_d2 [247:240] } (20x20 bits, unsigned)
Using template $paramod$6fc37af1c109ae54e8aed83fcd995c12d378ce93\_90_alu for cells of type $alu.
  add { 10'0000000000 \tapd [4689:4680] } * { 12'000000000000 \c_d2 [239:232] } (20x20 bits, unsigned)
Using template $paramod$f75104962f6921b68d7c4127a80fb9b9f6f74382\_90_alu for cells of type $alu.
Using template $paramod$88c684be3b0c454edf76bb30cb93069ee379ec5b\_90_alu for cells of type $alu.
  add { 10'0000000000 \tapd [4529:4520] } * { 12'000000000000 \c_d2 [231:224] } (20x20 bits, unsigned)
  add { 10'0000000000 \tapd [4369:4360] } * { 12'000000000000 \c_d2 [223:216] } (20x20 bits, unsigned)
  add { 10'0000000000 \tapd [4209:4200] } * { 12'000000000000 \c_d2 [215:208] } (20x20 bits, unsigned)
  add { 10'0000000000 \tapd [4049:4040] } * { 12'000000000000 \c_d2 [207:200] } (20x20 bits, unsigned)
  add { 10'0000000000 \tapd [3889:3880] } * { 12'000000000000 \c_d2 [199:192] } (20x20 bits, unsigned)
  add { 10'0000000000 \tapd [3729:3720] } * { 12'000000000000 \c_d2 [191:184] } (20x20 bits, unsigned)
  add { 10'0000000000 \tapd [3569:3560] } * { 12'000000000000 \c_d2 [183:176] } (20x20 bits, unsigned)
  add { 10'0000000000 \tapd [3409:3400] } * { 12'000000000000 \c_d2 [175:168] } (20x20 bits, unsigned)
  add { 10'0000000000 \tapd [3249:3240] } * { 12'000000000000 \c_d2 [167:160] } (20x20 bits, unsigned)
  add { 10'0000000000 \tapd [3089:3080] } * { 12'000000000000 \c_d2 [159:152] } (20x20 bits, unsigned)
  add { 10'0000000000 \tapd [2929:2920] } * { 12'000000000000 \c_d2 [151:144] } (20x20 bits, unsigned)
  add { 10'0000000000 \tapd [2769:2760] } * { 12'000000000000 \c_d2 [143:136] } (20x20 bits, unsigned)
  add { 10'0000000000 \tapd [2609:2600] } * { 12'000000000000 \c_d2 [135:128] } (20x20 bits, unsigned)
  add { 10'0000000000 \tapd [2449:2440] } * { 12'000000000000 \c_d2 [127:120] } (20x20 bits, unsigned)
  add { 10'0000000000 \tapd [2289:2280] } * { 12'000000000000 \c_d2 [119:112] } (20x20 bits, unsigned)
  add { 10'0000000000 \tapd [2129:2120] } * { 12'000000000000 \c_d2 [111:104] } (20x20 bits, unsigned)
  add { 10'0000000000 \tapd [1969:1960] } * { 12'000000000000 \c_d2 [103:96] } (20x20 bits, unsigned)
  add { 10'0000000000 \tapd [1809:1800] } * { 12'000000000000 \c_d2 [95:88] } (20x20 bits, unsigned)
  add { 10'0000000000 \tapd [1649:1640] } * { 12'000000000000 \c_d2 [87:80] } (20x20 bits, unsigned)
  add { 10'0000000000 \tapd [1489:1480] } * { 12'000000000000 \c_d2 [79:72] } (20x20 bits, unsigned)
  add { 10'0000000000 \tapd [1329:1320] } * { 12'000000000000 \c_d2 [71:64] } (20x20 bits, unsigned)
  add { 10'0000000000 \tapd [1169:1160] } * { 12'000000000000 \c_d2 [63:56] } (20x20 bits, unsigned)
  add { 10'0000000000 \tapd [1009:1000] } * { 12'000000000000 \c_d2 [55:48] } (20x20 bits, unsigned)
  add { 10'0000000000 \tapd [849:840] } * { 12'000000000000 \c_d2 [47:40] } (20x20 bits, unsigned)
  add { 10'0000000000 \tapd [689:680] } * { 12'000000000000 \c_d2 [39:32] } (20x20 bits, unsigned)
  add { 10'0000000000 \tapd [529:520] } * { 12'000000000000 \c_d2 [31:24] } (20x20 bits, unsigned)
  add { 10'0000000000 \tapd [369:360] } * { 12'000000000000 \c_d2 [23:16] } (20x20 bits, unsigned)
  add { 10'0000000000 \tapd [209:200] } * { 12'000000000000 \c_d2 [15:8] } (20x20 bits, unsigned)
  add { 10'0000000000 \tapd [49:40] } * { 12'000000000000 \c_d2 [7:0] } (20x20 bits, unsigned)
Using template $paramod$091610cd349a68bd5539cffd7126f0d76e9bca00\_90_alu for cells of type $alu.
  add { 10'0000000000 \tapd [7879:7870] } * { 12'000000000000 \cbp_d2 } (20x20 bits, unsigned)
  add { 10'0000000000 \tapd [7719:7710] } * { 12'000000000000 \c_d2 [391:384] } (20x20 bits, unsigned)
  add { 10'0000000000 \tapd [7559:7550] } * { 12'000000000000 \c_d2 [383:376] } (20x20 bits, unsigned)
  add { 10'0000000000 \tapd [7399:7390] } * { 12'000000000000 \c_d2 [375:368] } (20x20 bits, unsigned)
  add { 10'0000000000 \tapd [7239:7230] } * { 12'000000000000 \c_d2 [367:360] } (20x20 bits, unsigned)
  add { 10'0000000000 \tapd [7079:7070] } * { 12'000000000000 \c_d2 [359:352] } (20x20 bits, unsigned)
  add { 10'0000000000 \tapd [6919:6910] } * { 12'000000000000 \c_d2 [351:344] } (20x20 bits, unsigned)
  add { 10'0000000000 \tapd [6759:6750] } * { 12'000000000000 \c_d2 [343:336] } (20x20 bits, unsigned)
  add { 10'0000000000 \tapd [6599:6590] } * { 12'000000000000 \c_d2 [335:328] } (20x20 bits, unsigned)
  add { 10'0000000000 \tapd [6439:6430] } * { 12'000000000000 \c_d2 [327:320] } (20x20 bits, unsigned)
  add { 10'0000000000 \tapd [6279:6270] } * { 12'000000000000 \c_d2 [319:312] } (20x20 bits, unsigned)
  add { 10'0000000000 \tapd [6119:6110] } * { 12'000000000000 \c_d2 [311:304] } (20x20 bits, unsigned)
  add { 10'0000000000 \tapd [5959:5950] } * { 12'000000000000 \c_d2 [303:296] } (20x20 bits, unsigned)
  add { 10'0000000000 \tapd [5799:5790] } * { 12'000000000000 \c_d2 [295:288] } (20x20 bits, unsigned)
  add { 10'0000000000 \tapd [5639:5630] } * { 12'000000000000 \c_d2 [287:280] } (20x20 bits, unsigned)
  add { 10'0000000000 \tapd [5479:5470] } * { 12'000000000000 \c_d2 [279:272] } (20x20 bits, unsigned)
  add { 10'0000000000 \tapd [5319:5310] } * { 12'000000000000 \c_d2 [271:264] } (20x20 bits, unsigned)
  add { 10'0000000000 \tapd [5159:5150] } * { 12'000000000000 \c_d2 [263:256] } (20x20 bits, unsigned)
  add { 10'0000000000 \tapd [4999:4990] } * { 12'000000000000 \c_d2 [255:248] } (20x20 bits, unsigned)
  add { 10'0000000000 \tapd [4839:4830] } * { 12'000000000000 \c_d2 [247:240] } (20x20 bits, unsigned)
  add { 10'0000000000 \tapd [4679:4670] } * { 12'000000000000 \c_d2 [239:232] } (20x20 bits, unsigned)
  add { 10'0000000000 \tapd [4519:4510] } * { 12'000000000000 \c_d2 [231:224] } (20x20 bits, unsigned)
  add { 10'0000000000 \tapd [4359:4350] } * { 12'000000000000 \c_d2 [223:216] } (20x20 bits, unsigned)
  add { 10'0000000000 \tapd [4199:4190] } * { 12'000000000000 \c_d2 [215:208] } (20x20 bits, unsigned)
  add { 10'0000000000 \tapd [4039:4030] } * { 12'000000000000 \c_d2 [207:200] } (20x20 bits, unsigned)
  add { 10'0000000000 \tapd [3879:3870] } * { 12'000000000000 \c_d2 [199:192] } (20x20 bits, unsigned)
  add { 10'0000000000 \tapd [3719:3710] } * { 12'000000000000 \c_d2 [191:184] } (20x20 bits, unsigned)
  add { 10'0000000000 \tapd [3559:3550] } * { 12'000000000000 \c_d2 [183:176] } (20x20 bits, unsigned)
  add { 10'0000000000 \tapd [3399:3390] } * { 12'000000000000 \c_d2 [175:168] } (20x20 bits, unsigned)
  add { 10'0000000000 \tapd [3239:3230] } * { 12'000000000000 \c_d2 [167:160] } (20x20 bits, unsigned)
  add { 10'0000000000 \tapd [3079:3070] } * { 12'000000000000 \c_d2 [159:152] } (20x20 bits, unsigned)
  add { 10'0000000000 \tapd [2919:2910] } * { 12'000000000000 \c_d2 [151:144] } (20x20 bits, unsigned)
  add { 10'0000000000 \tapd [2759:2750] } * { 12'000000000000 \c_d2 [143:136] } (20x20 bits, unsigned)
  add { 10'0000000000 \tapd [2599:2590] } * { 12'000000000000 \c_d2 [135:128] } (20x20 bits, unsigned)
  add { 10'0000000000 \tapd [2439:2430] } * { 12'000000000000 \c_d2 [127:120] } (20x20 bits, unsigned)
  add { 10'0000000000 \tapd [2279:2270] } * { 12'000000000000 \c_d2 [119:112] } (20x20 bits, unsigned)
  add { 10'0000000000 \tapd [2119:2110] } * { 12'000000000000 \c_d2 [111:104] } (20x20 bits, unsigned)
  add { 10'0000000000 \tapd [1959:1950] } * { 12'000000000000 \c_d2 [103:96] } (20x20 bits, unsigned)
  add { 10'0000000000 \tapd [1799:1790] } * { 12'000000000000 \c_d2 [95:88] } (20x20 bits, unsigned)
  add { 10'0000000000 \tapd [1639:1630] } * { 12'000000000000 \c_d2 [87:80] } (20x20 bits, unsigned)
  add { 10'0000000000 \tapd [1479:1470] } * { 12'000000000000 \c_d2 [79:72] } (20x20 bits, unsigned)
  add { 10'0000000000 \tapd [1319:1310] } * { 12'000000000000 \c_d2 [71:64] } (20x20 bits, unsigned)
  add { 10'0000000000 \tapd [1159:1150] } * { 12'000000000000 \c_d2 [63:56] } (20x20 bits, unsigned)
  add { 10'0000000000 \tapd [999:990] } * { 12'000000000000 \c_d2 [55:48] } (20x20 bits, unsigned)
  add { 10'0000000000 \tapd [839:830] } * { 12'000000000000 \c_d2 [47:40] } (20x20 bits, unsigned)
  add { 10'0000000000 \tapd [679:670] } * { 12'000000000000 \c_d2 [39:32] } (20x20 bits, unsigned)
  add { 10'0000000000 \tapd [519:510] } * { 12'000000000000 \c_d2 [31:24] } (20x20 bits, unsigned)
  add { 10'0000000000 \tapd [359:350] } * { 12'000000000000 \c_d2 [23:16] } (20x20 bits, unsigned)
  add { 10'0000000000 \tapd [199:190] } * { 12'000000000000 \c_d2 [15:8] } (20x20 bits, unsigned)
  add { 10'0000000000 \tapd [39:30] } * { 12'000000000000 \c_d2 [7:0] } (20x20 bits, unsigned)
  add { 10'0000000000 \tapd [7869:7860] } * { 12'000000000000 \cbp_d2 } (20x20 bits, unsigned)
  add { 10'0000000000 \tapd [7709:7700] } * { 12'000000000000 \c_d2 [391:384] } (20x20 bits, unsigned)
  add { 10'0000000000 \tapd [7549:7540] } * { 12'000000000000 \c_d2 [383:376] } (20x20 bits, unsigned)
  add { 10'0000000000 \tapd [7389:7380] } * { 12'000000000000 \c_d2 [375:368] } (20x20 bits, unsigned)
  add { 10'0000000000 \tapd [7229:7220] } * { 12'000000000000 \c_d2 [367:360] } (20x20 bits, unsigned)
  add { 10'0000000000 \tapd [7069:7060] } * { 12'000000000000 \c_d2 [359:352] } (20x20 bits, unsigned)
  add { 10'0000000000 \tapd [6909:6900] } * { 12'000000000000 \c_d2 [351:344] } (20x20 bits, unsigned)
  add { 10'0000000000 \tapd [6749:6740] } * { 12'000000000000 \c_d2 [343:336] } (20x20 bits, unsigned)
  add { 10'0000000000 \tapd [6589:6580] } * { 12'000000000000 \c_d2 [335:328] } (20x20 bits, unsigned)
  add { 10'0000000000 \tapd [6429:6420] } * { 12'000000000000 \c_d2 [327:320] } (20x20 bits, unsigned)
  add { 10'0000000000 \tapd [6269:6260] } * { 12'000000000000 \c_d2 [319:312] } (20x20 bits, unsigned)
  add { 10'0000000000 \tapd [6109:6100] } * { 12'000000000000 \c_d2 [311:304] } (20x20 bits, unsigned)
  add { 10'0000000000 \tapd [5949:5940] } * { 12'000000000000 \c_d2 [303:296] } (20x20 bits, unsigned)
  add { 10'0000000000 \tapd [5789:5780] } * { 12'000000000000 \c_d2 [295:288] } (20x20 bits, unsigned)
  add { 10'0000000000 \tapd [5629:5620] } * { 12'000000000000 \c_d2 [287:280] } (20x20 bits, unsigned)
  add { 10'0000000000 \tapd [5469:5460] } * { 12'000000000000 \c_d2 [279:272] } (20x20 bits, unsigned)
  add { 10'0000000000 \tapd [5309:5300] } * { 12'000000000000 \c_d2 [271:264] } (20x20 bits, unsigned)
  add { 10'0000000000 \tapd [5149:5140] } * { 12'000000000000 \c_d2 [263:256] } (20x20 bits, unsigned)
  add { 10'0000000000 \tapd [4989:4980] } * { 12'000000000000 \c_d2 [255:248] } (20x20 bits, unsigned)
  add { 10'0000000000 \tapd [4829:4820] } * { 12'000000000000 \c_d2 [247:240] } (20x20 bits, unsigned)
  add { 10'0000000000 \tapd [4669:4660] } * { 12'000000000000 \c_d2 [239:232] } (20x20 bits, unsigned)
  add { 10'0000000000 \tapd [4509:4500] } * { 12'000000000000 \c_d2 [231:224] } (20x20 bits, unsigned)
  add { 10'0000000000 \tapd [4349:4340] } * { 12'000000000000 \c_d2 [223:216] } (20x20 bits, unsigned)
  add { 10'0000000000 \tapd [4189:4180] } * { 12'000000000000 \c_d2 [215:208] } (20x20 bits, unsigned)
  add { 10'0000000000 \tapd [4029:4020] } * { 12'000000000000 \c_d2 [207:200] } (20x20 bits, unsigned)
  add { 10'0000000000 \tapd [3869:3860] } * { 12'000000000000 \c_d2 [199:192] } (20x20 bits, unsigned)
  add { 10'0000000000 \tapd [3709:3700] } * { 12'000000000000 \c_d2 [191:184] } (20x20 bits, unsigned)
  add { 10'0000000000 \tapd [3549:3540] } * { 12'000000000000 \c_d2 [183:176] } (20x20 bits, unsigned)
  add { 10'0000000000 \tapd [3389:3380] } * { 12'000000000000 \c_d2 [175:168] } (20x20 bits, unsigned)
  add { 10'0000000000 \tapd [3229:3220] } * { 12'000000000000 \c_d2 [167:160] } (20x20 bits, unsigned)
  add { 10'0000000000 \tapd [3069:3060] } * { 12'000000000000 \c_d2 [159:152] } (20x20 bits, unsigned)
  add { 10'0000000000 \tapd [2909:2900] } * { 12'000000000000 \c_d2 [151:144] } (20x20 bits, unsigned)
  add { 10'0000000000 \tapd [2749:2740] } * { 12'000000000000 \c_d2 [143:136] } (20x20 bits, unsigned)
  add { 10'0000000000 \tapd [2589:2580] } * { 12'000000000000 \c_d2 [135:128] } (20x20 bits, unsigned)
  add { 10'0000000000 \tapd [2429:2420] } * { 12'000000000000 \c_d2 [127:120] } (20x20 bits, unsigned)
  add { 10'0000000000 \tapd [2269:2260] } * { 12'000000000000 \c_d2 [119:112] } (20x20 bits, unsigned)
  add { 10'0000000000 \tapd [2109:2100] } * { 12'000000000000 \c_d2 [111:104] } (20x20 bits, unsigned)
  add { 10'0000000000 \tapd [1949:1940] } * { 12'000000000000 \c_d2 [103:96] } (20x20 bits, unsigned)
  add { 10'0000000000 \tapd [1789:1780] } * { 12'000000000000 \c_d2 [95:88] } (20x20 bits, unsigned)
  add { 10'0000000000 \tapd [1629:1620] } * { 12'000000000000 \c_d2 [87:80] } (20x20 bits, unsigned)
  add { 10'0000000000 \tapd [1469:1460] } * { 12'000000000000 \c_d2 [79:72] } (20x20 bits, unsigned)
  add { 10'0000000000 \tapd [1309:1300] } * { 12'000000000000 \c_d2 [71:64] } (20x20 bits, unsigned)
  add { 10'0000000000 \tapd [1149:1140] } * { 12'000000000000 \c_d2 [63:56] } (20x20 bits, unsigned)
  add { 10'0000000000 \tapd [989:980] } * { 12'000000000000 \c_d2 [55:48] } (20x20 bits, unsigned)
  add { 10'0000000000 \tapd [829:820] } * { 12'000000000000 \c_d2 [47:40] } (20x20 bits, unsigned)
  add { 10'0000000000 \tapd [669:660] } * { 12'000000000000 \c_d2 [39:32] } (20x20 bits, unsigned)
  add { 10'0000000000 \tapd [509:500] } * { 12'000000000000 \c_d2 [31:24] } (20x20 bits, unsigned)
  add { 10'0000000000 \tapd [349:340] } * { 12'000000000000 \c_d2 [23:16] } (20x20 bits, unsigned)
  add { 10'0000000000 \tapd [189:180] } * { 12'000000000000 \c_d2 [15:8] } (20x20 bits, unsigned)
  add { 10'0000000000 \tapd [29:20] } * { 12'000000000000 \c_d2 [7:0] } (20x20 bits, unsigned)
Using template $paramod$7e708ae28ab761f11d0fb59d3ffc72f6a4baf5d9\_90_alu for cells of type $alu.
Using template $paramod$dbcdc7e8aa1a4080cea2deda6fdc8772064f4d90\_90_alu for cells of type $alu.
Using template $paramod$00298f3f8094950cb9a5ff2fda48d0d8bde8806c\_90_alu for cells of type $alu.
Using template $paramod$ee3d784672cdb1cb32d9a801a3af776716f16b74\_90_alu for cells of type $alu.
  add { 10'0000000000 \tapd [7859:7850] } * { 12'000000000000 \cbp_d2 } (20x20 bits, unsigned)
Using template $paramod$78e969f2586efcf3a5b0b0440bcca0db83d5cca2\_90_alu for cells of type $alu.
  add { 10'0000000000 \tapd [7699:7690] } * { 12'000000000000 \c_d2 [391:384] } (20x20 bits, unsigned)
  add { 10'0000000000 \tapd [7539:7530] } * { 12'000000000000 \c_d2 [383:376] } (20x20 bits, unsigned)
  add { 10'0000000000 \tapd [7379:7370] } * { 12'000000000000 \c_d2 [375:368] } (20x20 bits, unsigned)
Using template $paramod$d2fa05d38998afabc6d4f34471305d0af4b8b2df\_90_alu for cells of type $alu.
  add { 10'0000000000 \tapd [7219:7210] } * { 12'000000000000 \c_d2 [367:360] } (20x20 bits, unsigned)
  add { 10'0000000000 \tapd [7059:7050] } * { 12'000000000000 \c_d2 [359:352] } (20x20 bits, unsigned)
Using template $paramod$740b056ede97228d3eae64ea2fdc81f0a33e0fe7\_90_alu for cells of type $alu.
  add { 10'0000000000 \tapd [6899:6890] } * { 12'000000000000 \c_d2 [351:344] } (20x20 bits, unsigned)
  add { 10'0000000000 \tapd [6739:6730] } * { 12'000000000000 \c_d2 [343:336] } (20x20 bits, unsigned)
Using template $paramod$b18e16801adf491a64caa0542270798e5d4ac6b6\_90_alu for cells of type $alu.
  add { 10'0000000000 \tapd [6579:6570] } * { 12'000000000000 \c_d2 [335:328] } (20x20 bits, unsigned)
  add { 10'0000000000 \tapd [6419:6410] } * { 12'000000000000 \c_d2 [327:320] } (20x20 bits, unsigned)
  add { 10'0000000000 \tapd [6259:6250] } * { 12'000000000000 \c_d2 [319:312] } (20x20 bits, unsigned)
  add { 10'0000000000 \tapd [6099:6090] } * { 12'000000000000 \c_d2 [311:304] } (20x20 bits, unsigned)
  add { 10'0000000000 \tapd [5939:5930] } * { 12'000000000000 \c_d2 [303:296] } (20x20 bits, unsigned)
Using template $paramod$2780480d52179e2db572a6e5133edf36e733d32e\_90_alu for cells of type $alu.
  add { 10'0000000000 \tapd [5779:5770] } * { 12'000000000000 \c_d2 [295:288] } (20x20 bits, unsigned)
  add { 10'0000000000 \tapd [5619:5610] } * { 12'000000000000 \c_d2 [287:280] } (20x20 bits, unsigned)
  add { 10'0000000000 \tapd [5459:5450] } * { 12'000000000000 \c_d2 [279:272] } (20x20 bits, unsigned)
  add { 10'0000000000 \tapd [5299:5290] } * { 12'000000000000 \c_d2 [271:264] } (20x20 bits, unsigned)
  add { 10'0000000000 \tapd [5139:5130] } * { 12'000000000000 \c_d2 [263:256] } (20x20 bits, unsigned)
Using template $paramod$ec32b97001540459632a2df9accd677d3703ea0f\_90_alu for cells of type $alu.
  add { 10'0000000000 \tapd [4979:4970] } * { 12'000000000000 \c_d2 [255:248] } (20x20 bits, unsigned)
  add { 10'0000000000 \tapd [4819:4810] } * { 12'000000000000 \c_d2 [247:240] } (20x20 bits, unsigned)
  add { 10'0000000000 \tapd [4659:4650] } * { 12'000000000000 \c_d2 [239:232] } (20x20 bits, unsigned)
Using template $paramod$484d51534650924b7ed4c69e46eed3a56904771f\_90_alu for cells of type $alu.
  add { 10'0000000000 \tapd [4499:4490] } * { 12'000000000000 \c_d2 [231:224] } (20x20 bits, unsigned)
  add { 10'0000000000 \tapd [4339:4330] } * { 12'000000000000 \c_d2 [223:216] } (20x20 bits, unsigned)
  add { 10'0000000000 \tapd [4179:4170] } * { 12'000000000000 \c_d2 [215:208] } (20x20 bits, unsigned)
  add { 10'0000000000 \tapd [4019:4010] } * { 12'000000000000 \c_d2 [207:200] } (20x20 bits, unsigned)
  add { 10'0000000000 \tapd [3859:3850] } * { 12'000000000000 \c_d2 [199:192] } (20x20 bits, unsigned)
Using template $paramod$a1bc51c02ce12ac21eb18988e83292af48ed7d72\_90_alu for cells of type $alu.
  add { 10'0000000000 \tapd [3699:3690] } * { 12'000000000000 \c_d2 [191:184] } (20x20 bits, unsigned)
  add { 10'0000000000 \tapd [3539:3530] } * { 12'000000000000 \c_d2 [183:176] } (20x20 bits, unsigned)
  add { 10'0000000000 \tapd [3379:3370] } * { 12'000000000000 \c_d2 [175:168] } (20x20 bits, unsigned)
  add { 10'0000000000 \tapd [3219:3210] } * { 12'000000000000 \c_d2 [167:160] } (20x20 bits, unsigned)
  add { 10'0000000000 \tapd [3059:3050] } * { 12'000000000000 \c_d2 [159:152] } (20x20 bits, unsigned)
  add { 10'0000000000 \tapd [2899:2890] } * { 12'000000000000 \c_d2 [151:144] } (20x20 bits, unsigned)
  add { 10'0000000000 \tapd [2739:2730] } * { 12'000000000000 \c_d2 [143:136] } (20x20 bits, unsigned)
  add { 10'0000000000 \tapd [2579:2570] } * { 12'000000000000 \c_d2 [135:128] } (20x20 bits, unsigned)
Using template $paramod$893bb1ce44f3f19346694c344dc917341d4dac27\_90_alu for cells of type $alu.
  add { 10'0000000000 \tapd [2419:2410] } * { 12'000000000000 \c_d2 [127:120] } (20x20 bits, unsigned)
  add { 10'0000000000 \tapd [2259:2250] } * { 12'000000000000 \c_d2 [119:112] } (20x20 bits, unsigned)
  add { 10'0000000000 \tapd [2099:2090] } * { 12'000000000000 \c_d2 [111:104] } (20x20 bits, unsigned)
  add { 10'0000000000 \tapd [1939:1930] } * { 12'000000000000 \c_d2 [103:96] } (20x20 bits, unsigned)
Using template $paramod$3949ff0a43b1bf95139ffc95c5c6cede92f07247\_90_alu for cells of type $alu.
  add { 10'0000000000 \tapd [1779:1770] } * { 12'000000000000 \c_d2 [95:88] } (20x20 bits, unsigned)
  add { 10'0000000000 \tapd [1619:1610] } * { 12'000000000000 \c_d2 [87:80] } (20x20 bits, unsigned)
  add { 10'0000000000 \tapd [1459:1450] } * { 12'000000000000 \c_d2 [79:72] } (20x20 bits, unsigned)
  add { 10'0000000000 \tapd [1299:1290] } * { 12'000000000000 \c_d2 [71:64] } (20x20 bits, unsigned)
Using template $paramod$a5cf6b7286e9c36d81c75de214460a5918ca8dc6\_90_alu for cells of type $alu.
  add { 10'0000000000 \tapd [1139:1130] } * { 12'000000000000 \c_d2 [63:56] } (20x20 bits, unsigned)
  add { 10'0000000000 \tapd [979:970] } * { 12'000000000000 \c_d2 [55:48] } (20x20 bits, unsigned)
  add { 10'0000000000 \tapd [819:810] } * { 12'000000000000 \c_d2 [47:40] } (20x20 bits, unsigned)
  add { 10'0000000000 \tapd [659:650] } * { 12'000000000000 \c_d2 [39:32] } (20x20 bits, unsigned)
  add { 10'0000000000 \tapd [499:490] } * { 12'000000000000 \c_d2 [31:24] } (20x20 bits, unsigned)
  add { 10'0000000000 \tapd [339:330] } * { 12'000000000000 \c_d2 [23:16] } (20x20 bits, unsigned)
  add { 10'0000000000 \tapd [179:170] } * { 12'000000000000 \c_d2 [15:8] } (20x20 bits, unsigned)
  add { 10'0000000000 \tapd [19:10] } * { 12'000000000000 \c_d2 [7:0] } (20x20 bits, unsigned)
Using template $paramod$3fb9412342983df32008a9ed51ae84b736b6f2c6\_90_alu for cells of type $alu.
  add { 10'0000000000 \tapd [7849:7840] } * { 12'000000000000 \cbp_d2 } (20x20 bits, unsigned)
  add { 10'0000000000 \tapd [7689:7680] } * { 12'000000000000 \c_d2 [391:384] } (20x20 bits, unsigned)
  add { 10'0000000000 \tapd [7529:7520] } * { 12'000000000000 \c_d2 [383:376] } (20x20 bits, unsigned)
  add { 10'0000000000 \tapd [7369:7360] } * { 12'000000000000 \c_d2 [375:368] } (20x20 bits, unsigned)
  add { 10'0000000000 \tapd [7209:7200] } * { 12'000000000000 \c_d2 [367:360] } (20x20 bits, unsigned)
  add { 10'0000000000 \tapd [7049:7040] } * { 12'000000000000 \c_d2 [359:352] } (20x20 bits, unsigned)
  add { 10'0000000000 \tapd [6889:6880] } * { 12'000000000000 \c_d2 [351:344] } (20x20 bits, unsigned)
  add { 10'0000000000 \tapd [6729:6720] } * { 12'000000000000 \c_d2 [343:336] } (20x20 bits, unsigned)
  add { 10'0000000000 \tapd [6569:6560] } * { 12'000000000000 \c_d2 [335:328] } (20x20 bits, unsigned)
  add { 10'0000000000 \tapd [6409:6400] } * { 12'000000000000 \c_d2 [327:320] } (20x20 bits, unsigned)
  add { 10'0000000000 \tapd [6249:6240] } * { 12'000000000000 \c_d2 [319:312] } (20x20 bits, unsigned)
  add { 10'0000000000 \tapd [6089:6080] } * { 12'000000000000 \c_d2 [311:304] } (20x20 bits, unsigned)
  add { 10'0000000000 \tapd [5929:5920] } * { 12'000000000000 \c_d2 [303:296] } (20x20 bits, unsigned)
  add { 10'0000000000 \tapd [5769:5760] } * { 12'000000000000 \c_d2 [295:288] } (20x20 bits, unsigned)
  add { 10'0000000000 \tapd [5609:5600] } * { 12'000000000000 \c_d2 [287:280] } (20x20 bits, unsigned)
  add { 10'0000000000 \tapd [5449:5440] } * { 12'000000000000 \c_d2 [279:272] } (20x20 bits, unsigned)
  add { 10'0000000000 \tapd [5289:5280] } * { 12'000000000000 \c_d2 [271:264] } (20x20 bits, unsigned)
  add { 10'0000000000 \tapd [5129:5120] } * { 12'000000000000 \c_d2 [263:256] } (20x20 bits, unsigned)
  add { 10'0000000000 \tapd [4969:4960] } * { 12'000000000000 \c_d2 [255:248] } (20x20 bits, unsigned)
  add { 10'0000000000 \tapd [4809:4800] } * { 12'000000000000 \c_d2 [247:240] } (20x20 bits, unsigned)
  add { 10'0000000000 \tapd [4649:4640] } * { 12'000000000000 \c_d2 [239:232] } (20x20 bits, unsigned)
  add { 10'0000000000 \tapd [4489:4480] } * { 12'000000000000 \c_d2 [231:224] } (20x20 bits, unsigned)
  add { 10'0000000000 \tapd [4329:4320] } * { 12'000000000000 \c_d2 [223:216] } (20x20 bits, unsigned)
  add { 10'0000000000 \tapd [4169:4160] } * { 12'000000000000 \c_d2 [215:208] } (20x20 bits, unsigned)
  add { 10'0000000000 \tapd [4009:4000] } * { 12'000000000000 \c_d2 [207:200] } (20x20 bits, unsigned)
  add { 10'0000000000 \tapd [3849:3840] } * { 12'000000000000 \c_d2 [199:192] } (20x20 bits, unsigned)
Using template $paramod$c2bfacc5261d30170aaf1c78f513e78290b287c3\_90_alu for cells of type $alu.
  add { 10'0000000000 \tapd [3689:3680] } * { 12'000000000000 \c_d2 [191:184] } (20x20 bits, unsigned)
  add { 10'0000000000 \tapd [3529:3520] } * { 12'000000000000 \c_d2 [183:176] } (20x20 bits, unsigned)
  add { 10'0000000000 \tapd [3369:3360] } * { 12'000000000000 \c_d2 [175:168] } (20x20 bits, unsigned)
  add { 10'0000000000 \tapd [3209:3200] } * { 12'000000000000 \c_d2 [167:160] } (20x20 bits, unsigned)
  add { 10'0000000000 \tapd [3049:3040] } * { 12'000000000000 \c_d2 [159:152] } (20x20 bits, unsigned)
  add { 10'0000000000 \tapd [2889:2880] } * { 12'000000000000 \c_d2 [151:144] } (20x20 bits, unsigned)
  add { 10'0000000000 \tapd [2729:2720] } * { 12'000000000000 \c_d2 [143:136] } (20x20 bits, unsigned)
  add { 10'0000000000 \tapd [2569:2560] } * { 12'000000000000 \c_d2 [135:128] } (20x20 bits, unsigned)
  add { 10'0000000000 \tapd [2409:2400] } * { 12'000000000000 \c_d2 [127:120] } (20x20 bits, unsigned)
  add { 10'0000000000 \tapd [2249:2240] } * { 12'000000000000 \c_d2 [119:112] } (20x20 bits, unsigned)
  add { 10'0000000000 \tapd [2089:2080] } * { 12'000000000000 \c_d2 [111:104] } (20x20 bits, unsigned)
  add { 10'0000000000 \tapd [1929:1920] } * { 12'000000000000 \c_d2 [103:96] } (20x20 bits, unsigned)
  add { 10'0000000000 \tapd [1769:1760] } * { 12'000000000000 \c_d2 [95:88] } (20x20 bits, unsigned)
  add { 10'0000000000 \tapd [1609:1600] } * { 12'000000000000 \c_d2 [87:80] } (20x20 bits, unsigned)
  add { 10'0000000000 \tapd [1449:1440] } * { 12'000000000000 \c_d2 [79:72] } (20x20 bits, unsigned)
  add { 10'0000000000 \tapd [1289:1280] } * { 12'000000000000 \c_d2 [71:64] } (20x20 bits, unsigned)
  add { 10'0000000000 \tapd [1129:1120] } * { 12'000000000000 \c_d2 [63:56] } (20x20 bits, unsigned)
  add { 10'0000000000 \tapd [969:960] } * { 12'000000000000 \c_d2 [55:48] } (20x20 bits, unsigned)
  add { 10'0000000000 \tapd [809:800] } * { 12'000000000000 \c_d2 [47:40] } (20x20 bits, unsigned)
  add { 10'0000000000 \tapd [649:640] } * { 12'000000000000 \c_d2 [39:32] } (20x20 bits, unsigned)
  add { 10'0000000000 \tapd [489:480] } * { 12'000000000000 \c_d2 [31:24] } (20x20 bits, unsigned)
  add { 10'0000000000 \tapd [329:320] } * { 12'000000000000 \c_d2 [23:16] } (20x20 bits, unsigned)
  add { 10'0000000000 \tapd [169:160] } * { 12'000000000000 \c_d2 [15:8] } (20x20 bits, unsigned)
  add { 10'0000000000 \tapd [9:0] } * { 12'000000000000 \c_d2 [7:0] } (20x20 bits, unsigned)
Using template $paramod$8c43a4b340292425d0e15ee12ac6b01ca30bc5f3\_90_alu for cells of type $alu.
  add { 10'0000000000 \tapd [5169:5160] } * { 12'000000000000 \c_d2 [263:256] } (20x20 bits, unsigned)
  add { 10'0000000000 \tapd [5329:5320] } * { 12'000000000000 \c_d2 [271:264] } (20x20 bits, unsigned)
  add { 10'0000000000 \tapd [5489:5480] } * { 12'000000000000 \c_d2 [279:272] } (20x20 bits, unsigned)
  add { 10'0000000000 \tapd [5649:5640] } * { 12'000000000000 \c_d2 [287:280] } (20x20 bits, unsigned)
  add { 10'0000000000 \tapd [5809:5800] } * { 12'000000000000 \c_d2 [295:288] } (20x20 bits, unsigned)
  add { 10'0000000000 \tapd [5969:5960] } * { 12'000000000000 \c_d2 [303:296] } (20x20 bits, unsigned)
  add { 10'0000000000 \tapd [6129:6120] } * { 12'000000000000 \c_d2 [311:304] } (20x20 bits, unsigned)
  add { 10'0000000000 \tapd [6289:6280] } * { 12'000000000000 \c_d2 [319:312] } (20x20 bits, unsigned)
  add { 10'0000000000 \tapd [6449:6440] } * { 12'000000000000 \c_d2 [327:320] } (20x20 bits, unsigned)
  add { 10'0000000000 \tapd [6609:6600] } * { 12'000000000000 \c_d2 [335:328] } (20x20 bits, unsigned)
  add { 10'0000000000 \tapd [6769:6760] } * { 12'000000000000 \c_d2 [343:336] } (20x20 bits, unsigned)
  add { 10'0000000000 \tapd [6929:6920] } * { 12'000000000000 \c_d2 [351:344] } (20x20 bits, unsigned)
  add { 10'0000000000 \tapd [7089:7080] } * { 12'000000000000 \c_d2 [359:352] } (20x20 bits, unsigned)
  add { 10'0000000000 \tapd [7249:7240] } * { 12'000000000000 \c_d2 [367:360] } (20x20 bits, unsigned)
  add { 10'0000000000 \tapd [7409:7400] } * { 12'000000000000 \c_d2 [375:368] } (20x20 bits, unsigned)
  add { 10'0000000000 \tapd [7569:7560] } * { 12'000000000000 \c_d2 [383:376] } (20x20 bits, unsigned)
  add { 10'0000000000 \tapd [7729:7720] } * { 12'000000000000 \c_d2 [391:384] } (20x20 bits, unsigned)
  add { 10'0000000000 \tapd [7889:7880] } * { 12'000000000000 \cbp_d2 } (20x20 bits, unsigned)
  add { 10'0000000000 \tapd [59:50] } * { 12'000000000000 \c_d2 [7:0] } (20x20 bits, unsigned)
  add { 10'0000000000 \tapd [219:210] } * { 12'000000000000 \c_d2 [15:8] } (20x20 bits, unsigned)
  add { 10'0000000000 \tapd [379:370] } * { 12'000000000000 \c_d2 [23:16] } (20x20 bits, unsigned)
  add { 10'0000000000 \tapd [539:530] } * { 12'000000000000 \c_d2 [31:24] } (20x20 bits, unsigned)
  add { 10'0000000000 \tapd [699:690] } * { 12'000000000000 \c_d2 [39:32] } (20x20 bits, unsigned)
  add { 10'0000000000 \tapd [859:850] } * { 12'000000000000 \c_d2 [47:40] } (20x20 bits, unsigned)
  add { 10'0000000000 \tapd [1019:1010] } * { 12'000000000000 \c_d2 [55:48] } (20x20 bits, unsigned)
  add { 10'0000000000 \tapd [1179:1170] } * { 12'000000000000 \c_d2 [63:56] } (20x20 bits, unsigned)
  add { 10'0000000000 \tapd [1339:1330] } * { 12'000000000000 \c_d2 [71:64] } (20x20 bits, unsigned)
  add { 10'0000000000 \tapd [1499:1490] } * { 12'000000000000 \c_d2 [79:72] } (20x20 bits, unsigned)
  add { 10'0000000000 \tapd [1659:1650] } * { 12'000000000000 \c_d2 [87:80] } (20x20 bits, unsigned)
  add { 10'0000000000 \tapd [1819:1810] } * { 12'000000000000 \c_d2 [95:88] } (20x20 bits, unsigned)
  add { 10'0000000000 \tapd [1979:1970] } * { 12'000000000000 \c_d2 [103:96] } (20x20 bits, unsigned)
  add { 10'0000000000 \tapd [2139:2130] } * { 12'000000000000 \c_d2 [111:104] } (20x20 bits, unsigned)
  add { 10'0000000000 \tapd [2299:2290] } * { 12'000000000000 \c_d2 [119:112] } (20x20 bits, unsigned)
  add { 10'0000000000 \tapd [2459:2450] } * { 12'000000000000 \c_d2 [127:120] } (20x20 bits, unsigned)
  add { 10'0000000000 \tapd [2619:2610] } * { 12'000000000000 \c_d2 [135:128] } (20x20 bits, unsigned)
  add { 10'0000000000 \tapd [2779:2770] } * { 12'000000000000 \c_d2 [143:136] } (20x20 bits, unsigned)
  add { 10'0000000000 \tapd [2939:2930] } * { 12'000000000000 \c_d2 [151:144] } (20x20 bits, unsigned)
  add { 10'0000000000 \tapd [3099:3090] } * { 12'000000000000 \c_d2 [159:152] } (20x20 bits, unsigned)
  add { 10'0000000000 \tapd [3259:3250] } * { 12'000000000000 \c_d2 [167:160] } (20x20 bits, unsigned)
  add { 10'0000000000 \tapd [3419:3410] } * { 12'000000000000 \c_d2 [175:168] } (20x20 bits, unsigned)
  add { 10'0000000000 \tapd [3579:3570] } * { 12'000000000000 \c_d2 [183:176] } (20x20 bits, unsigned)
  add { 10'0000000000 \tapd [3739:3730] } * { 12'000000000000 \c_d2 [191:184] } (20x20 bits, unsigned)
  add { 10'0000000000 \tapd [3899:3890] } * { 12'000000000000 \c_d2 [199:192] } (20x20 bits, unsigned)
  add { 10'0000000000 \tapd [4059:4050] } * { 12'000000000000 \c_d2 [207:200] } (20x20 bits, unsigned)
  add { 10'0000000000 \tapd [4219:4210] } * { 12'000000000000 \c_d2 [215:208] } (20x20 bits, unsigned)
  add { 10'0000000000 \tapd [4379:4370] } * { 12'000000000000 \c_d2 [223:216] } (20x20 bits, unsigned)
  add { 10'0000000000 \tapd [4539:4530] } * { 12'000000000000 \c_d2 [231:224] } (20x20 bits, unsigned)
  add { 10'0000000000 \tapd [4699:4690] } * { 12'000000000000 \c_d2 [239:232] } (20x20 bits, unsigned)
  add { 10'0000000000 \tapd [4859:4850] } * { 12'000000000000 \c_d2 [247:240] } (20x20 bits, unsigned)
  add { 10'0000000000 \tapd [5019:5010] } * { 12'000000000000 \c_d2 [255:248] } (20x20 bits, unsigned)
  add { 10'0000000000 \tapd [5179:5170] } * { 12'000000000000 \c_d2 [263:256] } (20x20 bits, unsigned)
  add { 10'0000000000 \tapd [5339:5330] } * { 12'000000000000 \c_d2 [271:264] } (20x20 bits, unsigned)
  add { 10'0000000000 \tapd [5499:5490] } * { 12'000000000000 \c_d2 [279:272] } (20x20 bits, unsigned)
  add { 10'0000000000 \tapd [5659:5650] } * { 12'000000000000 \c_d2 [287:280] } (20x20 bits, unsigned)
  add { 10'0000000000 \tapd [5819:5810] } * { 12'000000000000 \c_d2 [295:288] } (20x20 bits, unsigned)
  add { 10'0000000000 \tapd [5979:5970] } * { 12'000000000000 \c_d2 [303:296] } (20x20 bits, unsigned)
  add { 10'0000000000 \tapd [6139:6130] } * { 12'000000000000 \c_d2 [311:304] } (20x20 bits, unsigned)
  add { 10'0000000000 \tapd [6299:6290] } * { 12'000000000000 \c_d2 [319:312] } (20x20 bits, unsigned)
  add { 10'0000000000 \tapd [6459:6450] } * { 12'000000000000 \c_d2 [327:320] } (20x20 bits, unsigned)
  add { 10'0000000000 \tapd [6619:6610] } * { 12'000000000000 \c_d2 [335:328] } (20x20 bits, unsigned)
  add { 10'0000000000 \tapd [6779:6770] } * { 12'000000000000 \c_d2 [343:336] } (20x20 bits, unsigned)
  add { 10'0000000000 \tapd [6939:6930] } * { 12'000000000000 \c_d2 [351:344] } (20x20 bits, unsigned)
  add { 10'0000000000 \tapd [7099:7090] } * { 12'000000000000 \c_d2 [359:352] } (20x20 bits, unsigned)
  add { 10'0000000000 \tapd [7259:7250] } * { 12'000000000000 \c_d2 [367:360] } (20x20 bits, unsigned)
  add { 10'0000000000 \tapd [7419:7410] } * { 12'000000000000 \c_d2 [375:368] } (20x20 bits, unsigned)
  add { 10'0000000000 \tapd [7579:7570] } * { 12'000000000000 \c_d2 [383:376] } (20x20 bits, unsigned)
  add { 10'0000000000 \tapd [7739:7730] } * { 12'000000000000 \c_d2 [391:384] } (20x20 bits, unsigned)
  add { 10'0000000000 \tapd [7899:7890] } * { 12'000000000000 \cbp_d2 } (20x20 bits, unsigned)
  add { 10'0000000000 \tapd [69:60] } * { 12'000000000000 \c_d2 [7:0] } (20x20 bits, unsigned)
  add { 10'0000000000 \tapd [229:220] } * { 12'000000000000 \c_d2 [15:8] } (20x20 bits, unsigned)
  add { 10'0000000000 \tapd [389:380] } * { 12'000000000000 \c_d2 [23:16] } (20x20 bits, unsigned)
  add { 10'0000000000 \tapd [549:540] } * { 12'000000000000 \c_d2 [31:24] } (20x20 bits, unsigned)
  add { 10'0000000000 \tapd [709:700] } * { 12'000000000000 \c_d2 [39:32] } (20x20 bits, unsigned)
  add { 10'0000000000 \tapd [869:860] } * { 12'000000000000 \c_d2 [47:40] } (20x20 bits, unsigned)
  add { 10'0000000000 \tapd [1029:1020] } * { 12'000000000000 \c_d2 [55:48] } (20x20 bits, unsigned)
  add { 10'0000000000 \tapd [1189:1180] } * { 12'000000000000 \c_d2 [63:56] } (20x20 bits, unsigned)
  add { 10'0000000000 \tapd [1349:1340] } * { 12'000000000000 \c_d2 [71:64] } (20x20 bits, unsigned)
  add { 10'0000000000 \tapd [1509:1500] } * { 12'000000000000 \c_d2 [79:72] } (20x20 bits, unsigned)
  add { 10'0000000000 \tapd [1669:1660] } * { 12'000000000000 \c_d2 [87:80] } (20x20 bits, unsigned)
  add { 10'0000000000 \tapd [1829:1820] } * { 12'000000000000 \c_d2 [95:88] } (20x20 bits, unsigned)
  add { 10'0000000000 \tapd [1989:1980] } * { 12'000000000000 \c_d2 [103:96] } (20x20 bits, unsigned)
  add { 10'0000000000 \tapd [2149:2140] } * { 12'000000000000 \c_d2 [111:104] } (20x20 bits, unsigned)
  add { 10'0000000000 \tapd [2309:2300] } * { 12'000000000000 \c_d2 [119:112] } (20x20 bits, unsigned)
  add { 10'0000000000 \tapd [2469:2460] } * { 12'000000000000 \c_d2 [127:120] } (20x20 bits, unsigned)
  add { 10'0000000000 \tapd [2629:2620] } * { 12'000000000000 \c_d2 [135:128] } (20x20 bits, unsigned)
  add { 10'0000000000 \tapd [2789:2780] } * { 12'000000000000 \c_d2 [143:136] } (20x20 bits, unsigned)
  add { 10'0000000000 \tapd [2949:2940] } * { 12'000000000000 \c_d2 [151:144] } (20x20 bits, unsigned)
  add { 10'0000000000 \tapd [3109:3100] } * { 12'000000000000 \c_d2 [159:152] } (20x20 bits, unsigned)
  add { 10'0000000000 \tapd [3269:3260] } * { 12'000000000000 \c_d2 [167:160] } (20x20 bits, unsigned)
  add { 10'0000000000 \tapd [3429:3420] } * { 12'000000000000 \c_d2 [175:168] } (20x20 bits, unsigned)
  add { 10'0000000000 \tapd [3589:3580] } * { 12'000000000000 \c_d2 [183:176] } (20x20 bits, unsigned)
  add { 10'0000000000 \tapd [3749:3740] } * { 12'000000000000 \c_d2 [191:184] } (20x20 bits, unsigned)
  add { 10'0000000000 \tapd [3909:3900] } * { 12'000000000000 \c_d2 [199:192] } (20x20 bits, unsigned)
  add { 10'0000000000 \tapd [4069:4060] } * { 12'000000000000 \c_d2 [207:200] } (20x20 bits, unsigned)
  add { 10'0000000000 \tapd [4229:4220] } * { 12'000000000000 \c_d2 [215:208] } (20x20 bits, unsigned)
  add { 10'0000000000 \tapd [4389:4380] } * { 12'000000000000 \c_d2 [223:216] } (20x20 bits, unsigned)
  add { 10'0000000000 \tapd [4549:4540] } * { 12'000000000000 \c_d2 [231:224] } (20x20 bits, unsigned)
  add { 10'0000000000 \tapd [4709:4700] } * { 12'000000000000 \c_d2 [239:232] } (20x20 bits, unsigned)
  add { 10'0000000000 \tapd [4869:4860] } * { 12'000000000000 \c_d2 [247:240] } (20x20 bits, unsigned)
  add { 10'0000000000 \tapd [5029:5020] } * { 12'000000000000 \c_d2 [255:248] } (20x20 bits, unsigned)
  add { 10'0000000000 \tapd [5189:5180] } * { 12'000000000000 \c_d2 [263:256] } (20x20 bits, unsigned)
  add { 10'0000000000 \tapd [5349:5340] } * { 12'000000000000 \c_d2 [271:264] } (20x20 bits, unsigned)
  add { 10'0000000000 \tapd [5509:5500] } * { 12'000000000000 \c_d2 [279:272] } (20x20 bits, unsigned)
  add { 10'0000000000 \tapd [5669:5660] } * { 12'000000000000 \c_d2 [287:280] } (20x20 bits, unsigned)
  add { 10'0000000000 \tapd [5829:5820] } * { 12'000000000000 \c_d2 [295:288] } (20x20 bits, unsigned)
  add { 10'0000000000 \tapd [5989:5980] } * { 12'000000000000 \c_d2 [303:296] } (20x20 bits, unsigned)
  add { 10'0000000000 \tapd [6149:6140] } * { 12'000000000000 \c_d2 [311:304] } (20x20 bits, unsigned)
  add { 10'0000000000 \tapd [6309:6300] } * { 12'000000000000 \c_d2 [319:312] } (20x20 bits, unsigned)
  add { 10'0000000000 \tapd [6469:6460] } * { 12'000000000000 \c_d2 [327:320] } (20x20 bits, unsigned)
  add { 10'0000000000 \tapd [6629:6620] } * { 12'000000000000 \c_d2 [335:328] } (20x20 bits, unsigned)
  add { 10'0000000000 \tapd [6789:6780] } * { 12'000000000000 \c_d2 [343:336] } (20x20 bits, unsigned)
  add { 10'0000000000 \tapd [6949:6940] } * { 12'000000000000 \c_d2 [351:344] } (20x20 bits, unsigned)
  add { 10'0000000000 \tapd [7109:7100] } * { 12'000000000000 \c_d2 [359:352] } (20x20 bits, unsigned)
  add { 10'0000000000 \tapd [7269:7260] } * { 12'000000000000 \c_d2 [367:360] } (20x20 bits, unsigned)
  add { 10'0000000000 \tapd [7429:7420] } * { 12'000000000000 \c_d2 [375:368] } (20x20 bits, unsigned)
  add { 10'0000000000 \tapd [7589:7580] } * { 12'000000000000 \c_d2 [383:376] } (20x20 bits, unsigned)
  add { 10'0000000000 \tapd [7749:7740] } * { 12'000000000000 \c_d2 [391:384] } (20x20 bits, unsigned)
  add { 10'0000000000 \tapd [7909:7900] } * { 12'000000000000 \cbp_d2 } (20x20 bits, unsigned)
  add { 10'0000000000 \tapd [79:70] } * { 12'000000000000 \c_d2 [7:0] } (20x20 bits, unsigned)
  add { 10'0000000000 \tapd [239:230] } * { 12'000000000000 \c_d2 [15:8] } (20x20 bits, unsigned)
  add { 10'0000000000 \tapd [399:390] } * { 12'000000000000 \c_d2 [23:16] } (20x20 bits, unsigned)
  add { 10'0000000000 \tapd [559:550] } * { 12'000000000000 \c_d2 [31:24] } (20x20 bits, unsigned)
  add { 10'0000000000 \tapd [719:710] } * { 12'000000000000 \c_d2 [39:32] } (20x20 bits, unsigned)
  add { 10'0000000000 \tapd [879:870] } * { 12'000000000000 \c_d2 [47:40] } (20x20 bits, unsigned)
  add { 10'0000000000 \tapd [1039:1030] } * { 12'000000000000 \c_d2 [55:48] } (20x20 bits, unsigned)
  add { 10'0000000000 \tapd [1199:1190] } * { 12'000000000000 \c_d2 [63:56] } (20x20 bits, unsigned)
  add { 10'0000000000 \tapd [1359:1350] } * { 12'000000000000 \c_d2 [71:64] } (20x20 bits, unsigned)
  add { 10'0000000000 \tapd [1519:1510] } * { 12'000000000000 \c_d2 [79:72] } (20x20 bits, unsigned)
  add { 10'0000000000 \tapd [1679:1670] } * { 12'000000000000 \c_d2 [87:80] } (20x20 bits, unsigned)
  add { 10'0000000000 \tapd [1839:1830] } * { 12'000000000000 \c_d2 [95:88] } (20x20 bits, unsigned)
  add { 10'0000000000 \tapd [1999:1990] } * { 12'000000000000 \c_d2 [103:96] } (20x20 bits, unsigned)
  add { 10'0000000000 \tapd [2159:2150] } * { 12'000000000000 \c_d2 [111:104] } (20x20 bits, unsigned)
  add { 10'0000000000 \tapd [2319:2310] } * { 12'000000000000 \c_d2 [119:112] } (20x20 bits, unsigned)
  add { 10'0000000000 \tapd [2479:2470] } * { 12'000000000000 \c_d2 [127:120] } (20x20 bits, unsigned)
  add { 10'0000000000 \tapd [2639:2630] } * { 12'000000000000 \c_d2 [135:128] } (20x20 bits, unsigned)
  add { 10'0000000000 \tapd [2799:2790] } * { 12'000000000000 \c_d2 [143:136] } (20x20 bits, unsigned)
  add { 10'0000000000 \tapd [2959:2950] } * { 12'000000000000 \c_d2 [151:144] } (20x20 bits, unsigned)
  add { 10'0000000000 \tapd [3119:3110] } * { 12'000000000000 \c_d2 [159:152] } (20x20 bits, unsigned)
  add { 10'0000000000 \tapd [3279:3270] } * { 12'000000000000 \c_d2 [167:160] } (20x20 bits, unsigned)
  add { 10'0000000000 \tapd [3439:3430] } * { 12'000000000000 \c_d2 [175:168] } (20x20 bits, unsigned)
  add { 10'0000000000 \tapd [3599:3590] } * { 12'000000000000 \c_d2 [183:176] } (20x20 bits, unsigned)
  add { 10'0000000000 \tapd [3759:3750] } * { 12'000000000000 \c_d2 [191:184] } (20x20 bits, unsigned)
  add { 10'0000000000 \tapd [3919:3910] } * { 12'000000000000 \c_d2 [199:192] } (20x20 bits, unsigned)
  add { 10'0000000000 \tapd [4079:4070] } * { 12'000000000000 \c_d2 [207:200] } (20x20 bits, unsigned)
  add { 10'0000000000 \tapd [4239:4230] } * { 12'000000000000 \c_d2 [215:208] } (20x20 bits, unsigned)
  add { 10'0000000000 \tapd [4399:4390] } * { 12'000000000000 \c_d2 [223:216] } (20x20 bits, unsigned)
  add { 10'0000000000 \tapd [4559:4550] } * { 12'000000000000 \c_d2 [231:224] } (20x20 bits, unsigned)
  add { 10'0000000000 \tapd [4719:4710] } * { 12'000000000000 \c_d2 [239:232] } (20x20 bits, unsigned)
  add { 10'0000000000 \tapd [4879:4870] } * { 12'000000000000 \c_d2 [247:240] } (20x20 bits, unsigned)
  add { 10'0000000000 \tapd [5039:5030] } * { 12'000000000000 \c_d2 [255:248] } (20x20 bits, unsigned)
  add { 10'0000000000 \tapd [5199:5190] } * { 12'000000000000 \c_d2 [263:256] } (20x20 bits, unsigned)
  add { 10'0000000000 \tapd [5359:5350] } * { 12'000000000000 \c_d2 [271:264] } (20x20 bits, unsigned)
  add { 10'0000000000 \tapd [5519:5510] } * { 12'000000000000 \c_d2 [279:272] } (20x20 bits, unsigned)
  add { 10'0000000000 \tapd [5679:5670] } * { 12'000000000000 \c_d2 [287:280] } (20x20 bits, unsigned)
  add { 10'0000000000 \tapd [5839:5830] } * { 12'000000000000 \c_d2 [295:288] } (20x20 bits, unsigned)
  add { 10'0000000000 \tapd [5999:5990] } * { 12'000000000000 \c_d2 [303:296] } (20x20 bits, unsigned)
  add { 10'0000000000 \tapd [6159:6150] } * { 12'000000000000 \c_d2 [311:304] } (20x20 bits, unsigned)
  add { 10'0000000000 \tapd [6319:6310] } * { 12'000000000000 \c_d2 [319:312] } (20x20 bits, unsigned)
  add { 10'0000000000 \tapd [6479:6470] } * { 12'000000000000 \c_d2 [327:320] } (20x20 bits, unsigned)
  add { 10'0000000000 \tapd [6639:6630] } * { 12'000000000000 \c_d2 [335:328] } (20x20 bits, unsigned)
  add { 10'0000000000 \tapd [6799:6790] } * { 12'000000000000 \c_d2 [343:336] } (20x20 bits, unsigned)
  add { 10'0000000000 \tapd [6959:6950] } * { 12'000000000000 \c_d2 [351:344] } (20x20 bits, unsigned)
  add { 10'0000000000 \tapd [7119:7110] } * { 12'000000000000 \c_d2 [359:352] } (20x20 bits, unsigned)
  add { 10'0000000000 \tapd [7279:7270] } * { 12'000000000000 \c_d2 [367:360] } (20x20 bits, unsigned)
  add { 10'0000000000 \tapd [7439:7430] } * { 12'000000000000 \c_d2 [375:368] } (20x20 bits, unsigned)
  add { 10'0000000000 \tapd [7599:7590] } * { 12'000000000000 \c_d2 [383:376] } (20x20 bits, unsigned)
  add { 10'0000000000 \tapd [7759:7750] } * { 12'000000000000 \c_d2 [391:384] } (20x20 bits, unsigned)
  add { 10'0000000000 \tapd [7919:7910] } * { 12'000000000000 \cbp_d2 } (20x20 bits, unsigned)
  add { 10'0000000000 \tapd [89:80] } * { 12'000000000000 \c_d2 [7:0] } (20x20 bits, unsigned)
  add { 10'0000000000 \tapd [249:240] } * { 12'000000000000 \c_d2 [15:8] } (20x20 bits, unsigned)
  add { 10'0000000000 \tapd [409:400] } * { 12'000000000000 \c_d2 [23:16] } (20x20 bits, unsigned)
  add { 10'0000000000 \tapd [569:560] } * { 12'000000000000 \c_d2 [31:24] } (20x20 bits, unsigned)
  add { 10'0000000000 \tapd [729:720] } * { 12'000000000000 \c_d2 [39:32] } (20x20 bits, unsigned)
  add { 10'0000000000 \tapd [889:880] } * { 12'000000000000 \c_d2 [47:40] } (20x20 bits, unsigned)
  add { 10'0000000000 \tapd [1049:1040] } * { 12'000000000000 \c_d2 [55:48] } (20x20 bits, unsigned)
  add { 10'0000000000 \tapd [1209:1200] } * { 12'000000000000 \c_d2 [63:56] } (20x20 bits, unsigned)
  add { 10'0000000000 \tapd [1369:1360] } * { 12'000000000000 \c_d2 [71:64] } (20x20 bits, unsigned)
  add { 10'0000000000 \tapd [1529:1520] } * { 12'000000000000 \c_d2 [79:72] } (20x20 bits, unsigned)
  add { 10'0000000000 \tapd [1689:1680] } * { 12'000000000000 \c_d2 [87:80] } (20x20 bits, unsigned)
  add { 10'0000000000 \tapd [1849:1840] } * { 12'000000000000 \c_d2 [95:88] } (20x20 bits, unsigned)
  add { 10'0000000000 \tapd [2009:2000] } * { 12'000000000000 \c_d2 [103:96] } (20x20 bits, unsigned)
  add { 10'0000000000 \tapd [2169:2160] } * { 12'000000000000 \c_d2 [111:104] } (20x20 bits, unsigned)
  add { 10'0000000000 \tapd [2329:2320] } * { 12'000000000000 \c_d2 [119:112] } (20x20 bits, unsigned)
  add { 10'0000000000 \tapd [2489:2480] } * { 12'000000000000 \c_d2 [127:120] } (20x20 bits, unsigned)
  add { 10'0000000000 \tapd [2649:2640] } * { 12'000000000000 \c_d2 [135:128] } (20x20 bits, unsigned)
  add { 10'0000000000 \tapd [2809:2800] } * { 12'000000000000 \c_d2 [143:136] } (20x20 bits, unsigned)
  add { 10'0000000000 \tapd [2969:2960] } * { 12'000000000000 \c_d2 [151:144] } (20x20 bits, unsigned)
  add { 10'0000000000 \tapd [3129:3120] } * { 12'000000000000 \c_d2 [159:152] } (20x20 bits, unsigned)
  add { 10'0000000000 \tapd [3289:3280] } * { 12'000000000000 \c_d2 [167:160] } (20x20 bits, unsigned)
  add { 10'0000000000 \tapd [3449:3440] } * { 12'000000000000 \c_d2 [175:168] } (20x20 bits, unsigned)
  add { 10'0000000000 \tapd [3609:3600] } * { 12'000000000000 \c_d2 [183:176] } (20x20 bits, unsigned)
  add { 10'0000000000 \tapd [3769:3760] } * { 12'000000000000 \c_d2 [191:184] } (20x20 bits, unsigned)
  add { 10'0000000000 \tapd [3929:3920] } * { 12'000000000000 \c_d2 [199:192] } (20x20 bits, unsigned)
  add { 10'0000000000 \tapd [4089:4080] } * { 12'000000000000 \c_d2 [207:200] } (20x20 bits, unsigned)
  add { 10'0000000000 \tapd [4249:4240] } * { 12'000000000000 \c_d2 [215:208] } (20x20 bits, unsigned)
  add { 10'0000000000 \tapd [4409:4400] } * { 12'000000000000 \c_d2 [223:216] } (20x20 bits, unsigned)
  add { 10'0000000000 \tapd [4569:4560] } * { 12'000000000000 \c_d2 [231:224] } (20x20 bits, unsigned)
  add { 10'0000000000 \tapd [4729:4720] } * { 12'000000000000 \c_d2 [239:232] } (20x20 bits, unsigned)
  add { 10'0000000000 \tapd [4889:4880] } * { 12'000000000000 \c_d2 [247:240] } (20x20 bits, unsigned)
  add { 10'0000000000 \tapd [5049:5040] } * { 12'000000000000 \c_d2 [255:248] } (20x20 bits, unsigned)
  add { 10'0000000000 \tapd [5209:5200] } * { 12'000000000000 \c_d2 [263:256] } (20x20 bits, unsigned)
  add { 10'0000000000 \tapd [5369:5360] } * { 12'000000000000 \c_d2 [271:264] } (20x20 bits, unsigned)
  add { 10'0000000000 \tapd [5529:5520] } * { 12'000000000000 \c_d2 [279:272] } (20x20 bits, unsigned)
  add { 10'0000000000 \tapd [5689:5680] } * { 12'000000000000 \c_d2 [287:280] } (20x20 bits, unsigned)
  add { 10'0000000000 \tapd [5849:5840] } * { 12'000000000000 \c_d2 [295:288] } (20x20 bits, unsigned)
  add { 10'0000000000 \tapd [6009:6000] } * { 12'000000000000 \c_d2 [303:296] } (20x20 bits, unsigned)
  add { 10'0000000000 \tapd [6169:6160] } * { 12'000000000000 \c_d2 [311:304] } (20x20 bits, unsigned)
  add { 10'0000000000 \tapd [6329:6320] } * { 12'000000000000 \c_d2 [319:312] } (20x20 bits, unsigned)
  add { 10'0000000000 \tapd [6489:6480] } * { 12'000000000000 \c_d2 [327:320] } (20x20 bits, unsigned)
  add { 10'0000000000 \tapd [6649:6640] } * { 12'000000000000 \c_d2 [335:328] } (20x20 bits, unsigned)
  add { 10'0000000000 \tapd [6809:6800] } * { 12'000000000000 \c_d2 [343:336] } (20x20 bits, unsigned)
  add { 10'0000000000 \tapd [6969:6960] } * { 12'000000000000 \c_d2 [351:344] } (20x20 bits, unsigned)
  add { 10'0000000000 \tapd [7129:7120] } * { 12'000000000000 \c_d2 [359:352] } (20x20 bits, unsigned)
  add { 10'0000000000 \tapd [7289:7280] } * { 12'000000000000 \c_d2 [367:360] } (20x20 bits, unsigned)
  add { 10'0000000000 \tapd [7449:7440] } * { 12'000000000000 \c_d2 [375:368] } (20x20 bits, unsigned)
  add { 10'0000000000 \tapd [7609:7600] } * { 12'000000000000 \c_d2 [383:376] } (20x20 bits, unsigned)
  add { 10'0000000000 \tapd [7769:7760] } * { 12'000000000000 \c_d2 [391:384] } (20x20 bits, unsigned)
  add { 10'0000000000 \tapd [7929:7920] } * { 12'000000000000 \cbp_d2 } (20x20 bits, unsigned)
  add { 10'0000000000 \tapd [99:90] } * { 12'000000000000 \c_d2 [7:0] } (20x20 bits, unsigned)
  add { 10'0000000000 \tapd [259:250] } * { 12'000000000000 \c_d2 [15:8] } (20x20 bits, unsigned)
  add { 10'0000000000 \tapd [419:410] } * { 12'000000000000 \c_d2 [23:16] } (20x20 bits, unsigned)
  add { 10'0000000000 \tapd [579:570] } * { 12'000000000000 \c_d2 [31:24] } (20x20 bits, unsigned)
  add { 10'0000000000 \tapd [739:730] } * { 12'000000000000 \c_d2 [39:32] } (20x20 bits, unsigned)
  add { 10'0000000000 \tapd [899:890] } * { 12'000000000000 \c_d2 [47:40] } (20x20 bits, unsigned)
  add { 10'0000000000 \tapd [1059:1050] } * { 12'000000000000 \c_d2 [55:48] } (20x20 bits, unsigned)
  add { 10'0000000000 \tapd [1219:1210] } * { 12'000000000000 \c_d2 [63:56] } (20x20 bits, unsigned)
  add { 10'0000000000 \tapd [1379:1370] } * { 12'000000000000 \c_d2 [71:64] } (20x20 bits, unsigned)
  add { 10'0000000000 \tapd [1539:1530] } * { 12'000000000000 \c_d2 [79:72] } (20x20 bits, unsigned)
  add { 10'0000000000 \tapd [1699:1690] } * { 12'000000000000 \c_d2 [87:80] } (20x20 bits, unsigned)
  add { 10'0000000000 \tapd [1859:1850] } * { 12'000000000000 \c_d2 [95:88] } (20x20 bits, unsigned)
  add { 10'0000000000 \tapd [2019:2010] } * { 12'000000000000 \c_d2 [103:96] } (20x20 bits, unsigned)
  add { 10'0000000000 \tapd [2179:2170] } * { 12'000000000000 \c_d2 [111:104] } (20x20 bits, unsigned)
  add { 10'0000000000 \tapd [2339:2330] } * { 12'000000000000 \c_d2 [119:112] } (20x20 bits, unsigned)
  add { 10'0000000000 \tapd [2499:2490] } * { 12'000000000000 \c_d2 [127:120] } (20x20 bits, unsigned)
  add { 10'0000000000 \tapd [2659:2650] } * { 12'000000000000 \c_d2 [135:128] } (20x20 bits, unsigned)
  add { 10'0000000000 \tapd [2819:2810] } * { 12'000000000000 \c_d2 [143:136] } (20x20 bits, unsigned)
  add { 10'0000000000 \tapd [2979:2970] } * { 12'000000000000 \c_d2 [151:144] } (20x20 bits, unsigned)
  add { 10'0000000000 \tapd [3139:3130] } * { 12'000000000000 \c_d2 [159:152] } (20x20 bits, unsigned)
  add { 10'0000000000 \tapd [3299:3290] } * { 12'000000000000 \c_d2 [167:160] } (20x20 bits, unsigned)
  add { 10'0000000000 \tapd [3459:3450] } * { 12'000000000000 \c_d2 [175:168] } (20x20 bits, unsigned)
  add { 10'0000000000 \tapd [3619:3610] } * { 12'000000000000 \c_d2 [183:176] } (20x20 bits, unsigned)
  add { 10'0000000000 \tapd [3779:3770] } * { 12'000000000000 \c_d2 [191:184] } (20x20 bits, unsigned)
  add { 10'0000000000 \tapd [3939:3930] } * { 12'000000000000 \c_d2 [199:192] } (20x20 bits, unsigned)
  add { 10'0000000000 \tapd [4099:4090] } * { 12'000000000000 \c_d2 [207:200] } (20x20 bits, unsigned)
  add { 10'0000000000 \tapd [4259:4250] } * { 12'000000000000 \c_d2 [215:208] } (20x20 bits, unsigned)
  add { 10'0000000000 \tapd [4419:4410] } * { 12'000000000000 \c_d2 [223:216] } (20x20 bits, unsigned)
  add { 10'0000000000 \tapd [4579:4570] } * { 12'000000000000 \c_d2 [231:224] } (20x20 bits, unsigned)
  add { 10'0000000000 \tapd [4739:4730] } * { 12'000000000000 \c_d2 [239:232] } (20x20 bits, unsigned)
  add { 10'0000000000 \tapd [4899:4890] } * { 12'000000000000 \c_d2 [247:240] } (20x20 bits, unsigned)
  add { 10'0000000000 \tapd [5059:5050] } * { 12'000000000000 \c_d2 [255:248] } (20x20 bits, unsigned)
  add { 10'0000000000 \tapd [5219:5210] } * { 12'000000000000 \c_d2 [263:256] } (20x20 bits, unsigned)
  add { 10'0000000000 \tapd [5379:5370] } * { 12'000000000000 \c_d2 [271:264] } (20x20 bits, unsigned)
  add { 10'0000000000 \tapd [5539:5530] } * { 12'000000000000 \c_d2 [279:272] } (20x20 bits, unsigned)
  add { 10'0000000000 \tapd [5699:5690] } * { 12'000000000000 \c_d2 [287:280] } (20x20 bits, unsigned)
  add { 10'0000000000 \tapd [5859:5850] } * { 12'000000000000 \c_d2 [295:288] } (20x20 bits, unsigned)
  add { 10'0000000000 \tapd [6019:6010] } * { 12'000000000000 \c_d2 [303:296] } (20x20 bits, unsigned)
  add { 10'0000000000 \tapd [6179:6170] } * { 12'000000000000 \c_d2 [311:304] } (20x20 bits, unsigned)
  add { 10'0000000000 \tapd [6339:6330] } * { 12'000000000000 \c_d2 [319:312] } (20x20 bits, unsigned)
  add { 10'0000000000 \tapd [6499:6490] } * { 12'000000000000 \c_d2 [327:320] } (20x20 bits, unsigned)
  add { 10'0000000000 \tapd [6659:6650] } * { 12'000000000000 \c_d2 [335:328] } (20x20 bits, unsigned)
  add { 10'0000000000 \tapd [6819:6810] } * { 12'000000000000 \c_d2 [343:336] } (20x20 bits, unsigned)
  add { 10'0000000000 \tapd [6979:6970] } * { 12'000000000000 \c_d2 [351:344] } (20x20 bits, unsigned)
  add { 10'0000000000 \tapd [7139:7130] } * { 12'000000000000 \c_d2 [359:352] } (20x20 bits, unsigned)
  add { 10'0000000000 \tapd [7299:7290] } * { 12'000000000000 \c_d2 [367:360] } (20x20 bits, unsigned)
  add { 10'0000000000 \tapd [7459:7450] } * { 12'000000000000 \c_d2 [375:368] } (20x20 bits, unsigned)
  add { 10'0000000000 \tapd [7619:7610] } * { 12'000000000000 \c_d2 [383:376] } (20x20 bits, unsigned)
  add { 10'0000000000 \tapd [7779:7770] } * { 12'000000000000 \c_d2 [391:384] } (20x20 bits, unsigned)
  add { 10'0000000000 \tapd [7939:7930] } * { 12'000000000000 \cbp_d2 } (20x20 bits, unsigned)
  add { 10'0000000000 \tapd [109:100] } * { 12'000000000000 \c_d2 [7:0] } (20x20 bits, unsigned)
  add { 10'0000000000 \tapd [269:260] } * { 12'000000000000 \c_d2 [15:8] } (20x20 bits, unsigned)
  add { 10'0000000000 \tapd [429:420] } * { 12'000000000000 \c_d2 [23:16] } (20x20 bits, unsigned)
  add { 10'0000000000 \tapd [589:580] } * { 12'000000000000 \c_d2 [31:24] } (20x20 bits, unsigned)
  add { 10'0000000000 \tapd [749:740] } * { 12'000000000000 \c_d2 [39:32] } (20x20 bits, unsigned)
  add { 10'0000000000 \tapd [909:900] } * { 12'000000000000 \c_d2 [47:40] } (20x20 bits, unsigned)
  add { 10'0000000000 \tapd [1069:1060] } * { 12'000000000000 \c_d2 [55:48] } (20x20 bits, unsigned)
  add { 10'0000000000 \tapd [1229:1220] } * { 12'000000000000 \c_d2 [63:56] } (20x20 bits, unsigned)
  add { 10'0000000000 \tapd [1389:1380] } * { 12'000000000000 \c_d2 [71:64] } (20x20 bits, unsigned)
  add { 10'0000000000 \tapd [1549:1540] } * { 12'000000000000 \c_d2 [79:72] } (20x20 bits, unsigned)
  add { 10'0000000000 \tapd [1709:1700] } * { 12'000000000000 \c_d2 [87:80] } (20x20 bits, unsigned)
  add { 10'0000000000 \tapd [1869:1860] } * { 12'000000000000 \c_d2 [95:88] } (20x20 bits, unsigned)
  add { 10'0000000000 \tapd [2029:2020] } * { 12'000000000000 \c_d2 [103:96] } (20x20 bits, unsigned)
  add { 10'0000000000 \tapd [2189:2180] } * { 12'000000000000 \c_d2 [111:104] } (20x20 bits, unsigned)
  add { 10'0000000000 \tapd [2349:2340] } * { 12'000000000000 \c_d2 [119:112] } (20x20 bits, unsigned)
  add { 10'0000000000 \tapd [2509:2500] } * { 12'000000000000 \c_d2 [127:120] } (20x20 bits, unsigned)
  add { 10'0000000000 \tapd [2669:2660] } * { 12'000000000000 \c_d2 [135:128] } (20x20 bits, unsigned)
  add { 10'0000000000 \tapd [2829:2820] } * { 12'000000000000 \c_d2 [143:136] } (20x20 bits, unsigned)
  add { 10'0000000000 \tapd [2989:2980] } * { 12'000000000000 \c_d2 [151:144] } (20x20 bits, unsigned)
  add { 10'0000000000 \tapd [3149:3140] } * { 12'000000000000 \c_d2 [159:152] } (20x20 bits, unsigned)
  add { 10'0000000000 \tapd [3309:3300] } * { 12'000000000000 \c_d2 [167:160] } (20x20 bits, unsigned)
  add { 10'0000000000 \tapd [3469:3460] } * { 12'000000000000 \c_d2 [175:168] } (20x20 bits, unsigned)
  add { 10'0000000000 \tapd [3629:3620] } * { 12'000000000000 \c_d2 [183:176] } (20x20 bits, unsigned)
  add { 10'0000000000 \tapd [3789:3780] } * { 12'000000000000 \c_d2 [191:184] } (20x20 bits, unsigned)
  add { 10'0000000000 \tapd [3949:3940] } * { 12'000000000000 \c_d2 [199:192] } (20x20 bits, unsigned)
  add { 10'0000000000 \tapd [4109:4100] } * { 12'000000000000 \c_d2 [207:200] } (20x20 bits, unsigned)
  add { 10'0000000000 \tapd [4269:4260] } * { 12'000000000000 \c_d2 [215:208] } (20x20 bits, unsigned)
  add { 10'0000000000 \tapd [4429:4420] } * { 12'000000000000 \c_d2 [223:216] } (20x20 bits, unsigned)
  add { 10'0000000000 \tapd [4589:4580] } * { 12'000000000000 \c_d2 [231:224] } (20x20 bits, unsigned)
  add { 10'0000000000 \tapd [4749:4740] } * { 12'000000000000 \c_d2 [239:232] } (20x20 bits, unsigned)
  add { 10'0000000000 \tapd [4909:4900] } * { 12'000000000000 \c_d2 [247:240] } (20x20 bits, unsigned)
  add { 10'0000000000 \tapd [5069:5060] } * { 12'000000000000 \c_d2 [255:248] } (20x20 bits, unsigned)
  add { 10'0000000000 \tapd [5229:5220] } * { 12'000000000000 \c_d2 [263:256] } (20x20 bits, unsigned)
  add { 10'0000000000 \tapd [5389:5380] } * { 12'000000000000 \c_d2 [271:264] } (20x20 bits, unsigned)
  add { 10'0000000000 \tapd [5549:5540] } * { 12'000000000000 \c_d2 [279:272] } (20x20 bits, unsigned)
  add { 10'0000000000 \tapd [5709:5700] } * { 12'000000000000 \c_d2 [287:280] } (20x20 bits, unsigned)
  add { 10'0000000000 \tapd [5869:5860] } * { 12'000000000000 \c_d2 [295:288] } (20x20 bits, unsigned)
  add { 10'0000000000 \tapd [6029:6020] } * { 12'000000000000 \c_d2 [303:296] } (20x20 bits, unsigned)
  add { 10'0000000000 \tapd [6189:6180] } * { 12'000000000000 \c_d2 [311:304] } (20x20 bits, unsigned)
  add { 10'0000000000 \tapd [6349:6340] } * { 12'000000000000 \c_d2 [319:312] } (20x20 bits, unsigned)
  add { 10'0000000000 \tapd [6509:6500] } * { 12'000000000000 \c_d2 [327:320] } (20x20 bits, unsigned)
  add { 10'0000000000 \tapd [6669:6660] } * { 12'000000000000 \c_d2 [335:328] } (20x20 bits, unsigned)
  add { 10'0000000000 \tapd [6829:6820] } * { 12'000000000000 \c_d2 [343:336] } (20x20 bits, unsigned)
  add { 10'0000000000 \tapd [6989:6980] } * { 12'000000000000 \c_d2 [351:344] } (20x20 bits, unsigned)
  add { 10'0000000000 \tapd [7149:7140] } * { 12'000000000000 \c_d2 [359:352] } (20x20 bits, unsigned)
  add { 10'0000000000 \tapd [7309:7300] } * { 12'000000000000 \c_d2 [367:360] } (20x20 bits, unsigned)
  add { 10'0000000000 \tapd [7469:7460] } * { 12'000000000000 \c_d2 [375:368] } (20x20 bits, unsigned)
  add { 10'0000000000 \tapd [7629:7620] } * { 12'000000000000 \c_d2 [383:376] } (20x20 bits, unsigned)
  add { 10'0000000000 \tapd [7789:7780] } * { 12'000000000000 \c_d2 [391:384] } (20x20 bits, unsigned)
  add { 10'0000000000 \tapd [7949:7940] } * { 12'000000000000 \cbp_d2 } (20x20 bits, unsigned)
  add { 10'0000000000 \tapd [119:110] } * { 12'000000000000 \c_d2 [7:0] } (20x20 bits, unsigned)
  add { 10'0000000000 \tapd [279:270] } * { 12'000000000000 \c_d2 [15:8] } (20x20 bits, unsigned)
  add { 10'0000000000 \tapd [439:430] } * { 12'000000000000 \c_d2 [23:16] } (20x20 bits, unsigned)
  add { 10'0000000000 \tapd [599:590] } * { 12'000000000000 \c_d2 [31:24] } (20x20 bits, unsigned)
  add { 10'0000000000 \tapd [759:750] } * { 12'000000000000 \c_d2 [39:32] } (20x20 bits, unsigned)
  add { 10'0000000000 \tapd [919:910] } * { 12'000000000000 \c_d2 [47:40] } (20x20 bits, unsigned)
  add { 10'0000000000 \tapd [1079:1070] } * { 12'000000000000 \c_d2 [55:48] } (20x20 bits, unsigned)
  add { 10'0000000000 \tapd [1239:1230] } * { 12'000000000000 \c_d2 [63:56] } (20x20 bits, unsigned)
  add { 10'0000000000 \tapd [1399:1390] } * { 12'000000000000 \c_d2 [71:64] } (20x20 bits, unsigned)
  add { 10'0000000000 \tapd [1559:1550] } * { 12'000000000000 \c_d2 [79:72] } (20x20 bits, unsigned)
  add { 10'0000000000 \tapd [1719:1710] } * { 12'000000000000 \c_d2 [87:80] } (20x20 bits, unsigned)
  add { 10'0000000000 \tapd [1879:1870] } * { 12'000000000000 \c_d2 [95:88] } (20x20 bits, unsigned)
  add { 10'0000000000 \tapd [2039:2030] } * { 12'000000000000 \c_d2 [103:96] } (20x20 bits, unsigned)
  add { 10'0000000000 \tapd [2199:2190] } * { 12'000000000000 \c_d2 [111:104] } (20x20 bits, unsigned)
  add { 10'0000000000 \tapd [2359:2350] } * { 12'000000000000 \c_d2 [119:112] } (20x20 bits, unsigned)
  add { 10'0000000000 \tapd [2519:2510] } * { 12'000000000000 \c_d2 [127:120] } (20x20 bits, unsigned)
  add { 10'0000000000 \tapd [2679:2670] } * { 12'000000000000 \c_d2 [135:128] } (20x20 bits, unsigned)
  add { 10'0000000000 \tapd [2839:2830] } * { 12'000000000000 \c_d2 [143:136] } (20x20 bits, unsigned)
  add { 10'0000000000 \tapd [2999:2990] } * { 12'000000000000 \c_d2 [151:144] } (20x20 bits, unsigned)
  add { 10'0000000000 \tapd [3159:3150] } * { 12'000000000000 \c_d2 [159:152] } (20x20 bits, unsigned)
  add { 10'0000000000 \tapd [3319:3310] } * { 12'000000000000 \c_d2 [167:160] } (20x20 bits, unsigned)
  add { 10'0000000000 \tapd [3479:3470] } * { 12'000000000000 \c_d2 [175:168] } (20x20 bits, unsigned)
  add { 10'0000000000 \tapd [3639:3630] } * { 12'000000000000 \c_d2 [183:176] } (20x20 bits, unsigned)
  add { 10'0000000000 \tapd [3799:3790] } * { 12'000000000000 \c_d2 [191:184] } (20x20 bits, unsigned)
  add { 10'0000000000 \tapd [3959:3950] } * { 12'000000000000 \c_d2 [199:192] } (20x20 bits, unsigned)
  add { 10'0000000000 \tapd [4119:4110] } * { 12'000000000000 \c_d2 [207:200] } (20x20 bits, unsigned)
  add { 10'0000000000 \tapd [4279:4270] } * { 12'000000000000 \c_d2 [215:208] } (20x20 bits, unsigned)
  add { 10'0000000000 \tapd [4439:4430] } * { 12'000000000000 \c_d2 [223:216] } (20x20 bits, unsigned)
  add { 10'0000000000 \tapd [4599:4590] } * { 12'000000000000 \c_d2 [231:224] } (20x20 bits, unsigned)
  add { 10'0000000000 \tapd [4759:4750] } * { 12'000000000000 \c_d2 [239:232] } (20x20 bits, unsigned)
  add { 10'0000000000 \tapd [4919:4910] } * { 12'000000000000 \c_d2 [247:240] } (20x20 bits, unsigned)
  add { 10'0000000000 \tapd [5079:5070] } * { 12'000000000000 \c_d2 [255:248] } (20x20 bits, unsigned)
  add { 10'0000000000 \tapd [5239:5230] } * { 12'000000000000 \c_d2 [263:256] } (20x20 bits, unsigned)
  add { 10'0000000000 \tapd [5399:5390] } * { 12'000000000000 \c_d2 [271:264] } (20x20 bits, unsigned)
  add { 10'0000000000 \tapd [5559:5550] } * { 12'000000000000 \c_d2 [279:272] } (20x20 bits, unsigned)
  add { 10'0000000000 \tapd [5719:5710] } * { 12'000000000000 \c_d2 [287:280] } (20x20 bits, unsigned)
  add { 10'0000000000 \tapd [5879:5870] } * { 12'000000000000 \c_d2 [295:288] } (20x20 bits, unsigned)
  add { 10'0000000000 \tapd [6039:6030] } * { 12'000000000000 \c_d2 [303:296] } (20x20 bits, unsigned)
  add { 10'0000000000 \tapd [6199:6190] } * { 12'000000000000 \c_d2 [311:304] } (20x20 bits, unsigned)
  add { 10'0000000000 \tapd [6359:6350] } * { 12'000000000000 \c_d2 [319:312] } (20x20 bits, unsigned)
  add { 10'0000000000 \tapd [6519:6510] } * { 12'000000000000 \c_d2 [327:320] } (20x20 bits, unsigned)
  add { 10'0000000000 \tapd [6679:6670] } * { 12'000000000000 \c_d2 [335:328] } (20x20 bits, unsigned)
  add { 10'0000000000 \tapd [6839:6830] } * { 12'000000000000 \c_d2 [343:336] } (20x20 bits, unsigned)
  add { 10'0000000000 \tapd [6999:6990] } * { 12'000000000000 \c_d2 [351:344] } (20x20 bits, unsigned)
  add { 10'0000000000 \tapd [7159:7150] } * { 12'000000000000 \c_d2 [359:352] } (20x20 bits, unsigned)
  add { 10'0000000000 \tapd [7319:7310] } * { 12'000000000000 \c_d2 [367:360] } (20x20 bits, unsigned)
  add { 10'0000000000 \tapd [7479:7470] } * { 12'000000000000 \c_d2 [375:368] } (20x20 bits, unsigned)
  add { 10'0000000000 \tapd [7639:7630] } * { 12'000000000000 \c_d2 [383:376] } (20x20 bits, unsigned)
  add { 10'0000000000 \tapd [7799:7790] } * { 12'000000000000 \c_d2 [391:384] } (20x20 bits, unsigned)
  add { 10'0000000000 \tapd [7959:7950] } * { 12'000000000000 \cbp_d2 } (20x20 bits, unsigned)
  add { 10'0000000000 \tapd [129:120] } * { 12'000000000000 \c_d2 [7:0] } (20x20 bits, unsigned)
  add { 10'0000000000 \tapd [289:280] } * { 12'000000000000 \c_d2 [15:8] } (20x20 bits, unsigned)
  add { 10'0000000000 \tapd [449:440] } * { 12'000000000000 \c_d2 [23:16] } (20x20 bits, unsigned)
  add { 10'0000000000 \tapd [609:600] } * { 12'000000000000 \c_d2 [31:24] } (20x20 bits, unsigned)
  add { 10'0000000000 \tapd [769:760] } * { 12'000000000000 \c_d2 [39:32] } (20x20 bits, unsigned)
  add { 10'0000000000 \tapd [929:920] } * { 12'000000000000 \c_d2 [47:40] } (20x20 bits, unsigned)
  add { 10'0000000000 \tapd [1089:1080] } * { 12'000000000000 \c_d2 [55:48] } (20x20 bits, unsigned)
  add { 10'0000000000 \tapd [1249:1240] } * { 12'000000000000 \c_d2 [63:56] } (20x20 bits, unsigned)
  add { 10'0000000000 \tapd [1409:1400] } * { 12'000000000000 \c_d2 [71:64] } (20x20 bits, unsigned)
  add { 10'0000000000 \tapd [1569:1560] } * { 12'000000000000 \c_d2 [79:72] } (20x20 bits, unsigned)
  add { 10'0000000000 \tapd [1729:1720] } * { 12'000000000000 \c_d2 [87:80] } (20x20 bits, unsigned)
  add { 10'0000000000 \tapd [1889:1880] } * { 12'000000000000 \c_d2 [95:88] } (20x20 bits, unsigned)
  add { 10'0000000000 \tapd [2049:2040] } * { 12'000000000000 \c_d2 [103:96] } (20x20 bits, unsigned)
  add { 10'0000000000 \tapd [2209:2200] } * { 12'000000000000 \c_d2 [111:104] } (20x20 bits, unsigned)
  add { 10'0000000000 \tapd [2369:2360] } * { 12'000000000000 \c_d2 [119:112] } (20x20 bits, unsigned)
  add { 10'0000000000 \tapd [2529:2520] } * { 12'000000000000 \c_d2 [127:120] } (20x20 bits, unsigned)
  add { 10'0000000000 \tapd [2689:2680] } * { 12'000000000000 \c_d2 [135:128] } (20x20 bits, unsigned)
  add { 10'0000000000 \tapd [2849:2840] } * { 12'000000000000 \c_d2 [143:136] } (20x20 bits, unsigned)
  add { 10'0000000000 \tapd [3009:3000] } * { 12'000000000000 \c_d2 [151:144] } (20x20 bits, unsigned)
  add { 10'0000000000 \tapd [3169:3160] } * { 12'000000000000 \c_d2 [159:152] } (20x20 bits, unsigned)
  add { 10'0000000000 \tapd [3329:3320] } * { 12'000000000000 \c_d2 [167:160] } (20x20 bits, unsigned)
  add { 10'0000000000 \tapd [3489:3480] } * { 12'000000000000 \c_d2 [175:168] } (20x20 bits, unsigned)
  add { 10'0000000000 \tapd [3649:3640] } * { 12'000000000000 \c_d2 [183:176] } (20x20 bits, unsigned)
  add { 10'0000000000 \tapd [3809:3800] } * { 12'000000000000 \c_d2 [191:184] } (20x20 bits, unsigned)
  add { 10'0000000000 \tapd [3969:3960] } * { 12'000000000000 \c_d2 [199:192] } (20x20 bits, unsigned)
  add { 10'0000000000 \tapd [4129:4120] } * { 12'000000000000 \c_d2 [207:200] } (20x20 bits, unsigned)
  add { 10'0000000000 \tapd [4289:4280] } * { 12'000000000000 \c_d2 [215:208] } (20x20 bits, unsigned)
  add { 10'0000000000 \tapd [4449:4440] } * { 12'000000000000 \c_d2 [223:216] } (20x20 bits, unsigned)
  add { 10'0000000000 \tapd [4609:4600] } * { 12'000000000000 \c_d2 [231:224] } (20x20 bits, unsigned)
  add { 10'0000000000 \tapd [4769:4760] } * { 12'000000000000 \c_d2 [239:232] } (20x20 bits, unsigned)
  add { 10'0000000000 \tapd [4929:4920] } * { 12'000000000000 \c_d2 [247:240] } (20x20 bits, unsigned)
  add { 10'0000000000 \tapd [5089:5080] } * { 12'000000000000 \c_d2 [255:248] } (20x20 bits, unsigned)
  add { 10'0000000000 \tapd [5249:5240] } * { 12'000000000000 \c_d2 [263:256] } (20x20 bits, unsigned)
  add { 10'0000000000 \tapd [5409:5400] } * { 12'000000000000 \c_d2 [271:264] } (20x20 bits, unsigned)
  add { 10'0000000000 \tapd [5569:5560] } * { 12'000000000000 \c_d2 [279:272] } (20x20 bits, unsigned)
  add { 10'0000000000 \tapd [5729:5720] } * { 12'000000000000 \c_d2 [287:280] } (20x20 bits, unsigned)
  add { 10'0000000000 \tapd [5889:5880] } * { 12'000000000000 \c_d2 [295:288] } (20x20 bits, unsigned)
  add { 10'0000000000 \tapd [6049:6040] } * { 12'000000000000 \c_d2 [303:296] } (20x20 bits, unsigned)
  add { 10'0000000000 \tapd [6209:6200] } * { 12'000000000000 \c_d2 [311:304] } (20x20 bits, unsigned)
  add { 10'0000000000 \tapd [6369:6360] } * { 12'000000000000 \c_d2 [319:312] } (20x20 bits, unsigned)
  add { 10'0000000000 \tapd [6529:6520] } * { 12'000000000000 \c_d2 [327:320] } (20x20 bits, unsigned)
  add { 10'0000000000 \tapd [6689:6680] } * { 12'000000000000 \c_d2 [335:328] } (20x20 bits, unsigned)
  add { 10'0000000000 \tapd [6849:6840] } * { 12'000000000000 \c_d2 [343:336] } (20x20 bits, unsigned)
  add { 10'0000000000 \tapd [7009:7000] } * { 12'000000000000 \c_d2 [351:344] } (20x20 bits, unsigned)
  add { 10'0000000000 \tapd [7169:7160] } * { 12'000000000000 \c_d2 [359:352] } (20x20 bits, unsigned)
  add { 10'0000000000 \tapd [7329:7320] } * { 12'000000000000 \c_d2 [367:360] } (20x20 bits, unsigned)
  add { 10'0000000000 \tapd [7489:7480] } * { 12'000000000000 \c_d2 [375:368] } (20x20 bits, unsigned)
  add { 10'0000000000 \tapd [7649:7640] } * { 12'000000000000 \c_d2 [383:376] } (20x20 bits, unsigned)
  add { 10'0000000000 \tapd [7809:7800] } * { 12'000000000000 \c_d2 [391:384] } (20x20 bits, unsigned)
  add { 10'0000000000 \tapd [7969:7960] } * { 12'000000000000 \cbp_d2 } (20x20 bits, unsigned)
  add { 10'0000000000 \tapd [139:130] } * { 12'000000000000 \c_d2 [7:0] } (20x20 bits, unsigned)
  add { 10'0000000000 \tapd [299:290] } * { 12'000000000000 \c_d2 [15:8] } (20x20 bits, unsigned)
  add { 10'0000000000 \tapd [459:450] } * { 12'000000000000 \c_d2 [23:16] } (20x20 bits, unsigned)
  add { 10'0000000000 \tapd [619:610] } * { 12'000000000000 \c_d2 [31:24] } (20x20 bits, unsigned)
  add { 10'0000000000 \tapd [779:770] } * { 12'000000000000 \c_d2 [39:32] } (20x20 bits, unsigned)
  add { 10'0000000000 \tapd [939:930] } * { 12'000000000000 \c_d2 [47:40] } (20x20 bits, unsigned)
  add { 10'0000000000 \tapd [1099:1090] } * { 12'000000000000 \c_d2 [55:48] } (20x20 bits, unsigned)
  add { 10'0000000000 \tapd [1259:1250] } * { 12'000000000000 \c_d2 [63:56] } (20x20 bits, unsigned)
  add { 10'0000000000 \tapd [1419:1410] } * { 12'000000000000 \c_d2 [71:64] } (20x20 bits, unsigned)
  add { 10'0000000000 \tapd [1579:1570] } * { 12'000000000000 \c_d2 [79:72] } (20x20 bits, unsigned)
  add { 10'0000000000 \tapd [1739:1730] } * { 12'000000000000 \c_d2 [87:80] } (20x20 bits, unsigned)
  add { 10'0000000000 \tapd [1899:1890] } * { 12'000000000000 \c_d2 [95:88] } (20x20 bits, unsigned)
  add { 10'0000000000 \tapd [2059:2050] } * { 12'000000000000 \c_d2 [103:96] } (20x20 bits, unsigned)
  add { 10'0000000000 \tapd [2219:2210] } * { 12'000000000000 \c_d2 [111:104] } (20x20 bits, unsigned)
  add { 10'0000000000 \tapd [2379:2370] } * { 12'000000000000 \c_d2 [119:112] } (20x20 bits, unsigned)
  add { 10'0000000000 \tapd [2539:2530] } * { 12'000000000000 \c_d2 [127:120] } (20x20 bits, unsigned)
  add { 10'0000000000 \tapd [2699:2690] } * { 12'000000000000 \c_d2 [135:128] } (20x20 bits, unsigned)
  add { 10'0000000000 \tapd [2859:2850] } * { 12'000000000000 \c_d2 [143:136] } (20x20 bits, unsigned)
  add { 10'0000000000 \tapd [3019:3010] } * { 12'000000000000 \c_d2 [151:144] } (20x20 bits, unsigned)
  add { 10'0000000000 \tapd [3179:3170] } * { 12'000000000000 \c_d2 [159:152] } (20x20 bits, unsigned)
  add { 10'0000000000 \tapd [3339:3330] } * { 12'000000000000 \c_d2 [167:160] } (20x20 bits, unsigned)
  add { 10'0000000000 \tapd [3499:3490] } * { 12'000000000000 \c_d2 [175:168] } (20x20 bits, unsigned)
  add { 10'0000000000 \tapd [3659:3650] } * { 12'000000000000 \c_d2 [183:176] } (20x20 bits, unsigned)
  add { 10'0000000000 \tapd [3819:3810] } * { 12'000000000000 \c_d2 [191:184] } (20x20 bits, unsigned)
  add { 10'0000000000 \tapd [3979:3970] } * { 12'000000000000 \c_d2 [199:192] } (20x20 bits, unsigned)
  add { 10'0000000000 \tapd [4139:4130] } * { 12'000000000000 \c_d2 [207:200] } (20x20 bits, unsigned)
  add { 10'0000000000 \tapd [4299:4290] } * { 12'000000000000 \c_d2 [215:208] } (20x20 bits, unsigned)
  add { 10'0000000000 \tapd [4459:4450] } * { 12'000000000000 \c_d2 [223:216] } (20x20 bits, unsigned)
  add { 10'0000000000 \tapd [4619:4610] } * { 12'000000000000 \c_d2 [231:224] } (20x20 bits, unsigned)
  add { 10'0000000000 \tapd [4779:4770] } * { 12'000000000000 \c_d2 [239:232] } (20x20 bits, unsigned)
  add { 10'0000000000 \tapd [4939:4930] } * { 12'000000000000 \c_d2 [247:240] } (20x20 bits, unsigned)
  add { 10'0000000000 \tapd [5099:5090] } * { 12'000000000000 \c_d2 [255:248] } (20x20 bits, unsigned)
  add { 10'0000000000 \tapd [5259:5250] } * { 12'000000000000 \c_d2 [263:256] } (20x20 bits, unsigned)
  add { 10'0000000000 \tapd [5419:5410] } * { 12'000000000000 \c_d2 [271:264] } (20x20 bits, unsigned)
  add { 10'0000000000 \tapd [5579:5570] } * { 12'000000000000 \c_d2 [279:272] } (20x20 bits, unsigned)
  add { 10'0000000000 \tapd [5739:5730] } * { 12'000000000000 \c_d2 [287:280] } (20x20 bits, unsigned)
  add { 10'0000000000 \tapd [5899:5890] } * { 12'000000000000 \c_d2 [295:288] } (20x20 bits, unsigned)
  add { 10'0000000000 \tapd [6059:6050] } * { 12'000000000000 \c_d2 [303:296] } (20x20 bits, unsigned)
  add { 10'0000000000 \tapd [6219:6210] } * { 12'000000000000 \c_d2 [311:304] } (20x20 bits, unsigned)
  add { 10'0000000000 \tapd [6379:6370] } * { 12'000000000000 \c_d2 [319:312] } (20x20 bits, unsigned)
  add { 10'0000000000 \tapd [6539:6530] } * { 12'000000000000 \c_d2 [327:320] } (20x20 bits, unsigned)
  add { 10'0000000000 \tapd [6699:6690] } * { 12'000000000000 \c_d2 [335:328] } (20x20 bits, unsigned)
  add { 10'0000000000 \tapd [6859:6850] } * { 12'000000000000 \c_d2 [343:336] } (20x20 bits, unsigned)
  add { 10'0000000000 \tapd [7019:7010] } * { 12'000000000000 \c_d2 [351:344] } (20x20 bits, unsigned)
  add { 10'0000000000 \tapd [7179:7170] } * { 12'000000000000 \c_d2 [359:352] } (20x20 bits, unsigned)
  add { 10'0000000000 \tapd [7339:7330] } * { 12'000000000000 \c_d2 [367:360] } (20x20 bits, unsigned)
  add { 10'0000000000 \tapd [7499:7490] } * { 12'000000000000 \c_d2 [375:368] } (20x20 bits, unsigned)
  add { 10'0000000000 \tapd [7659:7650] } * { 12'000000000000 \c_d2 [383:376] } (20x20 bits, unsigned)
  add { 10'0000000000 \tapd [7819:7810] } * { 12'000000000000 \c_d2 [391:384] } (20x20 bits, unsigned)
  add { 10'0000000000 \tapd [7979:7970] } * { 12'000000000000 \cbp_d2 } (20x20 bits, unsigned)
  add { 10'0000000000 \tapd [149:140] } * { 12'000000000000 \c_d2 [7:0] } (20x20 bits, unsigned)
  add { 10'0000000000 \tapd [309:300] } * { 12'000000000000 \c_d2 [15:8] } (20x20 bits, unsigned)
  add { 10'0000000000 \tapd [469:460] } * { 12'000000000000 \c_d2 [23:16] } (20x20 bits, unsigned)
  add { 10'0000000000 \tapd [629:620] } * { 12'000000000000 \c_d2 [31:24] } (20x20 bits, unsigned)
  add { 10'0000000000 \tapd [789:780] } * { 12'000000000000 \c_d2 [39:32] } (20x20 bits, unsigned)
  add { 10'0000000000 \tapd [949:940] } * { 12'000000000000 \c_d2 [47:40] } (20x20 bits, unsigned)
  add { 10'0000000000 \tapd [1109:1100] } * { 12'000000000000 \c_d2 [55:48] } (20x20 bits, unsigned)
  add { 10'0000000000 \tapd [1269:1260] } * { 12'000000000000 \c_d2 [63:56] } (20x20 bits, unsigned)
  add { 10'0000000000 \tapd [1429:1420] } * { 12'000000000000 \c_d2 [71:64] } (20x20 bits, unsigned)
  add { 10'0000000000 \tapd [1589:1580] } * { 12'000000000000 \c_d2 [79:72] } (20x20 bits, unsigned)
  add { 10'0000000000 \tapd [1749:1740] } * { 12'000000000000 \c_d2 [87:80] } (20x20 bits, unsigned)
  add { 10'0000000000 \tapd [1909:1900] } * { 12'000000000000 \c_d2 [95:88] } (20x20 bits, unsigned)
  add { 10'0000000000 \tapd [2069:2060] } * { 12'000000000000 \c_d2 [103:96] } (20x20 bits, unsigned)
  add { 10'0000000000 \tapd [2229:2220] } * { 12'000000000000 \c_d2 [111:104] } (20x20 bits, unsigned)
  add { 10'0000000000 \tapd [2389:2380] } * { 12'000000000000 \c_d2 [119:112] } (20x20 bits, unsigned)
  add { 10'0000000000 \tapd [2549:2540] } * { 12'000000000000 \c_d2 [127:120] } (20x20 bits, unsigned)
  add { 10'0000000000 \tapd [2709:2700] } * { 12'000000000000 \c_d2 [135:128] } (20x20 bits, unsigned)
  add { 10'0000000000 \tapd [2869:2860] } * { 12'000000000000 \c_d2 [143:136] } (20x20 bits, unsigned)
  add { 10'0000000000 \tapd [3029:3020] } * { 12'000000000000 \c_d2 [151:144] } (20x20 bits, unsigned)
  add { 10'0000000000 \tapd [3189:3180] } * { 12'000000000000 \c_d2 [159:152] } (20x20 bits, unsigned)
  add { 10'0000000000 \tapd [3349:3340] } * { 12'000000000000 \c_d2 [167:160] } (20x20 bits, unsigned)
  add { 10'0000000000 \tapd [3509:3500] } * { 12'000000000000 \c_d2 [175:168] } (20x20 bits, unsigned)
  add { 10'0000000000 \tapd [3669:3660] } * { 12'000000000000 \c_d2 [183:176] } (20x20 bits, unsigned)
  add { 10'0000000000 \tapd [3829:3820] } * { 12'000000000000 \c_d2 [191:184] } (20x20 bits, unsigned)
  add { 10'0000000000 \tapd [3989:3980] } * { 12'000000000000 \c_d2 [199:192] } (20x20 bits, unsigned)
  add { 10'0000000000 \tapd [4149:4140] } * { 12'000000000000 \c_d2 [207:200] } (20x20 bits, unsigned)
  add { 10'0000000000 \tapd [4309:4300] } * { 12'000000000000 \c_d2 [215:208] } (20x20 bits, unsigned)
  add { 10'0000000000 \tapd [4469:4460] } * { 12'000000000000 \c_d2 [223:216] } (20x20 bits, unsigned)
  add { 10'0000000000 \tapd [4629:4620] } * { 12'000000000000 \c_d2 [231:224] } (20x20 bits, unsigned)
  add { 10'0000000000 \tapd [4789:4780] } * { 12'000000000000 \c_d2 [239:232] } (20x20 bits, unsigned)
  add { 10'0000000000 \tapd [4949:4940] } * { 12'000000000000 \c_d2 [247:240] } (20x20 bits, unsigned)
  add { 10'0000000000 \tapd [5109:5100] } * { 12'000000000000 \c_d2 [255:248] } (20x20 bits, unsigned)
  add { 10'0000000000 \tapd [5269:5260] } * { 12'000000000000 \c_d2 [263:256] } (20x20 bits, unsigned)
  add { 10'0000000000 \tapd [5429:5420] } * { 12'000000000000 \c_d2 [271:264] } (20x20 bits, unsigned)
  add { 10'0000000000 \tapd [5589:5580] } * { 12'000000000000 \c_d2 [279:272] } (20x20 bits, unsigned)
  add { 10'0000000000 \tapd [5749:5740] } * { 12'000000000000 \c_d2 [287:280] } (20x20 bits, unsigned)
  add { 10'0000000000 \tapd [5909:5900] } * { 12'000000000000 \c_d2 [295:288] } (20x20 bits, unsigned)
  add { 10'0000000000 \tapd [6069:6060] } * { 12'000000000000 \c_d2 [303:296] } (20x20 bits, unsigned)
  add { 10'0000000000 \tapd [6229:6220] } * { 12'000000000000 \c_d2 [311:304] } (20x20 bits, unsigned)
  add { 10'0000000000 \tapd [6389:6380] } * { 12'000000000000 \c_d2 [319:312] } (20x20 bits, unsigned)
  add { 10'0000000000 \tapd [6549:6540] } * { 12'000000000000 \c_d2 [327:320] } (20x20 bits, unsigned)
  add { 10'0000000000 \tapd [6709:6700] } * { 12'000000000000 \c_d2 [335:328] } (20x20 bits, unsigned)
  add { 10'0000000000 \tapd [6869:6860] } * { 12'000000000000 \c_d2 [343:336] } (20x20 bits, unsigned)
  add { 10'0000000000 \tapd [7029:7020] } * { 12'000000000000 \c_d2 [351:344] } (20x20 bits, unsigned)
  add { 10'0000000000 \tapd [7189:7180] } * { 12'000000000000 \c_d2 [359:352] } (20x20 bits, unsigned)
  add { 10'0000000000 \tapd [7349:7340] } * { 12'000000000000 \c_d2 [367:360] } (20x20 bits, unsigned)
  add { 10'0000000000 \tapd [7509:7500] } * { 12'000000000000 \c_d2 [375:368] } (20x20 bits, unsigned)
  add { 10'0000000000 \tapd [7669:7660] } * { 12'000000000000 \c_d2 [383:376] } (20x20 bits, unsigned)
  add { 10'0000000000 \tapd [7829:7820] } * { 12'000000000000 \c_d2 [391:384] } (20x20 bits, unsigned)
  add { 10'0000000000 \tapd [7989:7980] } * { 12'000000000000 \cbp_d2 } (20x20 bits, unsigned)
  add { 10'0000000000 \tapd [159:150] } * { 12'000000000000 \c_d2 [7:0] } (20x20 bits, unsigned)
  add { 10'0000000000 \tapd [319:310] } * { 12'000000000000 \c_d2 [15:8] } (20x20 bits, unsigned)
  add { 10'0000000000 \tapd [479:470] } * { 12'000000000000 \c_d2 [23:16] } (20x20 bits, unsigned)
  add { 10'0000000000 \tapd [639:630] } * { 12'000000000000 \c_d2 [31:24] } (20x20 bits, unsigned)
  add { 10'0000000000 \tapd [799:790] } * { 12'000000000000 \c_d2 [39:32] } (20x20 bits, unsigned)
  add { 10'0000000000 \tapd [959:950] } * { 12'000000000000 \c_d2 [47:40] } (20x20 bits, unsigned)
  add { 10'0000000000 \tapd [1119:1110] } * { 12'000000000000 \c_d2 [55:48] } (20x20 bits, unsigned)
  add { 10'0000000000 \tapd [1279:1270] } * { 12'000000000000 \c_d2 [63:56] } (20x20 bits, unsigned)
  add { 10'0000000000 \tapd [1439:1430] } * { 12'000000000000 \c_d2 [71:64] } (20x20 bits, unsigned)
  add { 10'0000000000 \tapd [1599:1590] } * { 12'000000000000 \c_d2 [79:72] } (20x20 bits, unsigned)
  add { 10'0000000000 \tapd [1759:1750] } * { 12'000000000000 \c_d2 [87:80] } (20x20 bits, unsigned)
  add { 10'0000000000 \tapd [1919:1910] } * { 12'000000000000 \c_d2 [95:88] } (20x20 bits, unsigned)
  add { 10'0000000000 \tapd [2079:2070] } * { 12'000000000000 \c_d2 [103:96] } (20x20 bits, unsigned)
  add { 10'0000000000 \tapd [2239:2230] } * { 12'000000000000 \c_d2 [111:104] } (20x20 bits, unsigned)
  add { 10'0000000000 \tapd [2399:2390] } * { 12'000000000000 \c_d2 [119:112] } (20x20 bits, unsigned)
  add { 10'0000000000 \tapd [2559:2550] } * { 12'000000000000 \c_d2 [127:120] } (20x20 bits, unsigned)
  add { 10'0000000000 \tapd [2719:2710] } * { 12'000000000000 \c_d2 [135:128] } (20x20 bits, unsigned)
  add { 10'0000000000 \tapd [2879:2870] } * { 12'000000000000 \c_d2 [143:136] } (20x20 bits, unsigned)
  add { 10'0000000000 \tapd [3039:3030] } * { 12'000000000000 \c_d2 [151:144] } (20x20 bits, unsigned)
  add { 10'0000000000 \tapd [3199:3190] } * { 12'000000000000 \c_d2 [159:152] } (20x20 bits, unsigned)
  add { 10'0000000000 \tapd [3359:3350] } * { 12'000000000000 \c_d2 [167:160] } (20x20 bits, unsigned)
  add { 10'0000000000 \tapd [3519:3510] } * { 12'000000000000 \c_d2 [175:168] } (20x20 bits, unsigned)
  add { 10'0000000000 \tapd [3679:3670] } * { 12'000000000000 \c_d2 [183:176] } (20x20 bits, unsigned)
  add { 10'0000000000 \tapd [3839:3830] } * { 12'000000000000 \c_d2 [191:184] } (20x20 bits, unsigned)
  add { 10'0000000000 \tapd [3999:3990] } * { 12'000000000000 \c_d2 [199:192] } (20x20 bits, unsigned)
  add { 10'0000000000 \tapd [4159:4150] } * { 12'000000000000 \c_d2 [207:200] } (20x20 bits, unsigned)
  add { 10'0000000000 \tapd [4319:4310] } * { 12'000000000000 \c_d2 [215:208] } (20x20 bits, unsigned)
  add { 10'0000000000 \tapd [4479:4470] } * { 12'000000000000 \c_d2 [223:216] } (20x20 bits, unsigned)
  add { 10'0000000000 \tapd [4639:4630] } * { 12'000000000000 \c_d2 [231:224] } (20x20 bits, unsigned)
  add { 10'0000000000 \tapd [4799:4790] } * { 12'000000000000 \c_d2 [239:232] } (20x20 bits, unsigned)
  add { 10'0000000000 \tapd [4959:4950] } * { 12'000000000000 \c_d2 [247:240] } (20x20 bits, unsigned)
  add { 10'0000000000 \tapd [5119:5110] } * { 12'000000000000 \c_d2 [255:248] } (20x20 bits, unsigned)
  add { 10'0000000000 \tapd [5279:5270] } * { 12'000000000000 \c_d2 [263:256] } (20x20 bits, unsigned)
  add { 10'0000000000 \tapd [5439:5430] } * { 12'000000000000 \c_d2 [271:264] } (20x20 bits, unsigned)
  add { 10'0000000000 \tapd [5599:5590] } * { 12'000000000000 \c_d2 [279:272] } (20x20 bits, unsigned)
  add { 10'0000000000 \tapd [5759:5750] } * { 12'000000000000 \c_d2 [287:280] } (20x20 bits, unsigned)
  add { 10'0000000000 \tapd [5919:5910] } * { 12'000000000000 \c_d2 [295:288] } (20x20 bits, unsigned)
  add { 10'0000000000 \tapd [6079:6070] } * { 12'000000000000 \c_d2 [303:296] } (20x20 bits, unsigned)
  add { 10'0000000000 \tapd [6239:6230] } * { 12'000000000000 \c_d2 [311:304] } (20x20 bits, unsigned)
  add { 10'0000000000 \tapd [6399:6390] } * { 12'000000000000 \c_d2 [319:312] } (20x20 bits, unsigned)
  add { 10'0000000000 \tapd [6559:6550] } * { 12'000000000000 \c_d2 [327:320] } (20x20 bits, unsigned)
  add { 10'0000000000 \tapd [6719:6710] } * { 12'000000000000 \c_d2 [335:328] } (20x20 bits, unsigned)
  add { 10'0000000000 \tapd [6879:6870] } * { 12'000000000000 \c_d2 [343:336] } (20x20 bits, unsigned)
  add { 10'0000000000 \tapd [7039:7030] } * { 12'000000000000 \c_d2 [351:344] } (20x20 bits, unsigned)
  add { 10'0000000000 \tapd [7199:7190] } * { 12'000000000000 \c_d2 [359:352] } (20x20 bits, unsigned)
  add { 10'0000000000 \tapd [7359:7350] } * { 12'000000000000 \c_d2 [367:360] } (20x20 bits, unsigned)
  add { 10'0000000000 \tapd [7519:7510] } * { 12'000000000000 \c_d2 [375:368] } (20x20 bits, unsigned)
  add { 10'0000000000 \tapd [7679:7670] } * { 12'000000000000 \c_d2 [383:376] } (20x20 bits, unsigned)
  add { 10'0000000000 \tapd [7839:7830] } * { 12'000000000000 \c_d2 [391:384] } (20x20 bits, unsigned)
  add { 10'0000000000 \tapd [7999:7990] } * { 12'000000000000 \cbp_d2 } (20x20 bits, unsigned)
Using template $paramod\_90_fa\WIDTH=32'00000000000000000000000000010100 for cells of type $fa.
Using extmapper simplemap for cells of type $xor.
Using template $paramod\_90_lcu_brent_kung\WIDTH=32'00000000000000000000000000010100 for cells of type $lcu.
Using extmapper simplemap for cells of type $pos.
Using template $paramod\_90_fa\WIDTH=32'00000000000000000000000000100000 for cells of type $fa.
Using template $paramod\_90_lcu_brent_kung\WIDTH=32'00000000000000000000000000100000 for cells of type $lcu.
Using template $paramod\_90_fa\WIDTH=32'00000000000000000000000000001110 for cells of type $fa.
Using template $paramod\_90_lcu_brent_kung\WIDTH=32'00000000000000000000000000001110 for cells of type $lcu.
Using template $paramod\_90_fa\WIDTH=32'00000000000000000000000000000010 for cells of type $fa.
Using template $paramod\_90_lcu_brent_kung\WIDTH=32'00000000000000000000000000000010 for cells of type $lcu.
Using template $paramod\_90_fa\WIDTH=32'00000000000000000000000000000111 for cells of type $fa.
Using template $paramod\_90_lcu_brent_kung\WIDTH=32'00000000000000000000000000000111 for cells of type $lcu.
Using template $paramod\_90_fa\WIDTH=32'00000000000000000000000000000110 for cells of type $fa.
Using template $paramod\_90_lcu_brent_kung\WIDTH=32'00000000000000000000000000000110 for cells of type $lcu.
Using template $paramod\_90_fa\WIDTH=32'00000000000000000000000000001100 for cells of type $fa.
Using template $paramod\_90_lcu_brent_kung\WIDTH=32'00000000000000000000000000001100 for cells of type $lcu.
Using template $paramod\_90_fa\WIDTH=32'00000000000000000000000000000011 for cells of type $fa.
Using template $paramod\_90_lcu_brent_kung\WIDTH=32'00000000000000000000000000000011 for cells of type $lcu.
Using template $paramod\_90_fa\WIDTH=32'00000000000000000000000000001001 for cells of type $fa.
Using template $paramod\_90_lcu_brent_kung\WIDTH=32'00000000000000000000000000001001 for cells of type $lcu.
Using template $paramod\_90_fa\WIDTH=32'00000000000000000000000000000100 for cells of type $fa.
Using template $paramod\_90_lcu_brent_kung\WIDTH=32'00000000000000000000000000000100 for cells of type $lcu.
Using template $paramod\_90_fa\WIDTH=32'00000000000000000000000000000101 for cells of type $fa.
Using template $paramod\_90_lcu_brent_kung\WIDTH=32'00000000000000000000000000000101 for cells of type $lcu.
Using template $paramod\_90_fa\WIDTH=32'00000000000000000000000000001101 for cells of type $fa.
Using template $paramod\_90_lcu_brent_kung\WIDTH=32'00000000000000000000000000001101 for cells of type $lcu.
Using template $paramod\_90_fa\WIDTH=32'00000000000000000000000000001011 for cells of type $fa.
Using template $paramod\_90_lcu_brent_kung\WIDTH=32'00000000000000000000000000001011 for cells of type $lcu.
Using template $paramod\_90_fa\WIDTH=32'00000000000000000000000000001010 for cells of type $fa.
Using template $paramod\_90_lcu_brent_kung\WIDTH=32'00000000000000000000000000001010 for cells of type $lcu.
Using template $paramod\_90_fa\WIDTH=32'00000000000000000000000000001000 for cells of type $fa.
Using template $paramod\_90_lcu_brent_kung\WIDTH=32'00000000000000000000000000001000 for cells of type $lcu.
Using template $paramod\_90_fa\WIDTH=32'00000000000000000000000000011101 for cells of type $fa.
Using template $paramod\_90_lcu_brent_kung\WIDTH=32'00000000000000000000000000011101 for cells of type $lcu.
Using template $paramod\_90_fa\WIDTH=32'00000000000000000000000000011111 for cells of type $fa.
Using template $paramod\_90_lcu_brent_kung\WIDTH=32'00000000000000000000000000011111 for cells of type $lcu.
Using template $paramod\_90_fa\WIDTH=32'00000000000000000000000000011110 for cells of type $fa.
Using template $paramod\_90_lcu_brent_kung\WIDTH=32'00000000000000000000000000011110 for cells of type $lcu.
Using template $paramod\_90_fa\WIDTH=32'00000000000000000000000000011100 for cells of type $fa.
Using template $paramod\_90_lcu_brent_kung\WIDTH=32'00000000000000000000000000011100 for cells of type $lcu.
No more expansions possible.
<suppressed ~284798 debug messages>

13. Executing OPT pass (performing simple optimizations).

13.1. Executing OPT_EXPR pass (perform const folding).
Optimizing module IMG_FILTER.
<suppressed ~1716020 debug messages>

13.2. Executing OPT_MERGE pass (detect identical cells).
Finding identical cells in module `\IMG_FILTER'.
Computing hashes of 706850 cells of `\IMG_FILTER'.
Finding duplicate cells in `\IMG_FILTER'.
Computing hashes of 702878 cells of `\IMG_FILTER'.
Finding duplicate cells in `\IMG_FILTER'.
Computing hashes of 702094 cells of `\IMG_FILTER'.
Finding duplicate cells in `\IMG_FILTER'.
Computing hashes of 701735 cells of `\IMG_FILTER'.
Finding duplicate cells in `\IMG_FILTER'.
Computing hashes of 701601 cells of `\IMG_FILTER'.
Finding duplicate cells in `\IMG_FILTER'.
Computing hashes of 701534 cells of `\IMG_FILTER'.
Finding duplicate cells in `\IMG_FILTER'.
Computing hashes of 701498 cells of `\IMG_FILTER'.
Finding duplicate cells in `\IMG_FILTER'.
Computing hashes of 701489 cells of `\IMG_FILTER'.
Finding duplicate cells in `\IMG_FILTER'.
Computing hashes of 701483 cells of `\IMG_FILTER'.
Finding duplicate cells in `\IMG_FILTER'.
Computing hashes of 701479 cells of `\IMG_FILTER'.
Finding duplicate cells in `\IMG_FILTER'.
Computing hashes of 701473 cells of `\IMG_FILTER'.
Finding duplicate cells in `\IMG_FILTER'.
Computing hashes of 701470 cells of `\IMG_FILTER'.
Finding duplicate cells in `\IMG_FILTER'.
Computing hashes of 701468 cells of `\IMG_FILTER'.
Finding duplicate cells in `\IMG_FILTER'.
<suppressed ~16146 debug messages>
Removed a total of 5382 cells.

13.3. Executing OPT_DFF pass (perform DFF optimizations).

13.4. Executing OPT_CLEAN pass (remove unused cells and wires).
Finding unused cells or wires in module \IMG_FILTER..
Removed 115855 unused cells and 313300 unused wires.
<suppressed ~115856 debug messages>

13.5. Finished fast OPT passes.

14. Executing ABC pass (technology mapping using ABC).

14.1. Extracting gate netlist of module `\IMG_FILTER' to `<abc-temp-dir>/input.blif'..
Replacing 5592 occurrences of constant undef bits with constant zero bits

14.1.1. Executed ABC.
Extracted 563115 gates and 583583 wires to a netlist network with 20465 inputs and 19986 outputs.
Running ABC script: <abc-temp-dir>/abc.script
ABC: UC Berkeley, ABC 1.01 (compiled Aug 24 2026 10:50:55)
ABC: abc 01> empty
ABC: abc 01> source <abc-temp-dir>/abc.script
ABC: + read_blif <abc-temp-dir>/input.blif 
ABC: + read_library <abc-temp-dir>/stdcells.genlib 
ABC: + strash 
ABC: + &get -n 
ABC: + &fraig -x 
ABC: + &put 
ABC: + scorr 
ABC: Warning: The network is combinational (run "fraig" or "fraig_sweep").
ABC: + dc2 
ABC: + dretime 
ABC: + strash 
ABC: + &get -n 
ABC: + &dch -f 
ABC: + &nf 
ABC: + &put 
ABC: + write_blif <abc-temp-dir>/output.blif 
ABC: 
ABC: YOSYS_ABC_DONE 

14.1.2. Re-integrating ABC results.
ABC RESULTS:               AND cells:   113378
ABC RESULTS:              AOI3 cells:    22920
ABC RESULTS:              AOI4 cells:     5105
ABC RESULTS:               MUX cells:     6868
ABC RESULTS:              NAND cells:    87288
ABC RESULTS:               NOR cells:    16986
ABC RESULTS:               NOT cells:     7507
ABC RESULTS:              OAI3 cells:    19833
ABC RESULTS:              OAI4 cells:      252
ABC RESULTS:                OR cells:     9399
ABC RESULTS:              XNOR cells:    54892
ABC RESULTS:               XOR cells:   103106
ABC RESULTS:              ZERO cells:      552
ABC RESULTS:        internal signals:   543132
ABC RESULTS:           input signals:    20465
ABC RESULTS:          output signals:    19986
Removing temp directory.
Removing global temp directory.

15. Executing OPT_CLEAN pass (remove unused cells and wires).
Finding unused cells or wires in module \IMG_FILTER..
Removed 0 unused cells and 163710 unused wires.
<suppressed ~207 debug messages>

16. Printing statistics.

=== IMG_FILTER ===

        +----------Local Count, excluding submodules.
        | 
   429907 wires
   489466 wire bits
     1126 public wires
    60237 public wire bits
       18 ports
    16873 port bits
   470032 cells
   113378   $_AND_
    22920   $_AOI3_
     5105   $_AOI4_
     1198   $_DFFE_PN0P_
        2   $_DFFE_PN1P_
    19729   $_DFFE_PP_
        7   $_DFF_PN0_
     1490   $_DFF_P_
     6868   $_MUX_
    87288   $_NAND_
    16986   $_NOR_
     7507   $_NOT_
    19833   $_OAI3_
      252   $_OAI4_
     9399   $_OR_
       40   $_SDFF_PN0_
       32   $_SDFF_PP0_
    54892   $_XNOR_
   103106   $_XOR_

Warnings: 3 unique messages, 3 total
End of script. Logfile hash: b819b89b97, time: 158.75s, user: 118.16s, system: 5.14s, MEM: 3998.15 MB peak
Yosys 0.68+ (git sha1 a5af9d690, Release, GNU /usr/bin/c++ 11.4.0) [github.com/The-OpenROAD-Project/yosys at HEAD]
Time spent: 38% 1x abc (67 sec), 25% 56x opt_expr (44 sec), ...
